                                                                        S      1
1H,,1H;,,                                                               G      1
87HC:\Users\Tufail Mabood\Desktop\ASTM C38 Cylinders\Spaghetti Fibers\SpG      2
aghetti Fibers.igs,                                                     G      3
26HRhinoceros ( Apr 10 2025 ),31HTrout Lake IGES 012 Apr 10 2025,       G      4
32,38,6,308,15,                                                         G      5
,                                                                       G      6
1.0D0,2,2HMM,1,0.254D0,13H260212.111142,                                G      7
0.01D0,                                                                 G      8
298.554515942276D0,                                                     G      9
,                                                                       G     10
,                                                                       G     11
10,0,13H260212.111142;                                                  G     12
     314       1       0       0       0       0       0       000000200D      1
     314       0       1       1       0       0       0   COLOR       0D      2
     314       2       0       0       0       0       0       000000200D      3
     314       0       2       1       0       0       0   COLOR       0D      4
     314       3       0       0       0       0       0       000000200D      5
     314       0       4       1       0       0       0   COLOR       0D      6
     314       4       0       0       0       0       0       000000200D      7
     314       0       4       1       0       0       0   COLOR       0D      8
     314       5       0       0       0       0       0       000000200D      9
     314       0       1       1       0       0       0   COLOR       0D     10
     314       6       0       0       0       0       0       000000200D     11
     314       0       8       1       0       0       0   COLOR       0D     12
     406       7       0       0       1       0       0       000000300D     13
     406       0      -1       1       3       0       0LEVELDEF       0D     14
     406       8       0       0       2       0       0       000000300D     15
     406       0      -3       1       3       0       0LEVELDEF       0D     16
     406       9       0       0       3       0       0       000000300D     17
     406       0      -5       1       3       0       0LEVELDEF       0D     18
     406      10       0       0       4       0       0       000000300D     19
     406       0      -7       1       3       0       0LEVELDEF       0D     20
     406      11       0       0       5       0       0       000000300D     21
     406       0      -9       1       3       0       0LEVELDEF       0D     22
     406      12       0       0       6       0       0       000000300D     23
     406       0     -11       1       3       0       0LEVELDEF       0D     24
     126      13       0       0       1       0       0       000000000D     25
     126       0      -1      20       0       0       03d BsCrv       0D     26
     126      33       0       0       1       0       0       000000000D     27
     126       0      -1      20       0       0       03d BsCrv       0D     28
     126      53       0       0       1       0       0       000000000D     29
     126       0      -1      20       0       0       03d BsCrv       0D     30
     126      73       0       0       1       0       0       000000000D     31
     126       0      -1      20       0       0       03d BsCrv       0D     32
     126      93       0       0       1       0       0       000000000D     33
     126       0      -1      20       0       0       03d BsCrv       0D     34
     126     113       0       0       1       0       0       000000000D     35
     126       0      -1      20       0       0       03d BsCrv       0D     36
     126     133       0       0       1       0       0       000000000D     37
     126       0      -1      20       0       0       03d BsCrv       0D     38
     126     153       0       0       1       0       0       000000000D     39
     126       0      -1      20       0       0       03d BsCrv       0D     40
     126     173       0       0       1       0       0       000000000D     41
     126       0      -1      20       0       0       03d BsCrv       0D     42
     126     193       0       0       1       0       0       000000000D     43
     126       0      -1      20       0       0       03d BsCrv       0D     44
     126     213       0       0       1       0       0       000000000D     45
     126       0      -1      20       0       0       03d BsCrv       0D     46
     126     233       0       0       1       0       0       000000000D     47
     126       0      -1      20       0       0       03d BsCrv       0D     48
     126     253       0       0       1       0       0       000000000D     49
     126       0      -1      20       0       0       03d BsCrv       0D     50
     126     273       0       0       1       0       0       000000000D     51
     126       0      -1      20       0       0       03d BsCrv       0D     52
     126     293       0       0       1       0       0       000000000D     53
     126       0      -1      20       0       0       03d BsCrv       0D     54
     126     313       0       0       1       0       0       000000000D     55
     126       0      -1      20       0       0       03d BsCrv       0D     56
     126     333       0       0       1       0       0       000000000D     57
     126       0      -1      20       0       0       03d BsCrv       0D     58
     126     353       0       0       1       0       0       000000000D     59
     126       0      -1      20       0       0       03d BsCrv       0D     60
     126     373       0       0       1       0       0       000000000D     61
     126       0      -1      20       0       0       03d BsCrv       0D     62
     126     393       0       0       1       0       0       000000000D     63
     126       0      -1      20       0       0       03d BsCrv       0D     64
     126     413       0       0       1       0       0       000000000D     65
     126       0      -1      20       0       0       03d BsCrv       0D     66
     126     433       0       0       1       0       0       000000000D     67
     126       0      -1      20       0       0       03d BsCrv       0D     68
     126     453       0       0       1       0       0       000000000D     69
     126       0      -1      20       0       0       03d BsCrv       0D     70
     126     473       0       0       1       0       0       000000000D     71
     126       0      -1      20       0       0       03d BsCrv       0D     72
     126     493       0       0       1       0       0       000000000D     73
     126       0      -1      20       0       0       03d BsCrv       0D     74
     126     513       0       0       1       0       0       000000000D     75
     126       0      -1      20       0       0       03d BsCrv       0D     76
     126     533       0       0       1       0       0       000000000D     77
     126       0      -1      20       0       0       03d BsCrv       0D     78
     126     553       0       0       1       0       0       000000000D     79
     126       0      -1      20       0       0       03d BsCrv       0D     80
     126     573       0       0       1       0       0       000000000D     81
     126       0      -1      20       0       0       03d BsCrv       0D     82
     126     593       0       0       1       0       0       000000000D     83
     126       0      -1      20       0       0       03d BsCrv       0D     84
     126     613       0       0       1       0       0       000000000D     85
     126       0      -1      20       0       0       03d BsCrv       0D     86
     126     633       0       0       1       0       0       000000000D     87
     126       0      -1      20       0       0       03d BsCrv       0D     88
     126     653       0       0       1       0       0       000000000D     89
     126       0      -1      20       0       0       03d BsCrv       0D     90
     126     673       0       0       1       0       0       000000000D     91
     126       0      -1      20       0       0       03d BsCrv       0D     92
     126     693       0       0       1       0       0       000000000D     93
     126       0      -1      20       0       0       03d BsCrv       0D     94
     126     713       0       0       1       0       0       000000000D     95
     126       0      -1      20       0       0       03d BsCrv       0D     96
     126     733       0       0       1       0       0       000000000D     97
     126       0      -1      20       0       0       03d BsCrv       0D     98
     126     753       0       0       1       0       0       000000000D     99
     126       0      -1      20       0       0       03d BsCrv       0D    100
     126     773       0       0       1       0       0       000000000D    101
     126       0      -1      20       0       0       03d BsCrv       0D    102
     126     793       0       0       1       0       0       000000000D    103
     126       0      -1      20       0       0       03d BsCrv       0D    104
     126     813       0       0       1       0       0       000000000D    105
     126       0      -1      20       0       0       03d BsCrv       0D    106
     126     833       0       0       1       0       0       000000000D    107
     126       0      -1      20       0       0       03d BsCrv       0D    108
     126     853       0       0       1       0       0       000000000D    109
     126       0      -1      20       0       0       03d BsCrv       0D    110
     126     873       0       0       1       0       0       000000000D    111
     126       0      -1      20       0       0       03d BsCrv       0D    112
     126     893       0       0       1       0       0       000000000D    113
     126       0      -1      20       0       0       03d BsCrv       0D    114
     126     913       0       0       1       0       0       000000000D    115
     126       0      -1      20       0       0       03d BsCrv       0D    116
     126     933       0       0       1       0       0       000000000D    117
     126       0      -1      20       0       0       03d BsCrv       0D    118
     126     953       0       0       1       0       0       000000000D    119
     126       0      -1      20       0       0       03d BsCrv       0D    120
     126     973       0       0       1       0       0       000000000D    121
     126       0      -1      20       0       0       03d BsCrv       0D    122
     126     993       0       0       1       0       0       000000000D    123
     126       0      -1      20       0       0       03d BsCrv       0D    124
     126    1013       0       0       1       0       0       000000000D    125
     126       0      -1      20       0       0       03d BsCrv       0D    126
     126    1033       0       0       1       0       0       000000000D    127
     126       0      -1      20       0       0       03d BsCrv       0D    128
     126    1053       0       0       1       0       0       000000000D    129
     126       0      -1      20       0       0       03d BsCrv       0D    130
     126    1073       0       0       1       0       0       000000000D    131
     126       0      -1      20       0       0       03d BsCrv       0D    132
     126    1093       0       0       1       0       0       000000000D    133
     126       0      -1      20       0       0       03d BsCrv       0D    134
     126    1113       0       0       1       0       0       000000000D    135
     126       0      -1      20       0       0       03d BsCrv       0D    136
     126    1133       0       0       1       0       0       000000000D    137
     126       0      -1      20       0       0       03d BsCrv       0D    138
     126    1153       0       0       1       0       0       000000000D    139
     126       0      -1      20       0       0       03d BsCrv       0D    140
     126    1173       0       0       1       0       0       000000000D    141
     126       0      -1      20       0       0       03d BsCrv       0D    142
     126    1193       0       0       1       0       0       000000000D    143
     126       0      -1      20       0       0       03d BsCrv       0D    144
     126    1213       0       0       1       0       0       000000000D    145
     126       0      -1      20       0       0       03d BsCrv       0D    146
     126    1233       0       0       1       0       0       000000000D    147
     126       0      -1      20       0       0       03d BsCrv       0D    148
     126    1253       0       0       1       0       0       000000000D    149
     126       0      -1      20       0       0       03d BsCrv       0D    150
     126    1273       0       0       1       0       0       000000000D    151
     126       0      -1      20       0       0       03d BsCrv       0D    152
     126    1293       0       0       1       0       0       000000000D    153
     126       0      -1      20       0       0       03d BsCrv       0D    154
     126    1313       0       0       1       0       0       000000000D    155
     126       0      -1      20       0       0       03d BsCrv       0D    156
     126    1333       0       0       1       0       0       000000000D    157
     126       0      -1      20       0       0       03d BsCrv       0D    158
     126    1353       0       0       1       0       0       000000000D    159
     126       0      -1      20       0       0       03d BsCrv       0D    160
     126    1373       0       0       1       0       0       000000000D    161
     126       0      -1      20       0       0       03d BsCrv       0D    162
     126    1393       0       0       1       0       0       000000000D    163
     126       0      -1      20       0       0       03d BsCrv       0D    164
     126    1413       0       0       1       0       0       000000000D    165
     126       0      -1      20       0       0       03d BsCrv       0D    166
     126    1433       0       0       1       0       0       000000000D    167
     126       0      -1      20       0       0       03d BsCrv       0D    168
     126    1453       0       0       1       0       0       000000000D    169
     126       0      -1      20       0       0       03d BsCrv       0D    170
     126    1473       0       0       1       0       0       000000000D    171
     126       0      -1      20       0       0       03d BsCrv       0D    172
     126    1493       0       0       1       0       0       000000000D    173
     126       0      -1      20       0       0       03d BsCrv       0D    174
     126    1513       0       0       1       0       0       000000000D    175
     126       0      -1      20       0       0       03d BsCrv       0D    176
     126    1533       0       0       1       0       0       000000000D    177
     126       0      -1      20       0       0       03d BsCrv       0D    178
     126    1553       0       0       1       0       0       000000000D    179
     126       0      -1      20       0       0       03d BsCrv       0D    180
     126    1573       0       0       1       0       0       000000000D    181
     126       0      -1      20       0       0       03d BsCrv       0D    182
     126    1593       0       0       1       0       0       000000000D    183
     126       0      -1      20       0       0       03d BsCrv       0D    184
     126    1613       0       0       1       0       0       000000000D    185
     126       0      -1      20       0       0       03d BsCrv       0D    186
     126    1633       0       0       1       0       0       000000000D    187
     126       0      -1      20       0       0       03d BsCrv       0D    188
     126    1653       0       0       1       0       0       000000000D    189
     126       0      -1      20       0       0       03d BsCrv       0D    190
     126    1673       0       0       1       0       0       000000000D    191
     126       0      -1      20       0       0       03d BsCrv       0D    192
     126    1693       0       0       1       0       0       000000000D    193
     126       0      -1      20       0       0       03d BsCrv       0D    194
     126    1713       0       0       1       0       0       000000000D    195
     126       0      -1      20       0       0       03d BsCrv       0D    196
     126    1733       0       0       1       0       0       000000000D    197
     126       0      -1      20       0       0       03d BsCrv       0D    198
     126    1753       0       0       1       0       0       000000000D    199
     126       0      -1      20       0       0       03d BsCrv       0D    200
     126    1773       0       0       1       0       0       000000000D    201
     126       0      -1      20       0       0       03d BsCrv       0D    202
     126    1793       0       0       1       0       0       000000000D    203
     126       0      -1      20       0       0       03d BsCrv       0D    204
     126    1813       0       0       1       0       0       000000000D    205
     126       0      -1      20       0       0       03d BsCrv       0D    206
     126    1833       0       0       1       0       0       000000000D    207
     126       0      -1      20       0       0       03d BsCrv       0D    208
     126    1853       0       0       1       0       0       000000000D    209
     126       0      -1      20       0       0       03d BsCrv       0D    210
     126    1873       0       0       1       0       0       000000000D    211
     126       0      -1      20       0       0       03d BsCrv       0D    212
     126    1893       0       0       1       0       0       000000000D    213
     126       0      -1      20       0       0       03d BsCrv       0D    214
     126    1913       0       0       1       0       0       000000000D    215
     126       0      -1      20       0       0       03d BsCrv       0D    216
     126    1933       0       0       1       0       0       000000000D    217
     126       0      -1      20       0       0       03d BsCrv       0D    218
     126    1953       0       0       1       0       0       000000000D    219
     126       0      -1      20       0       0       03d BsCrv       0D    220
     126    1973       0       0       1       0       0       000000000D    221
     126       0      -1      20       0       0       03d BsCrv       0D    222
     126    1993       0       0       1       0       0       000000000D    223
     126       0      -1      20       0       0       03d BsCrv       0D    224
     126    2013       0       0       1       0       0       000000000D    225
     126       0      -1      20       0       0       03d BsCrv       0D    226
     126    2033       0       0       1       0       0       000000000D    227
     126       0      -1      20       0       0       03d BsCrv       0D    228
     126    2053       0       0       1       0       0       000000000D    229
     126       0      -1      20       0       0       03d BsCrv       0D    230
     126    2073       0       0       1       0       0       000000000D    231
     126       0      -1      20       0       0       03d BsCrv       0D    232
     126    2093       0       0       1       0       0       000000000D    233
     126       0      -1      20       0       0       03d BsCrv       0D    234
     126    2113       0       0       1       0       0       000000000D    235
     126       0      -1      20       0       0       03d BsCrv       0D    236
     126    2133       0       0       1       0       0       000000000D    237
     126       0      -1      20       0       0       03d BsCrv       0D    238
     126    2153       0       0       1       0       0       000000000D    239
     126       0      -1      20       0       0       03d BsCrv       0D    240
     126    2173       0       0       1       0       0       000000000D    241
     126       0      -1      20       0       0       03d BsCrv       0D    242
     126    2193       0       0       1       0       0       000000000D    243
     126       0      -1      20       0       0       03d BsCrv       0D    244
     126    2213       0       0       1       0       0       000000000D    245
     126       0      -1      20       0       0       03d BsCrv       0D    246
     126    2233       0       0       1       0       0       000000000D    247
     126       0      -1      20       0       0       03d BsCrv       0D    248
     126    2253       0       0       1       0       0       000000000D    249
     126       0      -1      20       0       0       03d BsCrv       0D    250
     126    2273       0       0       1       0       0       000000000D    251
     126       0      -1      20       0       0       03d BsCrv       0D    252
     126    2293       0       0       1       0       0       000000000D    253
     126       0      -1      20       0       0       03d BsCrv       0D    254
     126    2313       0       0       1       0       0       000000000D    255
     126       0      -1      20       0       0       03d BsCrv       0D    256
     126    2333       0       0       1       0       0       000000000D    257
     126       0      -1      20       0       0       03d BsCrv       0D    258
     126    2353       0       0       1       0       0       000000000D    259
     126       0      -1      20       0       0       03d BsCrv       0D    260
     126    2373       0       0       1       0       0       000000000D    261
     126       0      -1      20       0       0       03d BsCrv       0D    262
     126    2393       0       0       1       0       0       000000000D    263
     126       0      -1      20       0       0       03d BsCrv       0D    264
     126    2413       0       0       1       0       0       000000000D    265
     126       0      -1      20       0       0       03d BsCrv       0D    266
     126    2433       0       0       1       0       0       000000000D    267
     126       0      -1      20       0       0       03d BsCrv       0D    268
     126    2453       0       0       1       0       0       000000000D    269
     126       0      -1      20       0       0       03d BsCrv       0D    270
     126    2473       0       0       1       0       0       000000000D    271
     126       0      -1      20       0       0       03d BsCrv       0D    272
     126    2493       0       0       1       0       0       000000000D    273
     126       0      -1      20       0       0       03d BsCrv       0D    274
     126    2513       0       0       1       0       0       000000000D    275
     126       0      -1      20       0       0       03d BsCrv       0D    276
     126    2533       0       0       1       0       0       000000000D    277
     126       0      -1      20       0       0       03d BsCrv       0D    278
     126    2553       0       0       1       0       0       000000000D    279
     126       0      -1      20       0       0       03d BsCrv       0D    280
     126    2573       0       0       1       0       0       000000000D    281
     126       0      -1      20       0       0       03d BsCrv       0D    282
     126    2593       0       0       1       0       0       000000000D    283
     126       0      -1      20       0       0       03d BsCrv       0D    284
     126    2613       0       0       1       0       0       000000000D    285
     126       0      -1      20       0       0       03d BsCrv       0D    286
     126    2633       0       0       1       0       0       000000000D    287
     126       0      -1      20       0       0       03d BsCrv       0D    288
     126    2653       0       0       1       0       0       000000000D    289
     126       0      -1      20       0       0       03d BsCrv       0D    290
     126    2673       0       0       1       0       0       000000000D    291
     126       0      -1      20       0       0       03d BsCrv       0D    292
     126    2693       0       0       1       0       0       000000000D    293
     126       0      -1      20       0       0       03d BsCrv       0D    294
     126    2713       0       0       1       0       0       000000000D    295
     126       0      -1      20       0       0       03d BsCrv       0D    296
     126    2733       0       0       1       0       0       000000000D    297
     126       0      -1      20       0       0       03d BsCrv       0D    298
     126    2753       0       0       1       0       0       000000000D    299
     126       0      -1      20       0       0       03d BsCrv       0D    300
     126    2773       0       0       1       0       0       000000000D    301
     126       0      -1      20       0       0       03d BsCrv       0D    302
     126    2793       0       0       1       0       0       000000000D    303
     126       0      -1      20       0       0       03d BsCrv       0D    304
     126    2813       0       0       1       0       0       000000000D    305
     126       0      -1      20       0       0       03d BsCrv       0D    306
     126    2833       0       0       1       0       0       000000000D    307
     126       0      -1      20       0       0       03d BsCrv       0D    308
     126    2853       0       0       1       0       0       000000000D    309
     126       0      -1      20       0       0       03d BsCrv       0D    310
     126    2873       0       0       1       0       0       000000000D    311
     126       0      -1      20       0       0       03d BsCrv       0D    312
     126    2893       0       0       1       0       0       000000000D    313
     126       0      -1      20       0       0       03d BsCrv       0D    314
     126    2913       0       0       1       0       0       000000000D    315
     126       0      -1      20       0       0       03d BsCrv       0D    316
     126    2933       0       0       1       0       0       000000000D    317
     126       0      -1      20       0       0       03d BsCrv       0D    318
     126    2953       0       0       1       0       0       000000000D    319
     126       0      -1      20       0       0       03d BsCrv       0D    320
     126    2973       0       0       1       0       0       000000000D    321
     126       0      -1      20       0       0       03d BsCrv       0D    322
     126    2993       0       0       1       0       0       000000000D    323
     126       0      -1      20       0       0       03d BsCrv       0D    324
     126    3013       0       0       1       0       0       000000000D    325
     126       0      -1      20       0       0       03d BsCrv       0D    326
     126    3033       0       0       1       0       0       000000000D    327
     126       0      -1      20       0       0       03d BsCrv       0D    328
     126    3053       0       0       1       0       0       000000000D    329
     126       0      -1      20       0       0       03d BsCrv       0D    330
     126    3073       0       0       1       0       0       000000000D    331
     126       0      -1      20       0       0       03d BsCrv       0D    332
     126    3093       0       0       1       0       0       000000000D    333
     126       0      -1      20       0       0       03d BsCrv       0D    334
     126    3113       0       0       1       0       0       000000000D    335
     126       0      -1      20       0       0       03d BsCrv       0D    336
     126    3133       0       0       1       0       0       000000000D    337
     126       0      -1      20       0       0       03d BsCrv       0D    338
     126    3153       0       0       1       0       0       000000000D    339
     126       0      -1      20       0       0       03d BsCrv       0D    340
     126    3173       0       0       1       0       0       000000000D    341
     126       0      -1      20       0       0       03d BsCrv       0D    342
     126    3193       0       0       1       0       0       000000000D    343
     126       0      -1      20       0       0       03d BsCrv       0D    344
     126    3213       0       0       1       0       0       000000000D    345
     126       0      -1      20       0       0       03d BsCrv       0D    346
     126    3233       0       0       1       0       0       000000000D    347
     126       0      -1      20       0       0       03d BsCrv       0D    348
     126    3253       0       0       1       0       0       000000000D    349
     126       0      -1      20       0       0       03d BsCrv       0D    350
     126    3273       0       0       1       0       0       000000000D    351
     126       0      -1      20       0       0       03d BsCrv       0D    352
     126    3293       0       0       1       0       0       000000000D    353
     126       0      -1      20       0       0       03d BsCrv       0D    354
     126    3313       0       0       1       0       0       000000000D    355
     126       0      -1      20       0       0       03d BsCrv       0D    356
     126    3333       0       0       1       0       0       000000000D    357
     126       0      -1      20       0       0       03d BsCrv       0D    358
     126    3353       0       0       1       0       0       000000000D    359
     126       0      -1      20       0       0       03d BsCrv       0D    360
     126    3373       0       0       1       0       0       000000000D    361
     126       0      -1      20       0       0       03d BsCrv       0D    362
     126    3393       0       0       1       0       0       000000000D    363
     126       0      -1      20       0       0       03d BsCrv       0D    364
     126    3413       0       0       1       0       0       000000000D    365
     126       0      -1      20       0       0       03d BsCrv       0D    366
     126    3433       0       0       1       0       0       000000000D    367
     126       0      -1      20       0       0       03d BsCrv       0D    368
     126    3453       0       0       1       0       0       000000000D    369
     126       0      -1      20       0       0       03d BsCrv       0D    370
     126    3473       0       0       1       0       0       000000000D    371
     126       0      -1      20       0       0       03d BsCrv       0D    372
     126    3493       0       0       1       0       0       000000000D    373
     126       0      -1      20       0       0       03d BsCrv       0D    374
     126    3513       0       0       1       0       0       000000000D    375
     126       0      -1      20       0       0       03d BsCrv       0D    376
     126    3533       0       0       1       0       0       000000000D    377
     126       0      -1      20       0       0       03d BsCrv       0D    378
     126    3553       0       0       1       0       0       000000000D    379
     126       0      -1      20       0       0       03d BsCrv       0D    380
     126    3573       0       0       1       0       0       000000000D    381
     126       0      -1      20       0       0       03d BsCrv       0D    382
     126    3593       0       0       1       0       0       000000000D    383
     126       0      -1      20       0       0       03d BsCrv       0D    384
     126    3613       0       0       1       0       0       000000000D    385
     126       0      -1      20       0       0       03d BsCrv       0D    386
     126    3633       0       0       1       0       0       000000000D    387
     126       0      -1      20       0       0       03d BsCrv       0D    388
     126    3653       0       0       1       0       0       000000000D    389
     126       0      -1      20       0       0       03d BsCrv       0D    390
     126    3673       0       0       1       0       0       000000000D    391
     126       0      -1      20       0       0       03d BsCrv       0D    392
     126    3693       0       0       1       0       0       000000000D    393
     126       0      -1      20       0       0       03d BsCrv       0D    394
     126    3713       0       0       1       0       0       000000000D    395
     126       0      -1      20       0       0       03d BsCrv       0D    396
     126    3733       0       0       1       0       0       000000000D    397
     126       0      -1      20       0       0       03d BsCrv       0D    398
     126    3753       0       0       1       0       0       000000000D    399
     126       0      -1      20       0       0       03d BsCrv       0D    400
     126    3773       0       0       1       0       0       000000000D    401
     126       0      -1      20       0       0       03d BsCrv       0D    402
     126    3793       0       0       1       0       0       000000000D    403
     126       0      -1      20       0       0       03d BsCrv       0D    404
     126    3813       0       0       1       0       0       000000000D    405
     126       0      -1      20       0       0       03d BsCrv       0D    406
     126    3833       0       0       1       0       0       000000000D    407
     126       0      -1      20       0       0       03d BsCrv       0D    408
     126    3853       0       0       1       0       0       000000000D    409
     126       0      -1      20       0       0       03d BsCrv       0D    410
     126    3873       0       0       1       0       0       000000000D    411
     126       0      -1      20       0       0       03d BsCrv       0D    412
     126    3893       0       0       1       0       0       000000000D    413
     126       0      -1      20       0       0       03d BsCrv       0D    414
     126    3913       0       0       1       0       0       000000000D    415
     126       0      -1      20       0       0       03d BsCrv       0D    416
     126    3933       0       0       1       0       0       000000000D    417
     126       0      -1      20       0       0       03d BsCrv       0D    418
     126    3953       0       0       1       0       0       000000000D    419
     126       0      -1      20       0       0       03d BsCrv       0D    420
     126    3973       0       0       1       0       0       000000000D    421
     126       0      -1      20       0       0       03d BsCrv       0D    422
     126    3993       0       0       1       0       0       000000000D    423
     126       0      -1      20       0       0       03d BsCrv       0D    424
     126    4013       0       0       1       0       0       000000000D    425
     126       0      -1      20       0       0       03d BsCrv       0D    426
     126    4033       0       0       1       0       0       000000000D    427
     126       0      -1      20       0       0       03d BsCrv       0D    428
     126    4053       0       0       1       0       0       000000000D    429
     126       0      -1      20       0       0       03d BsCrv       0D    430
     126    4073       0       0       1       0       0       000000000D    431
     126       0      -1      20       0       0       03d BsCrv       0D    432
     126    4093       0       0       1       0       0       000000000D    433
     126       0      -1      20       0       0       03d BsCrv       0D    434
     126    4113       0       0       1       0       0       000000000D    435
     126       0      -1      20       0       0       03d BsCrv       0D    436
     126    4133       0       0       1       0       0       000000000D    437
     126       0      -1      20       0       0       03d BsCrv       0D    438
     126    4153       0       0       1       0       0       000000000D    439
     126       0      -1      20       0       0       03d BsCrv       0D    440
     126    4173       0       0       1       0       0       000000000D    441
     126       0      -1      20       0       0       03d BsCrv       0D    442
     126    4193       0       0       1       0       0       000000000D    443
     126       0      -1      20       0       0       03d BsCrv       0D    444
     126    4213       0       0       1       0       0       000000000D    445
     126       0      -1      20       0       0       03d BsCrv       0D    446
     126    4233       0       0       1       0       0       000000000D    447
     126       0      -1      20       0       0       03d BsCrv       0D    448
     126    4253       0       0       1       0       0       000000000D    449
     126       0      -1      20       0       0       03d BsCrv       0D    450
     126    4273       0       0       1       0       0       000000000D    451
     126       0      -1      20       0       0       03d BsCrv       0D    452
     126    4293       0       0       1       0       0       000000000D    453
     126       0      -1      20       0       0       03d BsCrv       0D    454
     126    4313       0       0       1       0       0       000000000D    455
     126       0      -1      20       0       0       03d BsCrv       0D    456
     126    4333       0       0       1       0       0       000000000D    457
     126       0      -1      20       0       0       03d BsCrv       0D    458
     126    4353       0       0       1       0       0       000000000D    459
     126       0      -1      20       0       0       03d BsCrv       0D    460
     126    4373       0       0       1       0       0       000000000D    461
     126       0      -1      20       0       0       03d BsCrv       0D    462
     126    4393       0       0       1       0       0       000000000D    463
     126       0      -1      20       0       0       03d BsCrv       0D    464
     126    4413       0       0       1       0       0       000000000D    465
     126       0      -1      20       0       0       03d BsCrv       0D    466
     126    4433       0       0       1       0       0       000000000D    467
     126       0      -1      20       0       0       03d BsCrv       0D    468
     126    4453       0       0       1       0       0       000000000D    469
     126       0      -1      20       0       0       03d BsCrv       0D    470
     126    4473       0       0       1       0       0       000000000D    471
     126       0      -1      20       0       0       03d BsCrv       0D    472
     126    4493       0       0       1       0       0       000000000D    473
     126       0      -1      20       0       0       03d BsCrv       0D    474
     126    4513       0       0       1       0       0       000000000D    475
     126       0      -1      20       0       0       03d BsCrv       0D    476
     126    4533       0       0       1       0       0       000000000D    477
     126       0      -1      20       0       0       03d BsCrv       0D    478
     126    4553       0       0       1       0       0       000000000D    479
     126       0      -1      20       0       0       03d BsCrv       0D    480
     126    4573       0       0       1       0       0       000000000D    481
     126       0      -1      20       0       0       03d BsCrv       0D    482
     126    4593       0       0       1       0       0       000000000D    483
     126       0      -1      20       0       0       03d BsCrv       0D    484
     126    4613       0       0       1       0       0       000000000D    485
     126       0      -1      20       0       0       03d BsCrv       0D    486
     126    4633       0       0       1       0       0       000000000D    487
     126       0      -1      20       0       0       03d BsCrv       0D    488
     126    4653       0       0       1       0       0       000000000D    489
     126       0      -1      20       0       0       03d BsCrv       0D    490
     126    4673       0       0       1       0       0       000000000D    491
     126       0      -1      20       0       0       03d BsCrv       0D    492
     126    4693       0       0       1       0       0       000000000D    493
     126       0      -1      20       0       0       03d BsCrv       0D    494
     126    4713       0       0       1       0       0       000000000D    495
     126       0      -1      20       0       0       03d BsCrv       0D    496
     126    4733       0       0       1       0       0       000000000D    497
     126       0      -1      20       0       0       03d BsCrv       0D    498
     126    4753       0       0       1       0       0       000000000D    499
     126       0      -1      20       0       0       03d BsCrv       0D    500
     126    4773       0       0       1       0       0       000000000D    501
     126       0      -1      20       0       0       03d BsCrv       0D    502
     126    4793       0       0       1       0       0       000000000D    503
     126       0      -1      20       0       0       03d BsCrv       0D    504
     126    4813       0       0       1       0       0       000000000D    505
     126       0      -1      20       0       0       03d BsCrv       0D    506
     126    4833       0       0       1       0       0       000000000D    507
     126       0      -1      20       0       0       03d BsCrv       0D    508
     126    4853       0       0       1       0       0       000000000D    509
     126       0      -1      20       0       0       03d BsCrv       0D    510
     126    4873       0       0       1       0       0       000000000D    511
     126       0      -1      20       0       0       03d BsCrv       0D    512
     126    4893       0       0       1       0       0       000000000D    513
     126       0      -1      20       0       0       03d BsCrv       0D    514
     126    4913       0       0       1       0       0       000000000D    515
     126       0      -1      20       0       0       03d BsCrv       0D    516
     126    4933       0       0       1       0       0       000000000D    517
     126       0      -1      20       0       0       03d BsCrv       0D    518
     126    4953       0       0       1       0       0       000000000D    519
     126       0      -1      20       0       0       03d BsCrv       0D    520
     126    4973       0       0       1       0       0       000000000D    521
     126       0      -1      20       0       0       03d BsCrv       0D    522
     126    4993       0       0       1       0       0       000000000D    523
     126       0      -1      20       0       0       03d BsCrv       0D    524
314,0.0,0.0,0.0,20HRGB(   0,   0,   0 );                         0000001P      1
314,78.43137,0.0,0.0,20HRGB( 200,   0,   0 );                    0000003P      2
314,49.01961,14.90196,80.39216,20HRGB( 125,  38, 205 );          0000005P      3
314,0.0,0.0,100.0,20HRGB(   0,   0, 255 );                       0000007P      4
314,0.0,49.80392,0.0,20HRGB(   0, 127,   0 );                    0000009P      5
314,100.0,100.0,100.0,20HRGB( 255, 255, 255 );                   0000011P      6
406,2,1,7HDefault;                                               0000013P      7
406,2,2,8HLayer 01;                                              0000015P      8
406,2,3,8HLayer 02;                                              0000017P      9
406,2,4,8HLayer 03;                                              0000019P     10
406,2,5,8HLayer 04;                                              0000021P     11
406,2,6,8HLayer 05;                                              0000023P     12
126,12,3,0,0,1,0,0.0D0,0.0D0,0.0D0,0.0D0,10.67298157898501D0,    0000025P     13
16.22641640180833D0,21.80428849921608D0,26.48117313808624D0,     0000025P     14
29.45721996414616D0,32.72468603944753D0,37.95102859071105D0,     0000025P     15
44.25689859943903D0,50.54341141511376D0,56.8044098427681D0,      0000025P     16
56.8044098427681D0,56.8044098427681D0,56.8044098427681D0,1.0D0,  0000025P     17
1.0D0,1.0D0,1.0D0,1.0D0,1.0D0,1.0D0,1.0D0,1.0D0,1.0D0,1.0D0,     0000025P     18
1.0D0,1.0D0,-35.1710595865196D0,-17.38130814490814D0,            0000025P     19
5.250861955107382D0,-31.89389016587162D0,-18.55311671569857D0,   0000025P     20
5.988407670562857D0,-26.61428057407092D0,-19.82175150773449D0,   0000025P     21
8.623592290665563D0,-22.90853897834385D0,-19.05555036734548D0,   0000025P     22
15.0490630700829D0,-21.41861053603208D0,-17.43469008240768D0,    0000025P     23
19.90428053878165D0,-20.44794701195646D0,-15.86004562369062D0,   0000025P     24
23.79207841455988D0,-18.08462714466745D0,-13.40372514694197D0,   0000025P     25
26.38566550356468D0,-14.84487689658472D0,-11.82574387813729D0,   0000025P     26
23.68005780865779D0,-12.2548432930639D0,-10.8372180062024D0,     0000025P     27
19.88417512439342D0,-9.09776013090859D0,-9.142863495767626D0,    0000025P     28
15.03586063949441D0,-5.942530172333219D0,-6.138442111027054D0,   0000025P     29
10.36881730797231D0,-4.116061926492735D0,-2.736857128660741D0,   0000025P     30
8.424739597864754D0,-3.339089818481068D0,-0.9241219094481519D0,  0000025P     31
7.742191298664224D0,0.0D0,56.8044098427681D0,0.0D0,0.0D0,0.0D0;  0000025P     32
126,12,3,0,0,1,0,0.0D0,0.0D0,0.0D0,0.0D0,10.67298157898501D0,    0000027P     33
16.22641640180833D0,21.80428849921608D0,26.48117313808624D0,     0000027P     34
29.45721996414616D0,32.72468603944753D0,37.95102859071105D0,     0000027P     35
44.25689859943903D0,50.54341141511376D0,56.8044098427681D0,      0000027P     36
56.8044098427681D0,56.8044098427681D0,56.8044098427681D0,1.0D0,  0000027P     37
1.0D0,1.0D0,1.0D0,1.0D0,1.0D0,1.0D0,1.0D0,1.0D0,1.0D0,1.0D0,     0000027P     38
1.0D0,1.0D0,16.35192380775776D0,-61.17720160830551D0,            0000027P     39
7.204175976263798D0,13.17256799970702D0,-61.92170974618249D0,    0000027P     40
8.616391504801797D0,8.06277627277052D0,-61.85614380518216D0,     0000027P     41
11.82787702931159D0,4.304771549062707D0,-57.79570134890383D0,    0000027P     42
16.82752374231275D0,3.050573854016985D0,-54.19302183520799D0,    0000027P     43
20.55148667958722D0,2.385038415399638D0,-51.22213052567375D0,    0000027P     44
23.59574891831162D0,1.796419159857294D0,-50.06973008111777D0,    0000027P     45
27.6787607545989D0,1.557047434482989D0,-54.00512997850298D0,     0000027P     46
29.86088091126805D0,1.648707466211022D0,-58.59871057959285D0,    0000027P     47
30.85325106369314D0,2.165848452703926D0,-64.41883428888967D0,    0000027P     48
32.33746461060841D0,3.545089335343665D0,-70.13728444961563D0,    0000027P     49
34.81946778422265D0,5.282988281642165D0,-72.84783499833043D0,    0000027P     50
37.70370559750664D0,6.235398111578291D0,-73.88881448168627D0,    0000027P     51
39.24151054073468D0,0.0D0,56.8044098427681D0,0.0D0,0.0D0,0.0D0;  0000027P     52
126,12,3,0,0,1,0,0.0D0,0.0D0,0.0D0,0.0D0,10.67298157898501D0,    0000029P     53
16.22641640180833D0,21.80428849921608D0,26.48117313808624D0,     0000029P     54
29.45721996414616D0,32.72468603944753D0,37.95102859071105D0,     0000029P     55
44.25689859943903D0,50.54341141511376D0,56.8044098427681D0,      0000029P     56
56.8044098427681D0,56.8044098427681D0,56.8044098427681D0,1.0D0,  0000029P     57
1.0D0,1.0D0,1.0D0,1.0D0,1.0D0,1.0D0,1.0D0,1.0D0,1.0D0,1.0D0,     0000029P     58
1.0D0,1.0D0,-14.29096204667128D0,16.97407851439912D0,            0000029P     59
21.80082751970802D0,-11.03725054780153D0,15.61126462524154D0,    0000029P     60
22.26239897272124D0,-5.177287420378267D0,14.79232900122016D0,    0000029P     61
23.45323323842427D0,0.8822698357184571D0,18.36688561962566D0,    0000029P     62
25.92519006265891D0,4.298479779856077D0,22.19582212832283D0,     0000029P     63
27.37051574387988D0,6.839432121859668D0,25.52085986949363D0,     0000029P     64
28.38261770845721D0,10.1333626532221D0,28.13601289646604D0,      0000029P     65
27.5723823303445D0,11.99871166757661D0,26.36653189390025D0,      0000029P     66
23.87160814247577D0,12.80416634615397D0,23.68646644315108D0,     0000029P     67
20.0950124850075D0,13.70751375841562D0,20.60419127158687D0,      0000029P     68
14.9932767153115D0,14.72063336235018D0,18.52874031858668D0,      0000029P     69
9.041015849329817D0,15.66765207128264D0,18.95332630316147D0,     0000029P     70
4.844697570779523D0,16.14060853136603D0,19.47695706063695D0,     0000029P     71
2.88059731136444D0,0.0D0,56.8044098427681D0,0.0D0,0.0D0,0.0D0;   0000029P     72
126,12,3,0,0,1,0,0.0D0,0.0D0,0.0D0,0.0D0,10.67298157898501D0,    0000031P     73
16.22641640180833D0,21.80428849921608D0,26.48117313808624D0,     0000031P     74
29.45721996414616D0,32.72468603944753D0,37.95102859071105D0,     0000031P     75
44.25689859943903D0,50.54341141511376D0,56.8044098427681D0,      0000031P     76
56.8044098427681D0,56.8044098427681D0,56.8044098427681D0,1.0D0,  0000031P     77
1.0D0,1.0D0,1.0D0,1.0D0,1.0D0,1.0D0,1.0D0,1.0D0,1.0D0,1.0D0,     0000031P     78
1.0D0,1.0D0,45.00450115036306D0,18.17767387721304D0,             0000031P     79
1.339469537656303D0,43.39334126993793D0,16.64474228069718D0,     0000031P     80
4.116380227740986D0,41.76803214419585D0,14.83385481594586D0,     0000031P     81
9.639691417164407D0,43.41283306366829D0,15.74810793244459D0,     0000031P     82
16.85530163898598D0,45.91726877414244D0,17.03431176961781D0,     0000031P     83
21.38229765800328D0,48.23057554247721D0,18.13140372220065D0,     0000031P     84
24.84375200760829D0,50.72151335391155D0,17.14381927071645D0,     0000031P     85
28.18521738055823D0,50.77285471172524D0,12.63789719617633D0,     0000031P     86
28.16651239352677D0,50.11846271642045D0,8.147861031059435D0,     0000031P     87
26.93951232344808D0,49.72054274165585D0,2.37585702918863D0,      0000031P     88
25.24546564748324D0,50.60124204432974D0,-3.730397414361931D0,    0000031P     89
23.60188941993197D0,52.8749508886829D0,-7.374263379483125D0,     0000031P     90
23.11332651957802D0,54.22424695305707D0,-8.961684411786891D0,    0000031P     91
22.99060158646604D0,0.0D0,56.8044098427681D0,0.0D0,0.0D0,0.0D0;  0000031P     92
126,12,3,0,0,1,0,0.0D0,0.0D0,0.0D0,0.0D0,10.67298157898501D0,    0000033P     93
16.22641640180833D0,21.80428849921608D0,26.48117313808624D0,     0000033P     94
29.45721996414616D0,32.72468603944753D0,37.95102859071105D0,     0000033P     95
44.25689859943903D0,50.54341141511376D0,56.8044098427681D0,      0000033P     96
56.8044098427681D0,56.8044098427681D0,56.8044098427681D0,1.0D0,  0000033P     97
1.0D0,1.0D0,1.0D0,1.0D0,1.0D0,1.0D0,1.0D0,1.0D0,1.0D0,1.0D0,     0000033P     98
1.0D0,1.0D0,17.74771754425338D0,-37.33090994981191D0,            0000033P     99
19.05787052003841D0,18.512203703672D0,-38.39634462190004D0,      0000033P    100
22.36503823458883D0,18.70611404888014D0,-39.13037228102016D0,    0000033P    101
28.35265143461201D0,15.4852899460742D0,-36.82905735784962D0,     0000033P    102
34.67218475774261D0,12.64630229311875D0,-34.03335619107515D0,    0000033P    103
38.21399440639935D0,10.32918457000481D0,-31.51914820628851D0,    0000033P    104
40.83055490402049D0,10.00687960610833D0,-28.55843997159066D0,    0000033P    105
43.90883548368019D0,14.27766221741549D0,-27.89378970439481D0,    0000033P    106
45.18358073770658D0,18.96942991086997D0,-28.0611480700708D0,     0000033P    107
45.41485959027374D0,24.9932242149695D0,-27.85301634859006D0,     0000033P    108
45.53630098638024D0,31.19428217827971D0,-26.33502698740312D0,    0000033P    109
45.61315046180582D0,34.57527496615652D0,-23.65344753597277D0,    0000033P    110
45.86657540582706D0,35.98593498035168D0,-22.12202773554001D0,    0000033P    111
46.00925873189131D0,0.0D0,56.8044098427681D0,0.0D0,0.0D0,0.0D0;  0000033P    112
126,12,3,0,0,1,0,0.0D0,0.0D0,0.0D0,0.0D0,10.67298157898501D0,    0000035P    113
16.22641640180833D0,21.80428849921608D0,26.48117313808624D0,     0000035P    114
29.45721996414616D0,32.72468603944753D0,37.95102859071105D0,     0000035P    115
44.25689859943903D0,50.54341141511376D0,56.8044098427681D0,      0000035P    116
56.8044098427681D0,56.8044098427681D0,56.8044098427681D0,1.0D0,  0000035P    117
1.0D0,1.0D0,1.0D0,1.0D0,1.0D0,1.0D0,1.0D0,1.0D0,1.0D0,1.0D0,     0000035P    118
1.0D0,1.0D0,10.65853137587229D0,-53.98910356933624D0,            0000035P    119
6.90436623817148D0,14.14293221112177D0,-54.63930967992854D0,     0000035P    120
7.209540374781914D0,19.83856697184953D0,-55.08955703704581D0,    0000035P    121
9.155030454227834D0,24.14274756539393D0,-53.8145282352685D0,     0000035P    122
15.10940621259037D0,25.94964170342988D0,-52.02775471375881D0,    0000035P    123
19.79585320915598D0,27.13572215043292D0,-50.3585975387504D0,     0000035P    124
23.58317319426418D0,29.39168455359878D0,-47.58746073993965D0,    0000035P    125
25.94472343629781D0,31.99118191837891D0,-45.49410055491615D0,    0000035P    126
22.9170550033862D0,33.91083944419758D0,-44.07410259393659D0,     0000035P    127
18.86826461687181D0,36.14792708218196D0,-41.85772260914099D0,    0000035P    128
13.72751921301727D0,38.20300773009129D0,-38.34964448567587D0,    0000035P    129
8.804781273908894D0,39.22882143451587D0,-34.68463414626041D0,    0000035P    130
6.75499829904224D0,39.62643326245326D0,-32.76580817848753D0,     0000035P    131
6.036960311169668D0,0.0D0,56.8044098427681D0,0.0D0,0.0D0,0.0D0;  0000035P    132
126,12,3,0,0,1,0,0.0D0,0.0D0,0.0D0,0.0D0,10.67298157898501D0,    0000037P    133
16.22641640180833D0,21.80428849921608D0,26.48117313808624D0,     0000037P    134
29.45721996414616D0,32.72468603944753D0,37.95102859071105D0,     0000037P    135
44.25689859943903D0,50.54341141511376D0,56.8044098427681D0,      0000037P    136
56.8044098427681D0,56.8044098427681D0,56.8044098427681D0,1.0D0,  0000037P    137
1.0D0,1.0D0,1.0D0,1.0D0,1.0D0,1.0D0,1.0D0,1.0D0,1.0D0,1.0D0,     0000037P    138
1.0D0,1.0D0,28.43246718803714D0,40.34833676881839D0,             0000037P    139
5.521518123338769D0,25.76815704426332D0,42.57350479752363D0,     0000037P    140
6.300637576572207D0,21.90284660532481D0,46.29482173592633D0,     0000037P    141
9.064527066767871D0,20.57475542609954D0,49.59366392053205D0,     0000037P    142
15.61892053677796D0,20.67186219854773D0,50.84591442290484D0,     0000037P    143
20.79990986787173D0,20.9249247427664D0,51.55353285612428D0,      0000037P    144
25.03923772413934D0,19.3330616547947D0,51.30471757361711D0,      0000037P    145
29.00780773514005D0,15.20081166409029D0,49.61957139676026D0,     0000037P    146
28.38241831218974D0,11.36637127149615D0,47.75791189864263D0,     0000037P    147
26.40113751223719D0,6.55977807270839D0,44.9732653702347D0,       0000037P    148
24.05879463010623D0,1.666325713828094D0,41.16180368157846D0,     0000037P    149
22.54545355349546D0,-1.097084023704632D0,37.89398714517001D0,    0000037P    150
23.15467149080981D0,-2.265034120867625D0,36.26022269468951D0,    0000037P    151
23.72236251876997D0,0.0D0,56.8044098427681D0,0.0D0,0.0D0,0.0D0;  0000037P    152
126,12,3,0,0,1,0,0.0D0,0.0D0,0.0D0,0.0D0,10.67298157898501D0,    0000039P    153
16.22641640180833D0,21.80428849921608D0,26.48117313808624D0,     0000039P    154
29.45721996414616D0,32.72468603944753D0,37.95102859071105D0,     0000039P    155
44.25689859943903D0,50.54341141511376D0,56.8044098427681D0,      0000039P    156
56.8044098427681D0,56.8044098427681D0,56.8044098427681D0,1.0D0,  0000039P    157
1.0D0,1.0D0,1.0D0,1.0D0,1.0D0,1.0D0,1.0D0,1.0D0,1.0D0,1.0D0,     0000039P    158
1.0D0,1.0D0,27.29159599139663D0,5.820550487742864D0,             0000039P    159
3.746152686181411D0,27.76618869196471D0,4.624189644491189D0,     0000039P    160
7.062842439820777D0,28.54721003438995D0,4.142447962747276D0,     0000039P    161
13.02822929015755D0,28.90690018213957D0,8.21401660704587D0,      0000039P    162
19.26515252772889D0,29.34914638218204D0,12.30366277333177D0,     0000039P    163
22.65623259578783D0,29.81191294745007D0,15.80404009646441D0,     0000039P    164
25.119943389086D0,32.10779890712233D0,18.30026638608347D0,       0000039P    165
27.73590344976438D0,35.89403018676927D0,15.94495965162937D0,     0000039P    166
28.38652041622639D0,39.24208504740926D0,12.65928698221271D0,     0000039P    167
28.08808017238674D0,43.78671063480465D0,8.746801796950002D0,     0000039P    168
27.46920814218375D0,49.31586340786907D0,5.677971875168659D0,     0000039P    169
26.58939570184408D0,53.59291721443503D0,5.377054310507866D0,     0000039P    170
26.03942829982925D0,55.65648015427168D0,5.556574460940865D0,     0000039P    171
25.78438453639919D0,0.0D0,56.8044098427681D0,0.0D0,0.0D0,0.0D0;  0000039P    172
126,12,3,0,0,1,0,0.0D0,0.0D0,0.0D0,0.0D0,10.67298157898501D0,    0000041P    173
16.22641640180833D0,21.80428849921608D0,26.48117313808624D0,     0000041P    174
29.45721996414616D0,32.72468603944753D0,37.95102859071105D0,     0000041P    175
44.25689859943903D0,50.54341141511376D0,56.8044098427681D0,      0000041P    176
56.8044098427681D0,56.8044098427681D0,56.8044098427681D0,1.0D0,  0000041P    177
1.0D0,1.0D0,1.0D0,1.0D0,1.0D0,1.0D0,1.0D0,1.0D0,1.0D0,1.0D0,     0000041P    178
1.0D0,1.0D0,50.11475635066147D0,8.854445441304971D0,             0000041P    179
6.351385669613748D0,50.5707662646837D0,7.04530765350253D0,       0000041P    180
9.380580916482714D0,50.4467532559802D0,5.142480497948721D0,      0000041P    181
15.10699159413964D0,47.5159992442718D0,6.734912115557545D0,      0000041P    182
21.77640702317659D0,45.13460203335526D0,9.270448224262399D0,     0000041P    183
25.81623566560047D0,43.24191991325118D0,11.61687440191231D0,     0000041P    184
28.89011005410801D0,43.37738096563741D0,13.93253899354034D0,     0000041P    185
32.49078122352026D0,47.65737649234686D0,13.53067078838721D0,     0000041P    186
33.84224701680699D0,52.22928195194258D0,12.45109769044249D0,     0000041P    187
34.00468227856527D0,58.18223131762035D0,11.5064689898215D0,      0000041P    188
34.12399326681243D0,64.55154141755008D0,11.7991713683535D0,      0000041P    189
34.45494881581824D0,68.35883752161769D0,13.70356041926054D0,     0000041P    190
35.20595048492271D0,70.02212425986511D0,14.88838666075095D0,     0000041P    191
35.63633498300474D0,0.0D0,56.8044098427681D0,0.0D0,0.0D0,0.0D0;  0000041P    192
126,12,3,0,0,1,0,0.0D0,0.0D0,0.0D0,0.0D0,10.67298157898501D0,    0000043P    193
16.22641640180833D0,21.80428849921608D0,26.48117313808624D0,     0000043P    194
29.45721996414616D0,32.72468603944753D0,37.95102859071105D0,     0000043P    195
44.25689859943903D0,50.54341141511376D0,56.8044098427681D0,      0000043P    196
56.8044098427681D0,56.8044098427681D0,56.8044098427681D0,1.0D0,  0000043P    197
1.0D0,1.0D0,1.0D0,1.0D0,1.0D0,1.0D0,1.0D0,1.0D0,1.0D0,1.0D0,     0000043P    198
1.0D0,1.0D0,-50.98668347616525D0,42.15156575978571D0,            0000043P    199
24.28999602476633D0,-47.81917390039173D0,42.86586635414147D0,    0000043P    200
22.83617135552978D0,-41.91612797207767D0,43.48055387343005D0,    0000043P    201
21.73884839428735D0,-35.20598700088946D0,42.04719028524336D0,    0000043P    202
24.65873480814374D0,-31.29331513641185D0,40.820907352935D0,      0000043P    203
28.06570421594741D0,-28.36888930454386D0,39.87085975372974D0,    0000043P    204
31.07930808580034D0,-25.23851586027611D0,40.98315600532954D0,    0000043P    205
33.78283249219477D0,-24.51736783664362D0,45.32816038301084D0,    0000043P    206
32.83036094966393D0,-24.89545123277038D0,49.64624675793669D0,    0000043P    207
31.01229444268385D0,-25.54968304470971D0,55.32036250619272D0,    0000043P    208
29.0834201969342D0,-26.25486562175481D0,61.61968792596288D0,     0000043P    209
28.31887183629737D0,-26.4067722498498D0,65.738427872976D0,       0000043P    210
29.62237113183991D0,-26.42843548207673D0,67.60797938928279D0,    0000043P    211
30.54966539181773D0,0.0D0,56.8044098427681D0,0.0D0,0.0D0,0.0D0;  0000043P    212
126,12,3,0,0,1,0,0.0D0,0.0D0,0.0D0,0.0D0,10.67298157898501D0,    0000045P    213
16.22641640180833D0,21.80428849921608D0,26.48117313808624D0,     0000045P    214
29.45721996414616D0,32.72468603944753D0,37.95102859071105D0,     0000045P    215
44.25689859943903D0,50.54341141511376D0,56.8044098427681D0,      0000045P    216
56.8044098427681D0,56.8044098427681D0,56.8044098427681D0,1.0D0,  0000045P    217
1.0D0,1.0D0,1.0D0,1.0D0,1.0D0,1.0D0,1.0D0,1.0D0,1.0D0,1.0D0,     0000045P    218
1.0D0,1.0D0,-53.53186697053185D0,-51.48655373839869D0,           0000045P    219
14.30473647517873D0,-50.07731885179992D0,-52.33682753240598D0,   0000045P    220
14.29578152208042D0,-44.15252411105493D0,-52.65995303025527D0,   0000045P    221
15.40045652048688D0,-38.82517722400623D0,-49.86255638249413D0,   0000045P    222
19.80502310973585D0,-36.15527996691196D0,-46.77148793329218D0,   0000045P    223
23.23097640389566D0,-34.25810766104482D0,-44.03572180554402D0,   0000045P    224
25.96099217442914D0,-31.51264525577341D0,-40.8637511699313D0,    0000045P    225
26.82500810942227D0,-29.39911599111654D0,-40.20064621797642D0,   0000045P    226
22.90077500937307D0,-28.16042844237712D0,-40.44801259503884D0,   0000045P    227
18.37323198344315D0,-26.76781045967261D0,-40.35580528325328D0,   0000045P    228
12.50839800368054D0,-25.46331688750535D0,-38.96385442393096D0,   0000045P    229
6.415444144320618D0,-24.66268189095892D0,-36.34121261699351D0,   0000045P    230
3.073747218645032D0,-24.31861071254919D0,-34.83290506345795D0,   0000045P    231
1.67296523686533D0,0.0D0,56.8044098427681D0,0.0D0,0.0D0,0.0D0;   0000045P    232
126,12,3,0,0,1,0,0.0D0,0.0D0,0.0D0,0.0D0,10.67298157898501D0,    0000047P    233
16.22641640180833D0,21.80428849921608D0,26.48117313808624D0,     0000047P    234
29.45721996414616D0,32.72468603944753D0,37.95102859071105D0,     0000047P    235
44.25689859943903D0,50.54341141511376D0,56.8044098427681D0,      0000047P    236
56.8044098427681D0,56.8044098427681D0,56.8044098427681D0,1.0D0,  0000047P    237
1.0D0,1.0D0,1.0D0,1.0D0,1.0D0,1.0D0,1.0D0,1.0D0,1.0D0,1.0D0,     0000047P    238
1.0D0,1.0D0,43.48973605824874D0,-40.36211346155565D0,            0000047P    239
13.8260936454269D0,46.41032299391761D0,-38.49367807141516D0,     0000047P    240
13.02855395069962D0,51.71707184342786D0,-35.62316905901059D0,    0000047P    241
13.19135541675481D0,57.50296006240018D0,-34.19797826867284D0,    0000047P    242
17.67450034277215D0,60.59448338568995D0,-33.6766549790723D0,     0000047P    243
21.98621891709156D0,62.80010377204665D0,-33.30440090496032D0,    0000047P    244
25.66498648067039D0,64.49036525251491D0,-30.9666284646978D0,     0000047P    245
28.83094940102566D0,63.73601385097787D0,-26.72040957486776D0,    0000047P    246
27.5244660846226D0,62.23000813148931D0,-22.95893598973519D0,     0000047P    247
25.14172689185151D0,59.99483429277549D0,-18.06542385751418D0,    0000047P    248
22.42112005388102D0,57.18537481993597D0,-12.58501052820903D0,    0000047P    249
20.73727783522464D0,55.16974642061496D0,-8.827753494396596D0,    0000047P    250
21.4489424514437D0,54.2124341374997D0,-7.093969042385247D0,      0000047P    251
22.10705450793844D0,0.0D0,56.8044098427681D0,0.0D0,0.0D0,0.0D0;  0000047P    252
126,12,3,0,0,1,0,0.0D0,0.0D0,0.0D0,0.0D0,10.67298157898501D0,    0000049P    253
16.22641640180833D0,21.80428849921608D0,26.48117313808624D0,     0000049P    254
29.45721996414616D0,32.72468603944753D0,37.95102859071105D0,     0000049P    255
44.25689859943903D0,50.54341141511376D0,56.8044098427681D0,      0000049P    256
56.8044098427681D0,56.8044098427681D0,56.8044098427681D0,1.0D0,  0000049P    257
1.0D0,1.0D0,1.0D0,1.0D0,1.0D0,1.0D0,1.0D0,1.0D0,1.0D0,1.0D0,     0000049P    258
1.0D0,1.0D0,-46.43355545169061D0,-56.93038922427709D0,           0000049P    259
258.5678659998216D0,-42.96256324747317D0,-57.66755728627614D0,   0000049P    260
258.3114585365427D0,-37.07463140073028D0,-58.4427476663542D0,    0000049P    261
259.3881423815823D0,-31.97027932689713D0,-57.97769303919645D0,   0000049P    262
264.8043748174269D0,-29.49315722521292D0,-56.8097791682578D0,    0000049P    263
269.3782194560512D0,-27.75553951162358D0,-55.63820717138643D0,   0000049P    264
273.1391726475723D0,-25.11440230968335D0,-53.21439015192153D0,   0000049P    265
275.4833122348302D0,-22.87928600927606D0,-50.80514643536063D0,   0000049P    266
272.4001126968088D0,-21.47646153755769D0,-48.92775864789356D0,   0000049P    267
268.3255966008082D0,-19.88033558802943D0,-46.13069703155609D0,   0000049P    268
263.2292260381499D0,-18.39349183653212D0,-42.07590860257938D0,   0000049P    269
258.5269602160432D0,-17.53480308686443D0,-38.20294188271273D0,   0000049P    270
256.809698673278D0,-17.17561626102079D0,-36.21677295512215D0,    0000049P    271
256.2789589747841D0,0.0D0,56.8044098427681D0,0.0D0,0.0D0,0.0D0;  0000049P    272
126,12,3,0,0,1,0,0.0D0,0.0D0,0.0D0,0.0D0,10.67298157898501D0,    0000051P    273
16.22641640180833D0,21.80428849921608D0,26.48117313808624D0,     0000051P    274
29.45721996414616D0,32.72468603944753D0,37.95102859071105D0,     0000051P    275
44.25689859943903D0,50.54341141511376D0,56.8044098427681D0,      0000051P    276
56.8044098427681D0,56.8044098427681D0,56.8044098427681D0,1.0D0,  0000051P    277
1.0D0,1.0D0,1.0D0,1.0D0,1.0D0,1.0D0,1.0D0,1.0D0,1.0D0,1.0D0,     0000051P    278
1.0D0,1.0D0,-70.13461422613737D0,16.97970605200754D0,            0000051P    279
261.4919282963996D0,-67.0827874169895D0,18.56538627885183D0,     0000051P    280
260.5814779870713D0,-61.5304274100647D0,20.93132262338007D0,     0000051P    281
260.5420669915686D0,-55.48579725120062D0,21.83226598262944D0,    0000051P    282
264.8148888934218D0,-52.2120075785136D0,22.08274668928648D0,     0000051P    283
269.0148617611266D0,-49.85548051260344D0,22.26435834114049D0,    0000051P    284
272.6135368738297D0,-47.84737988771853D0,24.44863377302811D0,    0000051P    285
275.7025428281552D0,-48.24972810678757D0,28.7409053222374D0,     0000051P    286
274.3907347584093D0,-49.48218621990888D0,32.61571308168125D0,    0000051P    287
272.0325374286032D0,-51.34701819501939D0,37.68392285759623D0,    0000051P    288
269.3530195585001D0,-53.69307742233767D0,43.39428074588118D0,    0000051P    289
267.7247885255997D0,-55.32603309583599D0,47.32551487522235D0,    0000051P    290
268.4764924413494D0,-56.09522499453702D0,49.14352388448089D0,    0000051P    291
269.1538061630256D0,0.0D0,56.8044098427681D0,0.0D0,0.0D0,0.0D0;  0000051P    292
126,12,3,0,0,1,0,0.0D0,0.0D0,0.0D0,0.0D0,10.67298157898501D0,    0000053P    293
16.22641640180833D0,21.80428849921608D0,26.48117313808624D0,     0000053P    294
29.45721996414616D0,32.72468603944753D0,37.95102859071105D0,     0000053P    295
44.25689859943903D0,50.54341141511376D0,56.8044098427681D0,      0000053P    296
56.8044098427681D0,56.8044098427681D0,56.8044098427681D0,1.0D0,  0000053P    297
1.0D0,1.0D0,1.0D0,1.0D0,1.0D0,1.0D0,1.0D0,1.0D0,1.0D0,1.0D0,     0000053P    298
1.0D0,1.0D0,-8.323940495218437D0,-19.72918499149349D0,           0000053P    299
274.4850255242712D0,-8.00748523271406D0,-16.19872140635825D0,    0000053P    300
274.7893795310825D0,-5.98987317421026D0,-10.5105204691594D0,     0000053P    301
274.8283838751238D0,0.01119265138345327D0,-6.382736815036132D0,  0000053P    302
273.2299875661237D0,4.998378496307396D0,-4.873278928736106D0,    0000053P    303
272.1031664922471D0,9.129417848698722D0,-3.98206622779837D0,     0000053P    304
271.2804156417911D0,12.97678283525755D0,-2.507489539151372D0,    0000053P    305
272.4504119312599D0,12.26781821741838D0,-0.8827611244204405D0,   0000053P    306
276.5933512625086D0,10.25836838697899D0,0.226858106741183D0,     0000053P    307
280.695184920805D0,7.933440719234966D0,1.320442791832512D0,      0000053P    308
286.148894531755D0,6.546485808963951D0,1.866228379282667D0,      0000053P    309
292.3570981025386D0,7.346629629579127D0,1.589330014742366D0,     0000053P    310
296.5961194459983D0,8.022300001006499D0,1.336902748216325D0,     0000053P    311
298.554515942276D0,0.0D0,56.8044098427681D0,0.0D0,0.0D0,0.0D0;   0000053P    312
126,12,3,0,0,1,0,0.0D0,0.0D0,0.0D0,0.0D0,10.67298157898501D0,    0000055P    313
16.22641640180833D0,21.80428849921608D0,26.48117313808624D0,     0000055P    314
29.45721996414616D0,32.72468603944753D0,37.95102859071105D0,     0000055P    315
44.25689859943903D0,50.54341141511376D0,56.8044098427681D0,      0000055P    316
56.8044098427681D0,56.8044098427681D0,56.8044098427681D0,1.0D0,  0000055P    317
1.0D0,1.0D0,1.0D0,1.0D0,1.0D0,1.0D0,1.0D0,1.0D0,1.0D0,1.0D0,     0000055P    318
1.0D0,1.0D0,-10.45873781280019D0,28.43374441493151D0,            0000055P    319
251.4444440005405D0,-13.33299722236144D0,28.18044856865231D0,    0000055P    320
253.5256509776096D0,-18.5835778604814D0,29.11906434503547D0,     0000055P    321
256.3502417526332D0,-24.38902911867683D0,33.79336575109554D0,    0000055P    322
256.5824092632867D0,-27.51674514926455D0,38.06189951701072D0,    0000055P    323
255.9364809266254D0,-29.75478557639271D0,41.68552812406202D0,    0000055P    324
255.3062778355949D0,-31.43322060424266D0,45.37346001099547D0,    0000055P    325
256.6946219292893D0,-30.58101241211134D0,45.320003204958D0,      0000055P    326
261.1192352593491D0,-28.97510317474276D0,44.10105990059881D0,    0000055P    327
265.3653411885084D0,-26.6141860985056D0,42.88050210883486D0,     0000055P    328
270.7764846795251D0,-23.67892037298093D0,42.82290113389953D0,    0000055P    329
276.4460714947286D0,-21.59751796590712D0,44.57430856339639D0,    0000055P    330
279.8056162293603D0,-20.61347510813098D0,45.69898345088859D0,    0000055P    331
281.2624390956853D0,0.0D0,56.8044098427681D0,0.0D0,0.0D0,0.0D0;  0000055P    332
126,12,3,0,0,1,0,0.0D0,0.0D0,0.0D0,0.0D0,10.67298157898501D0,    0000057P    333
16.22641640180833D0,21.80428849921608D0,26.48117313808624D0,     0000057P    334
29.45721996414616D0,32.72468603944753D0,37.95102859071105D0,     0000057P    335
44.25689859943903D0,50.54341141511376D0,56.8044098427681D0,      0000057P    336
56.8044098427681D0,56.8044098427681D0,56.8044098427681D0,1.0D0,  0000057P    337
1.0D0,1.0D0,1.0D0,1.0D0,1.0D0,1.0D0,1.0D0,1.0D0,1.0D0,1.0D0,     0000057P    338
1.0D0,1.0D0,16.6296556323035D0,-16.63926924098342D0,             0000057P    339
257.4659252909297D0,18.2572812942307D0,-19.05325963810452D0,     0000057P    340
259.5105361311235D0,21.64500150018414D0,-21.8547552076441D0,     0000057P    341
263.6460994590691D0,26.23718088728784D0,-20.53208003160347D0,    0000057P    342
269.3704927504431D0,29.51904293023335D0,-18.12328204318663D0,    0000057P    343
272.8124813147658D0,32.18354674605769D0,-15.90549671693697D0,    0000057P    344
275.3656191554187D0,36.1066880905861D0,-14.8925789753815D0,      0000057P    345
276.7543036795509D0,38.78224910306889D0,-17.76663771057707D0,    0000057P    346
274.5435392849313D0,40.34919681214252D0,-21.07961302375804D0,    0000057P    347
271.6002329347814D0,42.5425636594699D0,-24.99351701195513D0,     0000057P    348
267.5734895746334D0,45.67556876459091D0,-28.15638976741425D0,    0000057P    349
262.9970463759317D0,48.80748517770547D0,-28.75176155133778D0,    0000057P    350
260.0776565752316D0,50.42457392462051D0,-28.74518160246146D0,    0000057P    351
258.7583584659261D0,0.0D0,56.8044098427681D0,0.0D0,0.0D0,0.0D0;  0000057P    352
126,12,3,0,0,1,0,0.0D0,0.0D0,0.0D0,0.0D0,10.67298157898501D0,    0000059P    353
16.22641640180833D0,21.80428849921608D0,26.48117313808624D0,     0000059P    354
29.45721996414616D0,32.72468603944753D0,37.95102859071105D0,     0000059P    355
44.25689859943903D0,50.54341141511376D0,56.8044098427681D0,      0000059P    356
56.8044098427681D0,56.8044098427681D0,56.8044098427681D0,1.0D0,  0000059P    357
1.0D0,1.0D0,1.0D0,1.0D0,1.0D0,1.0D0,1.0D0,1.0D0,1.0D0,1.0D0,     0000059P    358
1.0D0,1.0D0,61.61934605051084D0,-39.45588462655923D0,            0000059P    359
263.2794671254752D0,59.3243126067583D0,-37.12368511322873D0,     0000059P    360
264.6761114404936D0,56.73240052716309D0,-32.27006663806645D0,    0000059P    361
267.1564922839601D0,58.20663829039452D0,-25.31841785307006D0,    0000059P    362
269.4164617276698D0,60.76362773001657D0,-20.88999760462855D0,    0000059P    363
270.9234821667184D0,63.12311783459532D0,-17.50966251024605D0,    0000059P    364
272.1655796940189D0,64.66696619571772D0,-14.88986113652356D0,    0000059P    365
275.1819778885501D0,62.5974534760721D0,-16.27214194495934D0,     0000059P    366
278.938670106878D0,59.98127062671463D0,-18.72429924850553D0,     0000059P    367
281.9778632032348D0,57.01528132424278D0,-22.03178790105719D0,    0000059P    368
286.0531044126776D0,55.01613148129169D0,-25.52074021134999D0,    0000059P    369
291.0123310750529D0,55.33590820397308D0,-27.31172076643389D0,    0000059P    370
294.9335982538107D0,55.78628922543865D0,-28.04255997177106D0,    0000059P    371
296.8358594881813D0,0.0D0,56.8044098427681D0,0.0D0,0.0D0,0.0D0;  0000059P    372
126,12,3,0,0,1,0,0.0D0,0.0D0,0.0D0,0.0D0,10.67298157898501D0,    0000061P    373
16.22641640180833D0,21.80428849921608D0,26.48117313808624D0,     0000061P    374
29.45721996414616D0,32.72468603944753D0,37.95102859071105D0,     0000061P    375
44.25689859943903D0,50.54341141511376D0,56.8044098427681D0,      0000061P    376
56.8044098427681D0,56.8044098427681D0,56.8044098427681D0,1.0D0,  0000061P    377
1.0D0,1.0D0,1.0D0,1.0D0,1.0D0,1.0D0,1.0D0,1.0D0,1.0D0,1.0D0,     0000061P    378
1.0D0,1.0D0,-18.5955001357399D0,-47.2962802747118D0,             0000061P    379
269.3139669664733D0,-18.86657047197632D0,-43.80293389464082D0,   0000061P    380
269.9304086605957D0,-19.12071943728332D0,-37.79548948963689D0,   0000061P    381
269.4070257380197D0,-18.99757898227277D0,-32.31741139674229D0,   0000061P    382
264.3491846436921D0,-18.34976878045705D0,-29.58807851544229D0,   0000061P    383
259.8158309777695D0,-17.64547557055745D0,-27.66217382858645D0,   0000061P    384
256.0301305956895D0,-15.36752685959656D0,-25.09290886458707D0,   0000061P    385
253.4697961872836D0,-12.22050402150247D0,-23.39375230610294D0,   0000061P    386
256.211225340055D0,-9.521098281038626D0,-22.5500525664238D0,     0000061P    387
259.9656310476425D0,-5.724186919824805D0,-21.69821341536732D0,   0000061P    388
264.5701938738063D0,-0.7773282363084535D0,-21.05055744126882D0,  0000061P    389
268.5542180092021D0,3.406233845997506D0,-20.74842790565601D0,    0000061P    390
269.5995556749651D0,5.482174643908699D0,-20.64366305134543D0,    0000061P    391
269.7868013457094D0,0.0D0,56.8044098427681D0,0.0D0,0.0D0,0.0D0;  0000061P    392
126,12,3,0,0,1,0,0.0D0,0.0D0,0.0D0,0.0D0,10.67298157898501D0,    0000063P    393
16.22641640180833D0,21.80428849921608D0,26.48117313808624D0,     0000063P    394
29.45721996414616D0,32.72468603944753D0,37.95102859071105D0,     0000063P    395
44.25689859943903D0,50.54341141511376D0,56.8044098427681D0,      0000063P    396
56.8044098427681D0,56.8044098427681D0,56.8044098427681D0,1.0D0,  0000063P    397
1.0D0,1.0D0,1.0D0,1.0D0,1.0D0,1.0D0,1.0D0,1.0D0,1.0D0,1.0D0,     0000063P    398
1.0D0,1.0D0,-32.7556023397612D0,-36.59383039684656D0,            0000063P    399
258.0810202693389D0,-33.53918555686811D0,-36.4519245891583D0,    0000063P    400
261.5484124456304D0,-34.3775877328094D0,-34.71340667238564D0,    0000063P    401
267.2670265175767D0,-33.92126075852578D0,-28.7620422562681D0,    0000063P    402
271.7368460864286D0,-32.7376488181348D0,-23.94922208318167D0,    0000063P    403
273.7005253501964D0,-31.54941456518745D0,-20.02726887346404D0,   0000063P    404
275.0207706123174D0,-29.13513027158938D0,-17.42258197459307D0,   0000063P    405
277.4149975389905D0,-26.78624762553542D0,-20.25613482717978D0,   0000063P    406
280.0150067889844D0,-24.96885251251295D0,-24.16354573116666D0,   0000063P    407
281.8920784045911D0,-22.24488549308502D0,-29.07268248753837D0,   0000063P    408
284.088563011545D0,-18.25791412544039D0,-33.6136125906965D0,     0000063P    409
286.1494682783387D0,-14.41402238936821D0,-35.25758020086448D0,   0000063P    410
287.2485913862457D0,-12.43812992949059D0,-35.76208884474499D0,   0000063P    411
287.6923106979643D0,0.0D0,56.8044098427681D0,0.0D0,0.0D0,0.0D0;  0000063P    412
126,12,3,0,0,1,0,0.0D0,0.0D0,0.0D0,0.0D0,10.67298157898501D0,    0000065P    413
16.22641640180833D0,21.80428849921608D0,26.48117313808624D0,     0000065P    414
29.45721996414616D0,32.72468603944753D0,37.95102859071105D0,     0000065P    415
44.25689859943903D0,50.54341141511376D0,56.8044098427681D0,      0000065P    416
56.8044098427681D0,56.8044098427681D0,56.8044098427681D0,1.0D0,  0000065P    417
1.0D0,1.0D0,1.0D0,1.0D0,1.0D0,1.0D0,1.0D0,1.0D0,1.0D0,1.0D0,     0000065P    418
1.0D0,1.0D0,14.64802409439901D0,23.94990987276273D0,             0000065P    419
249.043135391019D0,14.68856254848316D0,22.7731360527564D0,       0000065P    420
252.4002931816036D0,16.02482887822831D0,21.72302436796562D0,     0000065P    421
258.1916287274754D0,20.73162338569867D0,23.75230245646895D0,     0000065P    422
263.607750550602D0,24.90241247150078D0,25.79205015557724D0,      0000065P    423
266.2277045999304D0,28.42938351346243D0,27.48085019772105D0,     0000065P    424
268.0291192823574D0,32.27870042054491D0,27.09926581851744D0,     0000065P    425
269.8683141546499D0,32.79524395592031D0,22.64538287620221D0,     0000065P    426
270.3182353317524D0,32.1275413954354D0,18.00048766843247D0,      0000065P    427
270.0474870739379D0,31.60435166125524D0,12.0310850860366D0,      0000065P    428
269.3866769986438D0,32.26365956773125D0,5.792825648859463D0,     0000065P    429
268.1980855272744D0,34.42216397716322D0,2.216203656911375D0,     0000065P    430
267.0868525951506D0,35.71966515192736D0,0.6864475941790147D0,    0000065P    431
266.5107415794924D0,0.0D0,56.8044098427681D0,0.0D0,0.0D0,0.0D0;  0000065P    432
126,12,3,0,0,1,0,0.0D0,0.0D0,0.0D0,0.0D0,10.67298157898501D0,    0000067P    433
16.22641640180833D0,21.80428849921608D0,26.48117313808624D0,     0000067P    434
29.45721996414616D0,32.72468603944753D0,37.95102859071105D0,     0000067P    435
44.25689859943903D0,50.54341141511376D0,56.8044098427681D0,      0000067P    436
56.8044098427681D0,56.8044098427681D0,56.8044098427681D0,1.0D0,  0000067P    437
1.0D0,1.0D0,1.0D0,1.0D0,1.0D0,1.0D0,1.0D0,1.0D0,1.0D0,1.0D0,     0000067P    438
1.0D0,1.0D0,10.58505825510881D0,4.034973308163046D0,             0000067P    439
239.4564540726417D0,10.05541492075218D0,7.169361806416418D0,     0000067P    440
241.053963102658D0,10.53528410246278D0,12.83929215593649D0,      0000067P    441
243.0663062790222D0,14.84021951400749D0,18.90947173384978D0,     0000067P    442
242.5901648154904D0,18.94411974919132D0,22.17850607877397D0,     0000067P    443
241.6459038313236D0,22.45685429819468D0,24.52984243918529D0,     0000067P    444
240.8282373469362D0,25.96267917600773D0,26.64089701745984D0,     0000067P    445
242.092407257005D0,25.73160110897902D0,26.47054897882128D0,      0000067P    446
246.5895067695865D0,24.39236013791606D0,25.45249828986646D0,     0000067P    447
250.9786056788951D0,23.03604723701454D0,23.86717199389121D0,     0000067P    448
256.6346927092027D0,22.85971845450109D0,21.83193683447035D0,     0000067P    449
262.6836631516167D0,24.55548657079174D0,20.40701130872349D0,     0000067P    450
266.3958272818927D0,25.65972305469074D0,19.73299068763125D0,     0000067P    451
268.0334856108222D0,0.0D0,56.8044098427681D0,0.0D0,0.0D0,0.0D0;  0000067P    452
126,12,3,0,0,1,0,0.0D0,0.0D0,0.0D0,0.0D0,10.67298157898501D0,    0000069P    453
16.22641640180833D0,21.80428849921608D0,26.48117313808624D0,     0000069P    454
29.45721996414616D0,32.72468603944753D0,37.95102859071105D0,     0000069P    455
44.25689859943903D0,50.54341141511376D0,56.8044098427681D0,      0000069P    456
56.8044098427681D0,56.8044098427681D0,56.8044098427681D0,1.0D0,  0000069P    457
1.0D0,1.0D0,1.0D0,1.0D0,1.0D0,1.0D0,1.0D0,1.0D0,1.0D0,1.0D0,     0000069P    458
1.0D0,1.0D0,11.65107216799515D0,-13.49703337869708D0,            0000069P    459
263.2418854993276D0,9.924905460370724D0,-10.48590201269588D0,    0000069P    460
264.0231567804892D0,8.470751326392389D0,-4.807587202175348D0,    0000069P    461
265.4619362377657D0,11.48363151829187D0,1.880597309454792D0,     0000069P    462
266.8024587428478D0,14.96121725496334D0,5.77089014497701D0,      0000069P    463
267.894351866207D0,18.00345492671562D0,8.65991810203888D0,       0000069P    464
268.8612916694683D0,19.94994128298805D0,11.31681147320219D0,     0000069P    465
271.5994650655454D0,17.35604769822777D0,11.12425630756535D0,     0000069P    466
275.2792691544224D0,14.01409052607511D0,9.914717136449035D0,     0000069P    467
278.3553901001237D0,10.05159999013404D0,8.1463772869946D0,       0000069P    468
282.5405791727566D0,6.919009570608267D0,6.127211664727319D0,     0000069P    469
287.7245125114708D0,6.519893427525119D0,5.007937853209249D0,     0000069P    470
291.8807292078716D0,6.645987486141735D0,4.52729392218486D0,      0000069P    471
293.9077093538755D0,0.0D0,56.8044098427681D0,0.0D0,0.0D0,0.0D0;  0000069P    472
126,12,3,0,0,1,0,0.0D0,0.0D0,0.0D0,0.0D0,10.67298157898501D0,    0000071P    473
16.22641640180833D0,21.80428849921608D0,26.48117313808624D0,     0000071P    474
29.45721996414616D0,32.72468603944753D0,37.95102859071105D0,     0000071P    475
44.25689859943903D0,50.54341141511376D0,56.8044098427681D0,      0000071P    476
56.8044098427681D0,56.8044098427681D0,56.8044098427681D0,1.0D0,  0000071P    477
1.0D0,1.0D0,1.0D0,1.0D0,1.0D0,1.0D0,1.0D0,1.0D0,1.0D0,1.0D0,     0000071P    478
1.0D0,1.0D0,21.29565142720809D0,21.77756293342677D0,             0000071P    479
259.5324097146292D0,24.7715593234669D0,21.71003180897794D0,      0000071P    480
258.7771268109758D0,30.79999014868297D0,21.75266960743433D0,     0000071P    481
259.0671500223772D0,36.45781998867271D0,21.99294274923711D0,     0000071P    482
263.9186951389386D0,39.32539037487685D0,22.63081255058581D0,     0000071P    483
268.3673324237201D0,41.35914568590803D0,23.30803854346693D0,     0000071P    484
272.1012137100847D0,43.9070094668657D0,25.63037801027279D0,      0000071P    485
274.6429876226249D0,45.33548788816985D0,28.95155662959802D0,     0000071P    486
271.9530914291269D0,45.89354712693428D0,31.81509482811399D0,     0000071P    487
268.2675925902695D0,46.37068296037747D0,35.80281740295739D0,     0000071P    488
263.7715304569349D0,46.60971057174537D0,40.90690988610088D0,     0000071P    489
259.9434208540885D0,46.65742425218161D0,45.13308481584587D0,     0000071P    490
259.0360214623347D0,46.64896767049963D0,47.21675376048963D0,     0000071P    491
258.9184671017319D0,0.0D0,56.8044098427681D0,0.0D0,0.0D0,0.0D0;  0000071P    492
126,12,3,0,0,1,0,0.0D0,0.0D0,0.0D0,0.0D0,10.67298157898501D0,    0000073P    493
16.22641640180833D0,21.80428849921608D0,26.48117313808624D0,     0000073P    494
29.45721996414616D0,32.72468603944753D0,37.95102859071105D0,     0000073P    495
44.25689859943903D0,50.54341141511376D0,56.8044098427681D0,      0000073P    496
56.8044098427681D0,56.8044098427681D0,56.8044098427681D0,1.0D0,  0000073P    497
1.0D0,1.0D0,1.0D0,1.0D0,1.0D0,1.0D0,1.0D0,1.0D0,1.0D0,1.0D0,     0000073P    498
1.0D0,1.0D0,22.74841864724317D0,30.5488880941237D0,              0000073P    499
273.9010186146766D0,24.42782349762658D0,33.68323098326103D0,     0000073P    500
273.7894730077813D0,28.12492058426861D0,38.27021185317032D0,     0000073P    501
272.4783706889468D0,33.66249040794898D0,40.23995237686727D0,     0000073P    502
267.8890676464193D0,37.66375696989664D0,40.06515980259539D0,     0000073P    503
264.3706127367929D0,40.90064456422468D0,39.57235294137236D0,     0000073P    504
261.57483640982D0,45.07329230773084D0,39.46541436310139D0,       0000073P    505
260.6140762852517D0,47.0727843056419D0,40.6917768844733D0,       0000073P    506
264.4617231336323D0,47.8249361518676D0,41.89353051176199D0,      0000073P    507
268.9432673584579D0,48.96403893688642D0,43.01667748405086D0,     0000073P    508
274.7557668524861D0,51.01522595779247D0,43.21026224969764D0,     0000073P    509
280.7988185774558D0,53.5784713603027D0,42.13518888767301D0,      0000073P    510
284.1094371089444D0,54.96241557102152D0,41.41708761177568D0,     0000073P    511
285.4967351272216D0,0.0D0,56.8044098427681D0,0.0D0,0.0D0,0.0D0;  0000073P    512
126,12,3,0,0,1,0,0.0D0,0.0D0,0.0D0,0.0D0,10.67298157898501D0,    0000075P    513
16.22641640180833D0,21.80428849921608D0,26.48117313808624D0,     0000075P    514
29.45721996414616D0,32.72468603944753D0,37.95102859071105D0,     0000075P    515
44.25689859943903D0,50.54341141511376D0,56.8044098427681D0,      0000075P    516
56.8044098427681D0,56.8044098427681D0,56.8044098427681D0,1.0D0,  0000075P    517
1.0D0,1.0D0,1.0D0,1.0D0,1.0D0,1.0D0,1.0D0,1.0D0,1.0D0,1.0D0,     0000075P    518
1.0D0,1.0D0,62.36347408271762D0,-11.29669010329095D0,            0000075P    519
270.8139836949428D0,58.82166889271726D0,-11.00141958289012D0,    0000075P    520
270.6546735054898D0,53.15348428886746D0,-8.953884853203217D0,    0000075P    521
270.3272678139842D0,49.19548125661069D0,-2.673816312113868D0,    0000075P    522
269.619305375117D0,47.77523347436252D0,2.463440338224164D0,      0000075P    523
269.5111303297841D0,46.93733765461401D0,6.685960471696237D0,     0000075P    524
269.5812693981815D0,45.23102194344706D0,10.16429961905633D0,     0000075P    525
271.4075028273019D0,43.02063592800124D0,8.508603010919931D0,     0000075P    526
274.9682867238501D0,41.35065954644247D0,5.591688298650499D0,     0000075P    527
278.2541610771892D0,39.50102307580413D0,2.043365268620196D0,     0000075P    528
282.7633088065631D0,38.0624030200388D0,-0.7855000447200062D0,    0000075P    529
288.3032736783843D0,37.68865927035849D0,-1.032681133498297D0,    0000075P    530
292.6027413090551D0,37.63319062766962D0,-0.8520482003565029D0,   0000075P    531
294.6811690286273D0,0.0D0,56.8044098427681D0,0.0D0,0.0D0,0.0D0;  0000075P    532
126,12,3,0,0,1,0,0.0D0,0.0D0,0.0D0,0.0D0,10.67298157898501D0,    0000077P    533
16.22641640180833D0,21.80428849921608D0,26.48117313808624D0,     0000077P    534
29.45721996414616D0,32.72468603944753D0,37.95102859071105D0,     0000077P    535
44.25689859943903D0,50.54341141511376D0,56.8044098427681D0,      0000077P    536
56.8044098427681D0,56.8044098427681D0,56.8044098427681D0,1.0D0,  0000077P    537
1.0D0,1.0D0,1.0D0,1.0D0,1.0D0,1.0D0,1.0D0,1.0D0,1.0D0,1.0D0,     0000077P    538
1.0D0,1.0D0,6.134327434889371D0,-33.21514835477166D0,            0000077P    539
258.4304512110155D0,4.538597432146474D0,-31.11489570382028D0,    0000077P    540
260.8178206799316D0,1.791596151654886D0,-26.54460150900331D0,    0000077P    541
263.6452408109386D0,-0.9553183479273741D0,-19.70872543513212D0,  0000077P    542
262.4913262847968D0,-2.040896546087438D0,-14.9559898057978D0,    0000077P    543
260.3341903344703D0,-2.655458430715342D0,-11.17890861312048D0,   0000077P    544
258.3612137697005D0,-1.958657167943926D0,-6.971398169910287D0,   0000077P    545
257.9652226860287D0,0.5311436295214946D0,-5.969869472894374D0,   0000077P    546
261.5851884056709D0,3.089835404451833D0,-6.332041817148394D0,    0000077P    547
265.511523899934D0,6.742432582442632D0,-6.713115531490558D0,     0000077P    548
270.2924737348358D0,11.44229962858542D0,-6.436204759938107D0,    0000077P    549
274.6050005556293D0,15.2316213506106D0,-5.100306900764025D0,     0000077P    550
276.1995608665309D0,17.08963167236544D0,-4.287670039949859D0,    0000077P    551
276.6924967538853D0,0.0D0,56.8044098427681D0,0.0D0,0.0D0,0.0D0;  0000077P    552
126,12,3,0,0,1,0,0.0D0,0.0D0,0.0D0,0.0D0,10.67298157898501D0,    0000079P    553
16.22641640180833D0,21.80428849921608D0,26.48117313808624D0,     0000079P    554
29.45721996414616D0,32.72468603944753D0,37.95102859071105D0,     0000079P    555
44.25689859943903D0,50.54341141511376D0,56.8044098427681D0,      0000079P    556
56.8044098427681D0,56.8044098427681D0,56.8044098427681D0,1.0D0,  0000079P    557
1.0D0,1.0D0,1.0D0,1.0D0,1.0D0,1.0D0,1.0D0,1.0D0,1.0D0,1.0D0,     0000079P    558
1.0D0,1.0D0,1.251680716253134D0,-50.52310389244732D0,            0000079P    559
269.2514340762543D0,1.338110938222073D0,-48.81908886755068D0,    0000079P    560
272.3732622317189D0,2.15394101464338D0,-44.79036250347352D0,     0000079P    561
276.7927299405296D0,4.584095172450589D0,-37.8554594590224D0,     0000079P    562
278.0606929653595D0,6.942246848824979D0,-33.106599436263D0,      0000079P    563
277.5060213054507D0,9.012600089138388D0,-29.4033488413539D0,     0000079P    564
276.7737388033561D0,12.30294433598661D0,-26.73294704743066D0,    0000079P    565
277.3966947120001D0,14.71877029591556D0,-28.76839019869252D0,    0000079P    566
280.610271482937D0,16.28502864441813D0,-31.9121869242899D0,      0000079P    567
283.7339807769364D0,18.63735580278755D0,-36.03414585667562D0,    0000079P    568
287.4515305269734D0,22.22725609839064D0,-40.19306070215541D0,    0000079P    569
290.7041234284229D0,25.91198475405425D0,-42.14279615330295D0,    0000079P    570
291.8475879853422D0,27.83140900156825D0,-42.89271672721063D0,    0000079P    571
292.1777341699766D0,0.0D0,56.8044098427681D0,0.0D0,0.0D0,0.0D0;  0000079P    572
126,12,3,0,0,1,0,0.0D0,0.0D0,0.0D0,0.0D0,10.67298157898501D0,    0000081P    573
16.22641640180833D0,21.80428849921608D0,26.48117313808624D0,     0000081P    574
29.45721996414616D0,32.72468603944753D0,37.95102859071105D0,     0000081P    575
44.25689859943903D0,50.54341141511376D0,56.8044098427681D0,      0000081P    576
56.8044098427681D0,56.8044098427681D0,56.8044098427681D0,1.0D0,  0000081P    577
1.0D0,1.0D0,1.0D0,1.0D0,1.0D0,1.0D0,1.0D0,1.0D0,1.0D0,1.0D0,     0000081P    578
1.0D0,1.0D0,-43.82036157619666D0,50.75550929392449D0,            0000081P    579
285.1508416168312D0,-41.89595285667988D0,53.60148436015896D0,    0000081P    580
284.2267066574154D0,-37.63727131194491D0,57.32125221453953D0,    0000081P    581
282.1160507713282D0,-31.1366471547735D0,57.35622783740203D0,     0000081P    582
278.4627068274891D0,-26.53269482043189D0,55.83102530780411D0,    0000081P    583
276.2496565249261D0,-22.84807028395039D0,54.29330433327297D0,    0000081P    584
274.6385632933314D0,-18.59131062539825D0,53.82824309216295D0,    0000081P    585
274.7344815877831D0,-17.32010393901515D0,56.4617053122418D0,     0000081P    586
278.1630716550414D0,-17.39663353268219D0,59.3172792432625D0,     0000081P    587
281.8959021582008D0,-17.37293737652951D0,62.62019746707071D0,    0000081P    588
286.9391485673401D0,-16.58453023067014D0,65.15879432491607D0,    0000081P    589
292.7440824664107D0,-14.84765070156664D0,65.46468098967301D0,    0000081P    590
296.6907123753286D0,-13.84007861638216D0,65.34704393010082D0,    0000081P    591
298.514589242805D0,0.0D0,56.8044098427681D0,0.0D0,0.0D0,0.0D0;   0000081P    592
126,12,3,0,0,1,0,0.0D0,0.0D0,0.0D0,0.0D0,10.67298157898501D0,    0000083P    593
16.22641640180833D0,21.80428849921608D0,26.48117313808624D0,     0000083P    594
29.45721996414616D0,32.72468603944753D0,37.95102859071105D0,     0000083P    595
44.25689859943903D0,50.54341141511376D0,56.8044098427681D0,      0000083P    596
56.8044098427681D0,56.8044098427681D0,56.8044098427681D0,1.0D0,  0000083P    597
1.0D0,1.0D0,1.0D0,1.0D0,1.0D0,1.0D0,1.0D0,1.0D0,1.0D0,1.0D0,     0000083P    598
1.0D0,1.0D0,0.8760551523918778D0,44.99998982271609D0,            0000083P    599
254.8179778203068D0,3.417510195311102D0,43.60526381698736D0,     0000083P    600
256.8801839337589D0,7.36812101585997D0,42.47601152994469D0,      0000083P    601
261.3011988711003D0,9.598689209641314D0,44.94582175427814D0,     0000083P    602
267.9743437584567D0,10.36905411443188D0,48.00116595358253D0,     0000083P    603
272.2745322696849D0,10.85969026697584D0,50.73973600282199D0,     0000083P    604
275.5602856722504D0,13.19224134165313D0,53.51025945642868D0,     0000083P    605
277.8469623754393D0,17.27097861116147D0,53.27536646519809D0,     0000083P    606
275.9456346492478D0,20.81795183732035D0,52.2106143407828D0,      0000083P    607
273.0509038040715D0,25.33361038923407D0,51.26906197145684D0,     0000083P    608
269.169348494325D0,30.18851652432662D0,51.58048105509516D0,      0000083P    609
265.0345907044817D0,33.31340486658623D0,53.55396474171044D0,     0000083P    610
262.7925738054968D0,34.71688394069661D0,54.77939489606968D0,     0000083P    611
261.8522896794664D0,0.0D0,56.8044098427681D0,0.0D0,0.0D0,0.0D0;  0000083P    612
126,12,3,0,0,1,0,0.0D0,0.0D0,0.0D0,0.0D0,10.67298157898501D0,    0000085P    613
16.22641640180833D0,21.80428849921608D0,26.48117313808624D0,     0000085P    614
29.45721996414616D0,32.72468603944753D0,37.95102859071105D0,     0000085P    615
44.25689859943903D0,50.54341141511376D0,56.8044098427681D0,      0000085P    616
56.8044098427681D0,56.8044098427681D0,56.8044098427681D0,1.0D0,  0000085P    617
1.0D0,1.0D0,1.0D0,1.0D0,1.0D0,1.0D0,1.0D0,1.0D0,1.0D0,1.0D0,     0000085P    618
1.0D0,1.0D0,-14.24931349499302D0,48.01387858693519D0,            0000085P    619
262.2657304910657D0,-11.20105179647602D0,49.83950448780544D0,    0000085P    620
262.0864566557723D0,-5.60779753690413D0,51.94054327019393D0,     0000085P    621
262.940302357351D0,0.6020634168956178D0,50.71524773593299D0,     0000085P    622
266.8827048592747D0,4.027892813134088D0,48.95262013533866D0,     0000085P    623
270.5674095128863D0,6.514411534414521D0,47.41353548680959D0,     0000085P    624
273.7273317056988D0,8.674336342432909D0,47.88093434921217D0,     0000085P    625
277.3963572159674D0,8.310667596888706D0,52.28468563770889D0,     0000085P    626
278.280121429979D0,7.071979380558147D0,56.81452336799134D0,      0000085P    627
278.079112824235D0,5.213653406465127D0,62.54862603481033D0,      0000085P    628
278.1833041130599D0,2.924733251029849D0,68.35331352022484D0,     0000085P    629
279.5359922240439D0,1.397920143340002D0,71.46609109332695D0,     0000085P    630
282.1177866199708D0,0.6895846445692797D0,72.75008439393761D0,    0000085P    631
283.6027744439988D0,0.0D0,56.8044098427681D0,0.0D0,0.0D0,0.0D0;  0000085P    632
126,12,3,0,0,1,0,0.0D0,0.0D0,0.0D0,0.0D0,10.67298157898501D0,    0000087P    633
16.22641640180833D0,21.80428849921608D0,26.48117313808624D0,     0000087P    634
29.45721996414616D0,32.72468603944753D0,37.95102859071105D0,     0000087P    635
44.25689859943903D0,50.54341141511376D0,56.8044098427681D0,      0000087P    636
56.8044098427681D0,56.8044098427681D0,56.8044098427681D0,1.0D0,  0000087P    637
1.0D0,1.0D0,1.0D0,1.0D0,1.0D0,1.0D0,1.0D0,1.0D0,1.0D0,1.0D0,     0000087P    638
1.0D0,1.0D0,-15.67527781068094D0,48.53236397649614D0,            0000087P    639
236.6960912393923D0,-18.20400777548011D0,50.34023075621839D0,    0000087P    640
238.4264353937438D0,-21.33572610348966D0,54.47895905876688D0,    0000087P    641
241.5072109472558D0,-20.77822761873367D0,61.32697957692737D0,    0000087P    642
244.405498393547D0,-18.82205048224557D0,65.93157542706693D0,     0000087P    643
246.2470411061698D0,-16.92097023966821D0,69.50028621820421D0,    0000087P    644
247.7258454785419D0,-15.60664306463957D0,72.02645070043143D0,    0000087P    645
250.9253020188914D0,-17.2209733816787D0,69.99066825546187D0,     0000087P    646
254.6071286060126D0,-19.25874534008776D0,66.88707461174035D0,    0000087P    647
257.489727218328D0,-21.45324218704573D0,62.789692030122D0,       0000087P    648
261.328972484369D0,-22.61385332573468D0,58.578104944792D0,       0000087P    649
265.9850259005485D0,-21.79918480447904D0,56.49182550710198D0,    0000087P    650
269.6823165432499D0,-21.13301256817545D0,55.6608282193243D0,     0000087P    651
271.4770936524274D0,0.0D0,56.8044098427681D0,0.0D0,0.0D0,0.0D0;  0000087P    652
126,12,3,0,0,1,0,0.0D0,0.0D0,0.0D0,0.0D0,10.67298157898501D0,    0000089P    653
16.22641640180833D0,21.80428849921608D0,26.48117313808624D0,     0000089P    654
29.45721996414616D0,32.72468603944753D0,37.95102859071105D0,     0000089P    655
44.25689859943903D0,50.54341141511376D0,56.8044098427681D0,      0000089P    656
56.8044098427681D0,56.8044098427681D0,56.8044098427681D0,1.0D0,  0000089P    657
1.0D0,1.0D0,1.0D0,1.0D0,1.0D0,1.0D0,1.0D0,1.0D0,1.0D0,1.0D0,     0000089P    658
1.0D0,1.0D0,-41.01409278081908D0,42.23630596638188D0,            0000089P    659
265.1883277470369D0,-38.24927103684476D0,42.68478437427421D0,    0000089P    660
262.9947971996553D0,-32.74039255674934D0,43.37944887135165D0,    0000089P    661
260.6288705762231D0,-25.51805644278559D0,43.54105024699166D0,    0000089P    662
262.4776555153946D0,-20.98146580655714D0,43.83121525219399D0,    0000089P    663
265.2625004238044D0,-17.51186386080263D0,44.17094319618844D0,    0000089P    664
267.7889826488222D0,-14.17922463674444D0,46.36425035506483D0,    0000089P    665
269.3473165594334D0,-14.2345324625233D0,50.19389060655792D0,     0000089P    666
266.9730553813105D0,-15.49776917336806D0,53.62299101093191D0,    0000089P    667
264.0167593459571D0,-17.23851864818451D0,58.26819602902916D0,    0000089P    668
260.5909709330444D0,-18.93187101969104D0,63.88187063702233D0,    0000089P    669
258.0646034719713D0,-19.45064251346108D0,68.17324521351178D0,    0000089P    670
258.0301771771892D0,-19.58663086261961D0,70.23588534264346D0,    0000089P    671
258.3175613780982D0,0.0D0,56.8044098427681D0,0.0D0,0.0D0,0.0D0;  0000089P    672
126,12,3,0,0,1,0,0.0D0,0.0D0,0.0D0,0.0D0,10.67298157898501D0,    0000091P    673
16.22641640180833D0,21.80428849921608D0,26.48117313808624D0,     0000091P    674
29.45721996414616D0,32.72468603944753D0,37.95102859071105D0,     0000091P    675
44.25689859943903D0,50.54341141511376D0,56.8044098427681D0,      0000091P    676
56.8044098427681D0,56.8044098427681D0,56.8044098427681D0,1.0D0,  0000091P    677
1.0D0,1.0D0,1.0D0,1.0D0,1.0D0,1.0D0,1.0D0,1.0D0,1.0D0,1.0D0,     0000091P    678
1.0D0,1.0D0,-44.04342837714186D0,-57.83649958822843D0,           0000091P    679
275.4593588407512D0,-42.10313226877228D0,-56.11077090890569D0,   0000091P    680
273.0274748061387D0,-37.95914412263134D0,-52.77675939871445D0,   0000091P    681
270.1744695215344D0,-31.7077592772678D0,-48.88526411304039D0,    0000091P    682
271.3503571248863D0,-27.73498371512975D0,-46.22510467932945D0,   0000091P    683
273.7084957160155D0,-24.7220504814782D0,-44.07629185361958D0,    0000091P    684
275.908837039735D0,-22.86011006720009D0,-40.43755051361101D0,    0000091P    685
277.1887684527649D0,-25.07646327306933D0,-37.25525617441417D0,   0000091P    686
274.8937519476088D0,-28.17111634315209D0,-35.05364130901705D0,   0000091P    687
272.1242398642555D0,-32.33761970529154D0,-32.06716039121904D0,   0000091P    688
268.9516469018374D0,-36.88037790673329D0,-28.19488830567149D0,   0000091P    689
266.6862166500737D0,-39.52356165107825D0,-24.77544943436775D0,   0000091P    690
266.7712006915651D0,-40.6704307662887D0,-23.06390177707316D0,    0000091P    691
267.1041611422633D0,0.0D0,56.8044098427681D0,0.0D0,0.0D0,0.0D0;  0000091P    692
126,12,3,0,0,1,0,0.0D0,0.0D0,0.0D0,0.0D0,10.67298157898501D0,    0000093P    693
16.22641640180833D0,21.80428849921608D0,26.48117313808624D0,     0000093P    694
29.45721996414616D0,32.72468603944753D0,37.95102859071105D0,     0000093P    695
44.25689859943903D0,50.54341141511376D0,56.8044098427681D0,      0000093P    696
56.8044098427681D0,56.8044098427681D0,56.8044098427681D0,1.0D0,  0000093P    697
1.0D0,1.0D0,1.0D0,1.0D0,1.0D0,1.0D0,1.0D0,1.0D0,1.0D0,1.0D0,     0000093P    698
1.0D0,1.0D0,30.46273499754402D0,-23.28734703482641D0,            0000093P    699
247.150053821502D0,28.64627701477788D0,-23.95731285741519D0,     0000093P    700
250.134777362134D0,26.87735487132945D0,-24.52233214454679D0,     0000093P    701
255.877562167001D0,29.05051235064495D0,-23.11776066785274D0,     0000093P    702
262.8711896403466D0,32.01890831413131D0,-21.9430290642606D0,     0000093P    703
267.1407145036464D0,34.70232159517435D0,-21.04102421026928D0,    0000093P    704
270.3845310178381D0,37.01169826773746D0,-22.19365621567559D0,    0000093P    705
273.8026743606785D0,35.89404216269558D0,-26.51501198622185D0,    0000093P    706
274.4215836340126D0,34.04110205803464D0,-30.79691065422318D0,    0000093P    707
273.850497313867D0,32.08112727993644D0,-36.4335618928333D0,      0000093P    708
272.9956135043525D0,31.27057477671345D0,-42.71921110894559D0,    0000093P    709
272.2229971840557D0,32.49720009216323D0,-46.86427603425076D0,    0000093P    710
272.2286441977097D0,33.38204794967858D0,-48.75238738413574D0,    0000093P    711
272.3160891051049D0,0.0D0,56.8044098427681D0,0.0D0,0.0D0,0.0D0;  0000093P    712
126,12,3,0,0,1,0,0.0D0,0.0D0,0.0D0,0.0D0,10.67298157898501D0,    0000095P    713
16.22641640180833D0,21.80428849921608D0,26.48117313808624D0,     0000095P    714
29.45721996414616D0,32.72468603944753D0,37.95102859071105D0,     0000095P    715
44.25689859943903D0,50.54341141511376D0,56.8044098427681D0,      0000095P    716
56.8044098427681D0,56.8044098427681D0,56.8044098427681D0,1.0D0,  0000095P    717
1.0D0,1.0D0,1.0D0,1.0D0,1.0D0,1.0D0,1.0D0,1.0D0,1.0D0,1.0D0,     0000095P    718
1.0D0,1.0D0,-40.7807137210652D0,-53.61614010500002D0,            0000095P    719
260.5751292797244D0,-39.96148379247397D0,-50.17381705232923D0,   0000095P    720
260.2060456228845D0,-38.45805841219546D0,-44.40668181707171D0,   0000095P    721
261.1588168250153D0,-36.56463476247914D0,-39.63368288114639D0,   0000095P    722
266.5661902853315D0,-35.80610442721836D0,-37.39491561351742D0,   0000095P    723
271.3445544768449D0,-35.39814884300041D0,-35.84259777025073D0,   0000095P    724
275.3396197736863D0,-36.61238030434593D0,-33.2431698166695D0,    0000095P    725
278.5198872687705D0,-39.83168471453705D0,-30.71102807921303D0,   0000095P    726
276.6408830406367D0,-42.97628342927472D0,-28.97154372327579D0,   0000095P    727
273.611052035734D0,-47.33646285483748D0,-26.93304602893772D0,    0000095P    728
269.9809656495231D0,-52.72624564701552D0,-24.96976782691168D0,   0000095P    729
267.1775574449488D0,-56.8933610685208D0,-23.82717346337224D0,    0000095P    730
267.0517322784621D0,-58.90732397614714D0,-23.34395055241443D0,   0000095P    731
267.3086677516339D0,0.0D0,56.8044098427681D0,0.0D0,0.0D0,0.0D0;  0000095P    732
126,12,3,0,0,1,0,0.0D0,0.0D0,0.0D0,0.0D0,10.67298157898501D0,    0000097P    733
16.22641640180833D0,21.80428849921608D0,26.48117313808624D0,     0000097P    734
29.45721996414616D0,32.72468603944753D0,37.95102859071105D0,     0000097P    735
44.25689859943903D0,50.54341141511376D0,56.8044098427681D0,      0000097P    736
56.8044098427681D0,56.8044098427681D0,56.8044098427681D0,1.0D0,  0000097P    737
1.0D0,1.0D0,1.0D0,1.0D0,1.0D0,1.0D0,1.0D0,1.0D0,1.0D0,1.0D0,     0000097P    738
1.0D0,1.0D0,-70.20103034656148D0,8.993907375552592D0,            0000097P    739
124.6799637612522D0,-68.97945385629771D0,12.21482024691423D0,    0000097P    740
125.5690192005397D0,-65.69901349000079D0,16.83167677465466D0,    0000097P    741
127.654985754647D0,-59.19407029604299D0,18.42210677539378D0,     0000097P    742
130.9356116332124D0,-54.57689420363179D0,17.98346054373843D0,    0000097P    743
133.5642017324817D0,-50.94753987166455D0,17.30104023540045D0,    0000097P    744
135.7775148208276D0,-48.61395778486045D0,17.5315077094998D0,     0000097P    745
139.3617531576851D0,-51.24742003444883D0,19.8531938758493D0,     0000097P    746
142.1868141266492D0,-54.90726304238624D0,22.13015040486456D0,    0000097P    747
144.0617010410459D0,-59.66995356553662D0,24.68476866579837D0,    0000097P    748
146.7328186284752D0,-64.48103882259539D0,26.51551473874062D0,    0000097P    749
150.5097413007841D0,-66.80982057364184D0,26.56926831121865D0,    0000097P    750
154.1511820730197D0,-67.72188341661547D0,26.37458439627042D0,    0000097P    751
156.0182135018046D0,0.0D0,56.8044098427681D0,0.0D0,0.0D0,0.0D0;  0000097P    752
126,12,3,0,0,1,0,0.0D0,0.0D0,0.0D0,0.0D0,10.67298157898501D0,    0000099P    753
16.22641640180833D0,21.80428849921608D0,26.48117313808624D0,     0000099P    754
29.45721996414616D0,32.72468603944753D0,37.95102859071105D0,     0000099P    755
44.25689859943903D0,50.54341141511376D0,56.8044098427681D0,      0000099P    756
56.8044098427681D0,56.8044098427681D0,56.8044098427681D0,1.0D0,  0000099P    757
1.0D0,1.0D0,1.0D0,1.0D0,1.0D0,1.0D0,1.0D0,1.0D0,1.0D0,1.0D0,     0000099P    758
1.0D0,1.0D0,33.44744834791199D0,-46.71002409939916D0,            0000099P    759
48.82981460737204D0,33.32451422806536D0,-46.13859728826237D0,    0000099P    760
52.33913178059625D0,33.56560159767051D0,-43.71243831439691D0,    0000099P    761
57.86032179482081D0,34.83970155269399D0,-37.28110789767143D0,    0000099P    762
61.41291494271884D0,36.36221523108716D0,-32.29454545931166D0,    0000099P    763
62.52483159530612D0,37.77044490926594D0,-28.26918390783413D0,    0000099P    764
63.11645539860336D0,40.58546147539939D0,-25.44922605440792D0,    0000099P    765
64.68776202213803D0,43.382271373278D0,-28.00142934387588D0,      0000099P    766
67.13120883304819D0,45.52352644329942D0,-31.69456970297161D0,    0000099P    767
69.09842103123006D0,48.61644259520769D0,-36.36318566267951D0,    0000099P    768
71.33047375065723D0,52.9243545765708D0,-40.70934208058512D0,     0000099P    769
73.15149987864359D0,56.90814215921843D0,-42.29167936666746D0,    0000099P    770
73.70993519063305D0,58.93283638892238D0,-42.78149655578559D0,    0000099P    771
73.8374467971295D0,0.0D0,56.8044098427681D0,0.0D0,0.0D0,0.0D0;   0000099P    772
126,12,3,0,0,1,0,0.0D0,0.0D0,0.0D0,0.0D0,10.67298157898501D0,    0000101P    773
16.22641640180833D0,21.80428849921608D0,26.48117313808624D0,     0000101P    774
29.45721996414616D0,32.72468603944753D0,37.95102859071105D0,     0000101P    775
44.25689859943903D0,50.54341141511376D0,56.8044098427681D0,      0000101P    776
56.8044098427681D0,56.8044098427681D0,56.8044098427681D0,1.0D0,  0000101P    777
1.0D0,1.0D0,1.0D0,1.0D0,1.0D0,1.0D0,1.0D0,1.0D0,1.0D0,1.0D0,     0000101P    778
1.0D0,1.0D0,32.3274962963496D0,-11.07041917053796D0,             0000101P    779
14.26738768032671D0,34.87909473736286D0,-11.76721012765935D0,    0000101P    780
16.646626251485D0,40.09424294758809D0,-12.12013744443335D0,      0000101P    781
19.66417179610954D0,47.1785035731093D0,-9.800709614453968D0,     0000101P    782
19.46475858143182D0,51.83869088089894D0,-7.810538547241689D0,    0000101P    783
17.80883440611365D0,55.4755549071521D0,-6.2207844719013D0,       0000101P    784
16.14073152987091D0,59.44226639069829D0,-6.69685552359007D0,     0000101P    785
14.59669738908361D0,60.30451203943551D0,-11.07327743663646D0,    0000101P    786
15.23684052435186D0,59.84480926439811D0,-15.62885633965495D0,    0000101P    787
16.29964673271981D0,59.24900895873209D0,-21.5579680565278D0,     0000101P    788
17.21333206634736D0,59.07197892609071D0,-27.9349055029558D0,     0000101P    789
16.95517207957517D0,59.85361436721443D0,-31.81541842307119D0,    0000101P    790
15.21825806263089D0,60.3658444480897D0,-33.523778697918D0,       0000101P    791
14.13442582103848D0,0.0D0,56.8044098427681D0,0.0D0,0.0D0,0.0D0;  0000101P    792
126,12,3,0,0,1,0,0.0D0,0.0D0,0.0D0,0.0D0,10.67298157898501D0,    0000103P    793
16.22641640180833D0,21.80428849921608D0,26.48117313808624D0,     0000103P    794
29.45721996414616D0,32.72468603944753D0,37.95102859071105D0,     0000103P    795
44.25689859943903D0,50.54341141511376D0,56.8044098427681D0,      0000103P    796
56.8044098427681D0,56.8044098427681D0,56.8044098427681D0,1.0D0,  0000103P    797
1.0D0,1.0D0,1.0D0,1.0D0,1.0D0,1.0D0,1.0D0,1.0D0,1.0D0,1.0D0,     0000103P    798
1.0D0,1.0D0,-25.01795350694886D0,-68.79214214100558D0,           0000103P    799
98.82669843883815D0,-21.52313914182657D0,-69.22354821035009D0,   0000103P    800
98.31963850425207D0,-15.53224836025959D0,-69.53099323463317D0,   0000103P    801
98.9849315673478D0,-10.13067410113296D0,-68.8103419717476D0,     0000103P    802
104.0751100494271D0,-7.456086401159398D0,-67.58529220360548D0,   0000103P    803
108.5210121171273D0,-5.571822561084707D0,-66.39299432696959D0,   0000103P    804
112.2040327151693D0,-2.987860634756517D0,-63.83109456638719D0,   0000103P    805
114.4635228009816D0,-1.171763622952922D0,-61.14235002027407D0,   0000103P    806
111.3364212735517D0,-0.206082296996275D0,-59.02175046626889D0,   0000103P    807
107.2541792513534D0,0.8071410340508631D0,-55.93578086107267D0,   0000103P    808
102.1753669175982D0,1.634472669690833D0,-51.61931417857617D0,    0000103P    809
97.5442811755233D0,2.053163243392726D0,-47.63388597325274D0,     0000103P    810
95.92339715377271D0,2.210723614140855D0,-45.60826304958894D0,    0000103P    811
95.44632974444696D0,0.0D0,56.8044098427681D0,0.0D0,0.0D0,0.0D0;  0000103P    812
126,12,3,0,0,1,0,0.0D0,0.0D0,0.0D0,0.0D0,10.67298157898501D0,    0000105P    813
16.22641640180833D0,21.80428849921608D0,26.48117313808624D0,     0000105P    814
29.45721996414616D0,32.72468603944753D0,37.95102859071105D0,     0000105P    815
44.25689859943903D0,50.54341141511376D0,56.8044098427681D0,      0000105P    816
56.8044098427681D0,56.8044098427681D0,56.8044098427681D0,1.0D0,  0000105P    817
1.0D0,1.0D0,1.0D0,1.0D0,1.0D0,1.0D0,1.0D0,1.0D0,1.0D0,1.0D0,     0000105P    818
1.0D0,1.0D0,-14.41309440653426D0,-62.55826503147054D0,           0000105P    819
39.03569684960169D0,-15.46806942240053D0,-59.47708124516785D0,   0000105P    820
40.46757764475129D0,-15.79595565484906D0,-53.79797959201167D0,   0000105P    821
42.48455674506772D0,-11.9167428407435D0,-47.43840691867446D0,    0000105P    822
42.82190382805953D0,-7.94523758289597D0,-43.88471346227139D0,    0000105P    823
42.68544760920871D0,-4.512775598130901D0,-41.28856766449459D0,   0000105P    824
42.56339478837475D0,-1.485517825746786D0,-38.94340009936092D0,   0000105P    825
44.48208823414849D0,-2.596422800102204D0,-39.15287890830638D0,   0000105P    826
48.84423544853101D0,-4.709789787504867D0,-40.2851284666349D0,    0000105P    827
52.88723850736872D0,-7.052962573595192D0,-41.99102320686831D0,   0000105P    828
58.17341189404897D0,-8.289763560370819D0,-44.06498644603444D0,   0000105P    829
64.08376866911604D0,-7.27324761066652D0,-45.38670969071384D0,    0000105P    830
68.07199481324724D0,-6.473543302259175D0,-45.99010963064122D0,   0000105P    831
69.90282750466218D0,0.0D0,56.8044098427681D0,0.0D0,0.0D0,0.0D0;  0000105P    832
126,12,3,0,0,1,0,0.0D0,0.0D0,0.0D0,0.0D0,10.67298157898501D0,    0000107P    833
16.22641640180833D0,21.80428849921608D0,26.48117313808624D0,     0000107P    834
29.45721996414616D0,32.72468603944753D0,37.95102859071105D0,     0000107P    835
44.25689859943903D0,50.54341141511376D0,56.8044098427681D0,      0000107P    836
56.8044098427681D0,56.8044098427681D0,56.8044098427681D0,1.0D0,  0000107P    837
1.0D0,1.0D0,1.0D0,1.0D0,1.0D0,1.0D0,1.0D0,1.0D0,1.0D0,1.0D0,     0000107P    838
1.0D0,1.0D0,-0.5164756983950269D0,-64.32930367165002D0,          0000107P    839
138.6154560683197D0,0.2760007668995712D0,-60.8925839153903D0,    0000107P    840
138.1486726180098D0,3.096520007521946D0,-55.63083079690068D0,    0000107P    841
137.2618045371954D0,9.832341117265472D0,-52.70989677550278D0,    0000107P    842
135.9567688598458D0,15.10676348696651D0,-52.07678570824422D0,    0000107P    843
135.5097223998803D0,19.40334037512976D0,-51.86915531890523D0,    0000107P    844
135.328113378163D0,23.18560796178595D0,-50.56132837577806D0,     0000107P    845
136.8543917464926D0,22.06242058099993D0,-47.86554959606488D0,    0000107P    846
140.2862347545396D0,19.60026544180337D0,-45.53725253077583D0,    0000107P    847
143.5436889239554D0,16.60700468300897D0,-42.84522150081803D0,    0000107P    848
148.0311741448651D0,14.32191958689506D0,-40.58619792440356D0,    0000107P    849
153.5482853447236D0,14.36671408967653D0,-39.85330064060033D0,    0000107P    850
157.808221941925D0,14.66690815026092D0,-39.6668171181538D0,      0000107P    851
159.8650822274546D0,0.0D0,56.8044098427681D0,0.0D0,0.0D0,0.0D0;  0000107P    852
126,12,3,0,0,1,0,0.0D0,0.0D0,0.0D0,0.0D0,10.67298157898501D0,    0000109P    853
16.22641640180833D0,21.80428849921608D0,26.48117313808624D0,     0000109P    854
29.45721996414616D0,32.72468603944753D0,37.95102859071105D0,     0000109P    855
44.25689859943903D0,50.54341141511376D0,56.8044098427681D0,      0000109P    856
56.8044098427681D0,56.8044098427681D0,56.8044098427681D0,1.0D0,  0000109P    857
1.0D0,1.0D0,1.0D0,1.0D0,1.0D0,1.0D0,1.0D0,1.0D0,1.0D0,1.0D0,     0000109P    858
1.0D0,1.0D0,-3.489448096341064D0,-73.21441422698703D0,           0000109P    859
9.803146474195159D0,-5.366550367696419D0,-71.33210484822527D0,   0000109P    860
12.16753791515686D0,-8.389598974084826D0,-67.00072930352079D0,   0000109P    861
15.08785856083481D0,-10.78182710424145D0,-59.9758157125695D0,    0000109P    862
14.3570416809418D0,-11.43285114607049D0,-54.97311862780758D0,    0000109P    863
12.63384666297928D0,-11.66717067452358D0,-50.97834157440406D0,   0000109P    864
11.04528888202474D0,-10.8237252445678D0,-46.78369670808203D0,    0000109P    865
11.24287258579372D0,-8.864173185835988D0,-46.29098549165897D0,   0000109P    866
15.27073938345733D0,-6.912343254925759D0,-47.18927922038813D0,   0000109P    867
19.45136267637412D0,-4.003167417460674D0,-48.24477108731512D0,   0000109P    868
24.62502651449089D0,0.02507994849742801D0,-48.63598704407462D0,  0000109P    869
29.5629907347654D0,3.572077644030017D0,-47.63671580843305D0,     0000109P    870
31.82274052927066D0,5.356885233641233D0,-46.95803204310656D0,    0000109P    871
32.66500950477183D0,0.0D0,56.8044098427681D0,0.0D0,0.0D0,0.0D0;  0000109P    872
126,12,3,0,0,1,0,0.0D0,0.0D0,0.0D0,0.0D0,10.67298157898501D0,    0000111P    873
16.22641640180833D0,21.80428849921608D0,26.48117313808624D0,     0000111P    874
29.45721996414616D0,32.72468603944753D0,37.95102859071105D0,     0000111P    875
44.25689859943903D0,50.54341141511376D0,56.8044098427681D0,      0000111P    876
56.8044098427681D0,56.8044098427681D0,56.8044098427681D0,1.0D0,  0000111P    877
1.0D0,1.0D0,1.0D0,1.0D0,1.0D0,1.0D0,1.0D0,1.0D0,1.0D0,1.0D0,     0000111P    878
1.0D0,1.0D0,-62.74345678787596D0,-36.23800656750672D0,           0000111P    879
117.2383945945683D0,-59.37633300648623D0,-37.37141142958155D0,   0000111P    880
117.4249938443513D0,-53.83873498231997D0,-38.90884125596388D0,   0000111P    881
119.2686931992148D0,-49.58464024376149D0,-39.36934168131309D0,   0000111P    882
125.3758101141431D0,-47.70769062203411D0,-38.76947538634927D0,   0000111P    883
130.3293373463808D0,-46.43497674405334D0,-38.03088790327281D0,   0000111P    884
134.3754902211351D0,-43.92359162797752D0,-36.07933100043938D0,   0000111P    885
137.2442626975832D0,-40.99877444206121D0,-33.785086798917D0,     0000111P    886
134.6970666850746D0,-38.80182212828316D0,-31.86158666093544D0,   0000111P    887
131.0136266394488D0,-36.15999128813841D0,-28.99177482154958D0,   0000111P    888
126.4169893399811D0,-33.54553384255851D0,-24.8846548762856D0,    0000111P    889
122.2866751355471D0,-32.0160074502106D0,-21.05178227228133D0,    0000111P    890
120.9998801227943D0,-31.36385270021716D0,-19.096292542445D0,     0000111P    891
120.6738112483077D0,0.0D0,56.8044098427681D0,0.0D0,0.0D0,0.0D0;  0000111P    892
126,12,3,0,0,1,0,0.0D0,0.0D0,0.0D0,0.0D0,10.67298157898501D0,    0000113P    893
16.22641640180833D0,21.80428849921608D0,26.48117313808624D0,     0000113P    894
29.45721996414616D0,32.72468603944753D0,37.95102859071105D0,     0000113P    895
44.25689859943903D0,50.54341141511376D0,56.8044098427681D0,      0000113P    896
56.8044098427681D0,56.8044098427681D0,56.8044098427681D0,1.0D0,  0000113P    897
1.0D0,1.0D0,1.0D0,1.0D0,1.0D0,1.0D0,1.0D0,1.0D0,1.0D0,1.0D0,     0000113P    898
1.0D0,1.0D0,-72.46966461459894D0,1.815990428981566D0,            0000113P    899
76.36975436359776D0,-69.00002321229169D0,1.829564453276289D0,    0000113P    900
75.58340030475753D0,-62.96963400010638D0,1.88340855074323D0,     0000113P    901
75.82715514501933D0,-57.27194605157246D0,1.764505192705984D0,    0000113P    902
80.63636232828352D0,-54.3698379618109D0,2.058298888813908D0,     0000113P    903
85.09861124495363D0,-52.30779742644437D0,2.444118658570597D0,    0000113P    904
88.85837149090219D0,-49.75020746908299D0,4.568703762615728D0,    0000113P    905
91.55843756667583D0,-48.36163030717021D0,8.104024194480038D0,    0000113P    906
89.13363191202083D0,-47.84958832098737D0,11.25842079661769D0,    0000113P    907
85.68663642314098D0,-47.4310961030855D0,15.59818205187527D0,     0000113P    908
81.52304408536372D0,-47.25068657216475D0,20.99546366641505D0,    0000113P    909
78.11714905154564D0,-47.23221523035526D0,25.28122273741479D0,    0000113P    910
77.55311644332529D0,-47.25227604792421D0,27.36750466306553D0,    0000113P    911
77.60402913962859D0,0.0D0,56.8044098427681D0,0.0D0,0.0D0,0.0D0;  0000113P    912
126,12,3,0,0,1,0,0.0D0,0.0D0,0.0D0,0.0D0,10.67298157898501D0,    0000115P    913
16.22641640180833D0,21.80428849921608D0,26.48117313808624D0,     0000115P    914
29.45721996414616D0,32.72468603944753D0,37.95102859071105D0,     0000115P    915
44.25689859943903D0,50.54341141511376D0,56.8044098427681D0,      0000115P    916
56.8044098427681D0,56.8044098427681D0,56.8044098427681D0,1.0D0,  0000115P    917
1.0D0,1.0D0,1.0D0,1.0D0,1.0D0,1.0D0,1.0D0,1.0D0,1.0D0,1.0D0,     0000115P    918
1.0D0,1.0D0,-68.56633911888274D0,-19.3246801069736D0,            0000115P    919
157.9840356345155D0,-65.99304389461372D0,-17.5133933418908D0,    0000115P    920
156.3244150863223D0,-60.71448340516683D0,-15.57721335224861D0,   0000115P    921
154.1298955793725D0,-53.47439025531759D0,-17.3331515370171D0,    0000115P    922
153.8074177169396D0,-48.73097621809845D0,-19.56939716471661D0,   0000115P    923
154.766292192021D0,-45.04039771942671D0,-21.51111789625099D0,    0000115P    924
155.8368136150278D0,-41.1886798029655D0,-21.5237817586135D0,     0000115P    925
157.71020460104D0,-40.67018423434974D0,-17.26323342942911D0,     0000115P    926
159.0832340375052D0,-41.46694020693651D0,-12.73502813966991D0,   0000115P    927
160.0603315728075D0,-42.51927648982004D0,-7.045877009576259D0,   0000115P    928
161.7545312100868D0,-43.23643884497555D0,-1.440247486540443D0,   0000115P    929
164.7253750655764D0,-42.84727200209203D0,1.334974234653316D0,    0000115P    930
168.0167119299637D0,-42.52066077031003D0,2.427586176943493D0,    0000115P    931
169.7645938078897D0,0.0D0,56.8044098427681D0,0.0D0,0.0D0,0.0D0;  0000115P    932
126,12,3,0,0,1,0,0.0D0,0.0D0,0.0D0,0.0D0,10.67298157898501D0,    0000117P    933
16.22641640180833D0,21.80428849921608D0,26.48117313808624D0,     0000117P    934
29.45721996414616D0,32.72468603944753D0,37.95102859071105D0,     0000117P    935
44.25689859943903D0,50.54341141511376D0,56.8044098427681D0,      0000117P    936
56.8044098427681D0,56.8044098427681D0,56.8044098427681D0,1.0D0,  0000117P    937
1.0D0,1.0D0,1.0D0,1.0D0,1.0D0,1.0D0,1.0D0,1.0D0,1.0D0,1.0D0,     0000117P    938
1.0D0,1.0D0,-70.56843793280399D0,-20.49172778456749D0,           0000117P    939
204.568880643849D0,-67.17833579096535D0,-20.08583409191952D0,    0000117P    940
203.5691775885549D0,-61.1820530978824D0,-19.41093320496893D0,    0000117P    941
203.4387463160346D0,-55.19444160223361D0,-19.11436038098309D0,   0000117P    942
207.8734743613862D0,-52.04677756672623D0,-18.68690526177348D0,   0000117P    943
212.1547948043676D0,-49.78908123110176D0,-18.22939112031105D0,   0000117P    944
215.7921225649241D0,-47.2872727650685D0,-15.95217449460804D0,    0000117P    945
218.4190454619228D0,-46.43074921988861D0,-12.20227839182334D0,   0000117P    946
216.0715007470638D0,-46.47347491216768D0,-8.884121824716985D0,   0000117P    947
212.7425077565428D0,-46.77756615242122D0,-4.370749923567793D0,   0000117P    948
208.7573895344828D0,-47.3752991003299D0,1.140173586237864D0,     0000117P    949
205.5894635885462D0,-47.83128761014993D0,5.42254791485956D0,     0000117P    950
205.2159005058751D0,-48.06042732321615D0,7.491891910525535D0,    0000117P    951
205.360390062039D0,0.0D0,56.8044098427681D0,0.0D0,0.0D0,0.0D0;   0000117P    952
126,12,3,0,0,1,0,0.0D0,0.0D0,0.0D0,0.0D0,10.67298157898501D0,    0000119P    953
16.22641640180833D0,21.80428849921608D0,26.48117313808624D0,     0000119P    954
29.45721996414616D0,32.72468603944753D0,37.95102859071105D0,     0000119P    955
44.25689859943903D0,50.54341141511376D0,56.8044098427681D0,      0000119P    956
56.8044098427681D0,56.8044098427681D0,56.8044098427681D0,1.0D0,  0000119P    957
1.0D0,1.0D0,1.0D0,1.0D0,1.0D0,1.0D0,1.0D0,1.0D0,1.0D0,1.0D0,     0000119P    958
1.0D0,1.0D0,-60.76907748037038D0,-31.23941891606623D0,           0000119P    959
274.4333254086993D0,-58.23027758039397D0,-29.32543587709188D0,   0000119P    960
272.8370446016377D0,-53.35138496674268D0,-25.99303428650154D0,   0000119P    961
271.6043986009895D0,-47.28335185392049D0,-23.04228951034615D0,   0000119P    962
274.7790385973775D0,-43.77363592881807D0,-21.26681188748585D0,   0000119P    963
278.3776195441758D0,-41.19517952143048D0,-19.86404897069126D0,   0000119P    964
281.5272995161274D0,-39.43663370545705D0,-16.72105450498033D0,   0000119P    965
283.8456151696791D0,-40.87916740505828D0,-12.97159368272191D0,   0000119P    966
281.8043019596954D0,-43.13308191739694D0,-10.00717587221282D0,   0000119P    967
278.9361528639621D0,-46.2899915081444D0,-6.091829451426566D0,    0000119P    968
275.6122772818503D0,-49.95833148971671D0,-1.429423125580431D0,   0000119P    969
273.2524962667578D0,-52.33060975944571D0,2.178755048464534D0,    0000119P    970
273.4513702559514D0,-53.41129409832275D0,3.915395287303863D0,    0000119P    971
273.8658203167468D0,0.0D0,56.8044098427681D0,0.0D0,0.0D0,0.0D0;  0000119P    972
126,12,3,0,0,1,0,0.0D0,0.0D0,0.0D0,0.0D0,10.67298157898501D0,    0000121P    973
16.22641640180833D0,21.80428849921608D0,26.48117313808624D0,     0000121P    974
29.45721996414616D0,32.72468603944753D0,37.95102859071105D0,     0000121P    975
44.25689859943903D0,50.54341141511376D0,56.8044098427681D0,      0000121P    976
56.8044098427681D0,56.8044098427681D0,56.8044098427681D0,1.0D0,  0000121P    977
1.0D0,1.0D0,1.0D0,1.0D0,1.0D0,1.0D0,1.0D0,1.0D0,1.0D0,1.0D0,     0000121P    978
1.0D0,1.0D0,-63.15037964927829D0,-33.80218900109445D0,           0000121P    979
111.9519908398372D0,-62.27744744961141D0,-30.51050300205566D0,   0000121P    980
110.9225535765174D0,-59.36160633576086D0,-25.37491595952475D0,   0000121P    981
109.6769509164402D0,-52.58080919955527D0,-22.27503988801189D0,   0000121P    982
109.8104358888877D0,-47.43993774672513D0,-21.31937918249398D0,   0000121P    983
110.8488793472717D0,-43.30741393430143D0,-20.79767000951631D0,   0000121P    984
111.9382514828743D0,-40.21041036560693D0,-18.86008367460315D0,   0000121P    985
114.1742776808696D0,-42.38005132058827D0,-15.55229229959921D0,   0000121P    986
116.3324004529349D0,-45.76230508472258D0,-12.7537336091545D0,    0000121P    987
118.0124634132687D0,-50.03953789350995D0,-9.364589968496066D0,   0000121P    988
120.5743278762515D0,-53.96649791952729D0,-6.098968981060015D0,   0000121P    989
124.4055185433107D0,-55.27424070634013D0,-4.40559318016378D0,    0000121P    990
128.1616458027016D0,-55.64006990290192D0,-3.726783038028803D0,   0000121P    991
130.1009633636546D0,0.0D0,56.8044098427681D0,0.0D0,0.0D0,0.0D0;  0000121P    992
126,12,3,0,0,1,0,0.0D0,0.0D0,0.0D0,0.0D0,10.67298157898501D0,    0000123P    993
16.22641640180833D0,21.80428849921608D0,26.48117313808624D0,     0000123P    994
29.45721996414616D0,32.72468603944753D0,37.95102859071105D0,     0000123P    995
44.25689859943903D0,50.54341141511376D0,56.8044098427681D0,      0000123P    996
56.8044098427681D0,56.8044098427681D0,56.8044098427681D0,1.0D0,  0000123P    997
1.0D0,1.0D0,1.0D0,1.0D0,1.0D0,1.0D0,1.0D0,1.0D0,1.0D0,1.0D0,     0000123P    998
1.0D0,1.0D0,-53.45053084007077D0,-51.87217842475766D0,           0000123P    999
68.1852300471845D0,-49.97619006673848D0,-51.88162046629113D0,    0000123P   1000
67.41984422342809D0,-43.94922590824069D0,-51.70449098392425D0,   0000123P   1001
67.68861520043903D0,-38.28370095495188D0,-51.24129360467173D0,   0000123P   1002
72.51495282751161D0,-35.41745493905274D0,-50.44861565197384D0,   0000123P   1003
76.93948748490833D0,-33.38775454090373D0,-49.64946338511887D0,   0000123P   1004
80.65140573823494D0,-30.88268357203561D0,-47.22018669420644D0,   0000123P   1005
83.13509639284428D0,-29.53332629390538D0,-43.92693716468835D0,   0000123P   1006
80.37103018059904D0,-29.04731201226178D0,-41.13070175380256D0,   0000123P   1007
76.62415942428832D0,-28.66858027762456D0,-37.22964377656778D0,   0000123P   1008
72.04349641816043D0,-28.5498023282044D0,-32.20367118148769D0,    0000123P   1009
68.10791403697235D0,-28.5950252723514D0,-27.99756199149594D0,    0000123P   1010
67.11151795335381D0,-28.64833429458389D0,-25.91749593740991D0,   0000123P   1011
66.95011729929409D0,0.0D0,56.8044098427681D0,0.0D0,0.0D0,0.0D0;  0000123P   1012
126,12,3,0,0,1,0,0.0D0,0.0D0,0.0D0,0.0D0,10.67298157898501D0,    0000125P   1013
16.22641640180833D0,21.80428849921608D0,26.48117313808624D0,     0000125P   1014
29.45721996414616D0,32.72468603944753D0,37.95102859071105D0,     0000125P   1015
44.25689859943903D0,50.54341141511376D0,56.8044098427681D0,      0000125P   1016
56.8044098427681D0,56.8044098427681D0,56.8044098427681D0,1.0D0,  0000125P   1017
1.0D0,1.0D0,1.0D0,1.0D0,1.0D0,1.0D0,1.0D0,1.0D0,1.0D0,1.0D0,     0000125P   1018
1.0D0,1.0D0,-42.89351644422804D0,-60.75675271038185D0,           0000125P   1019
187.3982536347989D0,-39.71048452589189D0,-62.06949636669366D0,   0000125P   1020
188.2937760076412D0,-34.61129615483338D0,-63.53617032543311D0,   0000125P   1021
191.1704155600776D0,-31.13790527168202D0,-62.81681542697496D0,   0000125P   1022
197.729710034477D0,-29.76987797605378D0,-61.1697094779157D0,     0000125P   1023
202.6118975365958D0,-28.88282676784429D0,-59.563722769721D0,     0000125P   1024
206.506844521904D0,-26.50995475255401D0,-57.17102162562767D0,    0000125P   1025
209.1506948773471D0,-23.08908984935256D0,-55.80700421411492D0,   0000125P   1026
206.5538777161814D0,-20.30096461706364D0,-55.02285529776031D0,   0000125P   1027
202.8517633222703D0,-16.86942524401904D0,-53.58286339222041D0,   0000125P   1028
198.1088606785825D0,-13.3830051499957D0,-50.83077277506782D0,    0000125P   1029
193.5225561128288D0,-11.31436859312672D0,-47.56190331778449D0,   0000125P   1030
191.5934526798615D0,-10.42237394002844D0,-45.80314565188773D0,   0000125P   1031
190.9103100711502D0,0.0D0,56.8044098427681D0,0.0D0,0.0D0,0.0D0;  0000125P   1032
126,12,3,0,0,1,0,0.0D0,0.0D0,0.0D0,0.0D0,10.67298157898501D0,    0000127P   1033
16.22641640180833D0,21.80428849921608D0,26.48117313808624D0,     0000127P   1034
29.45721996414616D0,32.72468603944753D0,37.95102859071105D0,     0000127P   1035
44.25689859943903D0,50.54341141511376D0,56.8044098427681D0,      0000127P   1036
56.8044098427681D0,56.8044098427681D0,56.8044098427681D0,1.0D0,  0000127P   1037
1.0D0,1.0D0,1.0D0,1.0D0,1.0D0,1.0D0,1.0D0,1.0D0,1.0D0,1.0D0,     0000127P   1038
1.0D0,1.0D0,-48.48965047826427D0,-52.61604944860496D0,           0000127P   1039
232.1162794671534D0,-46.51703531955219D0,-54.98542786717905D0,   0000127P   1040
233.8916058500502D0,-43.53777581518223D0,-58.07650384246784D0,   0000127P   1041
238.1339132151568D0,-42.2086939152958D0,-58.21988961842586D0,    0000127P   1042
245.4700730772119D0,-41.83506524057056D0,-56.83265223228634D0,   0000127P   1043
250.6039006495769D0,-41.59859553478658D0,-55.37854653901412D0,   0000127P   1044
254.6494319969137D0,-39.38553416497713D0,-53.88717717507996D0,   0000127P   1045
257.9996054046115D0,-35.09715667044829D0,-54.18774110888967D0,   0000127P   1046
256.6483839795663D0,-31.25565533339388D0,-54.86626524819808D0,   0000127P   1047
254.0260462268474D0,-26.2834806892762D0,-55.28152602595321D0,    0000127P   1048
250.6423792161727D0,-20.79076494123531D0,-54.50174337165361D0,   0000127P   1049
247.4824219173853D0,-17.12129790463659D0,-52.47227807288234D0,   0000127P   1050
246.4324280808989D0,-15.44528627446594D0,-51.26442664796718D0,   0000127P   1051
246.1363761205837D0,0.0D0,56.8044098427681D0,0.0D0,0.0D0,0.0D0;  0000127P   1052
126,12,3,0,0,1,0,0.0D0,0.0D0,0.0D0,0.0D0,10.67298157898501D0,    0000129P   1053
16.22641640180833D0,21.80428849921608D0,26.48117313808624D0,     0000129P   1054
29.45721996414616D0,32.72468603944753D0,37.95102859071105D0,     0000129P   1055
44.25689859943903D0,50.54341141511376D0,56.8044098427681D0,      0000129P   1056
56.8044098427681D0,56.8044098427681D0,56.8044098427681D0,1.0D0,  0000129P   1057
1.0D0,1.0D0,1.0D0,1.0D0,1.0D0,1.0D0,1.0D0,1.0D0,1.0D0,1.0D0,     0000129P   1058
1.0D0,1.0D0,-37.19337700484095D0,-57.40770289800729D0,           0000129P   1059
83.39241743009802D0,-35.22333993800916D0,-59.96524309585055D0,   0000129P   1060
84.88737245026404D0,-32.26563837691316D0,-63.53334164645548D0,   0000129P   1061
88.75371230445239D0,-31.00497325998595D0,-64.55858134648929D0,   0000129P   1062
96.03147753283248D0,-30.68816019935304D0,-63.80214774827873D0,   0000129P   1063
101.299081275614D0,-30.49863548343961D0,-62.84807176011093D0,    0000129P   1064
105.4931824382119D0,-28.32630879130626D0,-61.76313574859865D0,   0000129P   1065
109.0215525522219D0,-24.02364178533867D0,-61.8769003018481D0,    0000129P   1066
107.6872235764547D0,-20.15355338899337D0,-62.2139022037933D0,    0000129P   1067
105.0409000244097D0,-15.14726923423152D0,-62.19181386481622D0,   0000129P   1068
101.6822104419477D0,-9.629794855836366D0,-61.00810860879277D0,   0000129P   1069
98.69563451666166D0,-5.962894819839818D0,-58.84857158893676D0,   0000129P   1070
97.93639227986192D0,-4.291481094375314D0,-57.605634382548D0,     0000129P   1071
97.80581635694078D0,0.0D0,56.8044098427681D0,0.0D0,0.0D0,0.0D0;  0000129P   1072
126,12,3,0,0,1,0,0.0D0,0.0D0,0.0D0,0.0D0,10.67298157898501D0,    0000131P   1073
16.22641640180833D0,21.80428849921608D0,26.48117313808624D0,     0000131P   1074
29.45721996414616D0,32.72468603944753D0,37.95102859071105D0,     0000131P   1075
44.25689859943903D0,50.54341141511376D0,56.8044098427681D0,      0000131P   1076
56.8044098427681D0,56.8044098427681D0,56.8044098427681D0,1.0D0,  0000131P   1077
1.0D0,1.0D0,1.0D0,1.0D0,1.0D0,1.0D0,1.0D0,1.0D0,1.0D0,1.0D0,     0000131P   1078
1.0D0,1.0D0,-48.18799592122623D0,-53.94554487953855D0,           0000131P   1079
237.3353715034762D0,-48.29928446854258D0,-50.70837613418377D0,   0000131P   1080
235.8638750563418D0,-47.3628286608794D0,-44.91779972881089D0,    0000131P   1081
234.4425429089333D0,-43.08983778727593D0,-39.05251892878678D0,   0000131P   1082
236.159018900595D0,-39.71879291990622D0,-35.76972931618567D0,    0000131P   1083
238.6649239978471D0,-37.02423242941877D0,-33.32988559345701D0,   0000131P   1084
240.9721239334857D0,-36.21562365746213D0,-30.02507664247173D0,   0000131P   1085
243.5740222249783D0,-40.19276132007018D0,-27.92910823281287D0,   0000131P   1086
243.8832341131173D0,-44.75473274471263D0,-26.87632779085479D0,   0000131P   1087
243.4657980325896D0,-50.65542352051916D0,-25.64475734957129D0,   0000131P   1088
243.369635354044D0,-56.77279946047322D0,-24.26615721393647D0,    0000131P   1089
244.5698397875392D0,-60.1175715657685D0,-23.08364374001126D0,    0000131P   1090
247.0397317357597D0,-61.51708570354965D0,-22.50426047240175D0,   0000131P   1091
248.4754343580699D0,0.0D0,56.8044098427681D0,0.0D0,0.0D0,0.0D0;  0000131P   1092
126,12,3,0,0,1,0,0.0D0,0.0D0,0.0D0,0.0D0,10.67298157898501D0,    0000133P   1093
16.22641640180833D0,21.80428849921608D0,26.48117313808624D0,     0000133P   1094
29.45721996414616D0,32.72468603944753D0,37.95102859071105D0,     0000133P   1095
44.25689859943903D0,50.54341141511376D0,56.8044098427681D0,      0000133P   1096
56.8044098427681D0,56.8044098427681D0,56.8044098427681D0,1.0D0,  0000133P   1097
1.0D0,1.0D0,1.0D0,1.0D0,1.0D0,1.0D0,1.0D0,1.0D0,1.0D0,1.0D0,     0000133P   1098
1.0D0,1.0D0,12.49763262353955D0,-54.81448435536869D0,            0000133P   1099
86.62196314019087D0,10.86323026061506D0,-52.51772488719888D0,    0000133P   1100
88.79234865480205D0,8.366594585506366D0,-47.61780565761948D0,    0000133P   1101
91.27941751367921D0,6.760455214105388D0,-40.47275118879739D0,    0000133P   1102
89.87415146905207D0,6.651242028308882D0,-35.61654052248494D0,    0000133P   1103
87.67744895407719D0,6.845775262821274D0,-31.79080852593255D0,    0000133P   1104
85.71209995645093D0,8.15055767883366D0,-27.71639711691624D0,     0000133P   1105
85.50667458116187D0,10.19093595916936D0,-27.06171261844209D0,    0000133P   1106
89.47083454690264D0,12.07100028776676D0,-27.76752807755619D0,    0000133P   1107
93.72070107157853D0,14.89452562351015D0,-28.64032235262107D0,    0000133P   1108
98.9752323994998D0,18.90152525803898D0,-29.00298386557608D0,     0000133P   1109
103.9326256623739D0,22.55876859101305D0,-28.1927922016705D0,     0000133P   1110
106.0900235068651D0,24.41572235635425D0,-27.63934403972415D0,    0000133P   1111
106.8652555094081D0,0.0D0,56.8044098427681D0,0.0D0,0.0D0,0.0D0;  0000133P   1112
126,12,3,0,0,1,0,0.0D0,0.0D0,0.0D0,0.0D0,10.67298157898501D0,    0000135P   1113
16.22641640180833D0,21.80428849921608D0,26.48117313808624D0,     0000135P   1114
29.45721996414616D0,32.72468603944753D0,37.95102859071105D0,     0000135P   1115
44.25689859943903D0,50.54341141511376D0,56.8044098427681D0,      0000135P   1116
56.8044098427681D0,56.8044098427681D0,56.8044098427681D0,1.0D0,  0000135P   1117
1.0D0,1.0D0,1.0D0,1.0D0,1.0D0,1.0D0,1.0D0,1.0D0,1.0D0,1.0D0,     0000135P   1118
1.0D0,1.0D0,38.50273994301767D0,-60.96845811797449D0,            0000135P   1119
34.62030907719337D0,35.82876145499638D0,-59.71723198298046D0,    0000135P   1120
32.63505830580401D0,32.12438222622981D0,-56.24955168400226D0,    0000135P   1121
29.36692771891109D0,31.4322515945426D0,-49.36529488086103D0,     0000135P   1122
26.58588058589352D0,32.10192785019409D0,-44.15830056006743D0,    0000135P   1123
25.65908214464784D0,32.84075072328665D0,-39.94116372204313D0,    0000135P   1124
25.20459031543783D0,31.77570871365734D0,-35.83706070804027D0,    0000135P   1125
25.81081555084739D0,27.70575801117621D0,-36.07656486945764D0,    0000135P   1126
27.73030990859557D0,23.77162010983393D0,-37.70709112904643D0,    0000135P   1127
29.71981384414416D0,18.88466298041943D0,-39.64314417801704D0,    0000135P   1128
32.6716799066736D0,14.07674258903772D0,-40.82073229621244D0,     0000135P   1129
36.7041115726667D0,11.61141827260226D0,-40.11549040613093D0,     0000135P   1130
40.18419988757007D0,10.62335705154678D0,-39.52819939296076D0,    0000135P   1131
41.92615026046799D0,0.0D0,56.8044098427681D0,0.0D0,0.0D0,0.0D0;  0000135P   1132
126,12,3,0,0,1,0,0.0D0,0.0D0,0.0D0,0.0D0,10.67298157898501D0,    0000137P   1133
16.22641640180833D0,21.80428849921608D0,26.48117313808624D0,     0000137P   1134
29.45721996414616D0,32.72468603944753D0,37.95102859071105D0,     0000137P   1135
44.25689859943903D0,50.54341141511376D0,56.8044098427681D0,      0000137P   1136
56.8044098427681D0,56.8044098427681D0,56.8044098427681D0,1.0D0,  0000137P   1137
1.0D0,1.0D0,1.0D0,1.0D0,1.0D0,1.0D0,1.0D0,1.0D0,1.0D0,1.0D0,     0000137P   1138
1.0D0,1.0D0,17.13049136403557D0,-54.15934190023333D0,            0000137P   1139
249.0712201490192D0,20.26303965788303D0,-53.83990180181979D0,    0000137P   1140
250.7271330787452D0,25.04403002982271D0,-51.83211930218135D0,    0000137P   1141
253.8156359777223D0,27.56803989594436D0,-45.89051580283487D0,    0000137P   1142
257.5483269308089D0,28.15645524015246D0,-40.94313087315834D0,    0000137P   1143
259.4449980238468D0,28.40104177502389D0,-36.84101250015482D0,    0000137P   1144
260.7293139709842D0,30.21526963480254D0,-32.96201331498085D0,    0000137P   1145
260.6431300856405D0,33.82727590136064D0,-33.54575547819016D0,    0000137P   1146
258.0127355580787D0,37.00299658259927D0,-35.42971803592511D0,    0000137P   1147
255.1041850504623D0,40.89862069300919D0,-37.58729022899558D0,    0000137P   1148
251.0405463280413D0,44.72535489366304D0,-38.78310033571933D0,    0000137P   1149
246.0716972708566D0,46.76478451094086D0,-37.85212479887505D0,    0000137P   1150
242.3757243036627D0,47.59749994552926D0,-37.11593676070652D0,    0000137P   1151
240.609321464614D0,0.0D0,56.8044098427681D0,0.0D0,0.0D0,0.0D0;   0000137P   1152
126,12,3,0,0,1,0,0.0D0,0.0D0,0.0D0,0.0D0,10.67298157898501D0,    0000139P   1153
16.22641640180833D0,21.80428849921608D0,26.48117313808624D0,     0000139P   1154
29.45721996414616D0,32.72468603944753D0,37.95102859071105D0,     0000139P   1155
44.25689859943903D0,50.54341141511376D0,56.8044098427681D0,      0000139P   1156
56.8044098427681D0,56.8044098427681D0,56.8044098427681D0,1.0D0,  0000139P   1157
1.0D0,1.0D0,1.0D0,1.0D0,1.0D0,1.0D0,1.0D0,1.0D0,1.0D0,1.0D0,     0000139P   1158
1.0D0,1.0D0,29.04546001778711D0,-59.23363632869759D0,            0000139P   1159
167.1981281057673D0,27.59684482665709D0,-56.03472517363558D0,    0000139P   1160
166.6276634963112D0,26.46656580252331D0,-50.11158235642291D0,    0000139P   1161
166.3692875029814D0,29.45664457142259D0,-43.47304233930411D0,    0000139P   1162
167.9803353284265D0,32.57364648892967D0,-39.64914667868707D0,    0000139P   1163
170.0008136177993D0,35.22257133839314D0,-36.80524598741117D0,    0000139P   1164
171.853404012706D0,36.07244036211345D0,-33.78170464912691D0,     0000139P   1165
174.7656892813699D0,32.09620200136253D0,-33.10671759440697D0,    0000139P   1166
176.7757242382409D0,27.59092526684625D0,-33.5024354824404D0,     0000139P   1167
178.0563770866218D0,21.95856760327972D0,-34.19427105444336D0,    0000139P   1168
180.0915860034782D0,16.56966952978492D0,-34.98470504305845D0,    0000139P   1169
183.4229984771909D0,14.17970169254572D0,-35.24951671967597D0,    0000139P   1170
187.0152308334215D0,13.30574812760368D0,-35.33306093408615D0,    0000139P   1171
188.9085856186921D0,0.0D0,56.8044098427681D0,0.0D0,0.0D0,0.0D0;  0000139P   1172
126,12,3,0,0,1,0,0.0D0,0.0D0,0.0D0,0.0D0,10.67298157898501D0,    0000141P   1173
16.22641640180833D0,21.80428849921608D0,26.48117313808624D0,     0000141P   1174
29.45721996414616D0,32.72468603944753D0,37.95102859071105D0,     0000141P   1175
44.25689859943903D0,50.54341141511376D0,56.8044098427681D0,      0000141P   1176
56.8044098427681D0,56.8044098427681D0,56.8044098427681D0,1.0D0,  0000141P   1177
1.0D0,1.0D0,1.0D0,1.0D0,1.0D0,1.0D0,1.0D0,1.0D0,1.0D0,1.0D0,     0000141P   1178
1.0D0,1.0D0,33.30281299693702D0,-55.89779060597959D0,            0000141P   1179
71.46809645114087D0,32.34948572016773D0,-54.68529504295593D0,    0000141P   1180
74.67402377932696D0,31.53708559043759D0,-51.34874830858229D0,    0000141P   1181
79.63742700473381D0,32.95438610429419D0,-44.60890382614463D0,    0000141P   1182
82.49610070156555D0,34.9993787868836D0,-39.75438546976697D0,     0000141P   1183
83.31577621700065D0,36.90173816134171D0,-35.91548532858539D0,    0000141P   1184
83.74067583772589D0,39.65470378446471D0,-33.26156222511456D0,    0000141P   1185
85.67027618666779D0,41.18475191798379D0,-35.67878280389448D0,    0000141P   1186
89.15198796911444D0,42.01564380819093D0,-39.20578348070808D0,    0000141P   1187
92.14599326505063D0,43.499618275671D0,-43.76277415445455D0,      0000141P   1188
95.80329013890865D0,46.30181101542843D0,-48.24415667806699D0,    0000141P   1189
99.38494393753223D0,49.63567993645056D0,-50.2199720223916D0,     0000141P   1190
101.3000618270719D0,51.42882876594749D0,-50.94641884522919D0,    0000141P   1191
102.0826594894798D0,0.0D0,56.8044098427681D0,0.0D0,0.0D0,0.0D0;  0000141P   1192
126,12,3,0,0,1,0,0.0D0,0.0D0,0.0D0,0.0D0,10.67298157898501D0,    0000143P   1193
16.22641640180833D0,21.80428849921608D0,26.48117313808624D0,     0000143P   1194
29.45721996414616D0,32.72468603944753D0,37.95102859071105D0,     0000143P   1195
44.25689859943903D0,50.54341141511376D0,56.8044098427681D0,      0000143P   1196
56.8044098427681D0,56.8044098427681D0,56.8044098427681D0,1.0D0,  0000143P   1197
1.0D0,1.0D0,1.0D0,1.0D0,1.0D0,1.0D0,1.0D0,1.0D0,1.0D0,1.0D0,     0000143P   1198
1.0D0,1.0D0,-19.53836136610968D0,-41.18322128079558D0,           0000143P   1199
275.7575191254659D0,-16.75127470483807D0,-42.42159113520393D0,   0000143P   1200
277.5893314703444D0,-11.44316606327103D0,-43.08102642681848D0,   0000143P   1201
280.3852280000677D0,-5.21493313776789D0,-39.37523148541095D0,    0000143P   1202
282.1409210760061D0,-1.331055472115043D0,-35.72615183655142D0,   0000143P   1203
282.2820716671411D0,1.667349826259748D0,-32.64183969648832D0,    0000143P   1204
282.0997273209658D0,5.52039371118234D0,-31.19030210040012D0,     0000143P   1205
280.9196525369485D0,7.511975316400143D0,-34.81717741321415D0,    0000143P   1206
279.1348002381719D0,8.300268340478585D0,-39.14619247160078D0,    0000143P   1207
277.4818012811242D0,9.299603085334827D0,-44.52070260684917D0,    0000143P   1208
274.9401216163923D0,10.7450537000905D0,-49.50199887522672D0,     0000143P   1209
271.2171285444361D0,12.38488034120924D0,-51.44202544898809D0,    0000143P   1210
267.719490731792D0,13.24924176245638D0,-52.0784985849416D0,      0000143P   1211
265.9297007740002D0,0.0D0,56.8044098427681D0,0.0D0,0.0D0,0.0D0;  0000143P   1212
126,12,3,0,0,1,0,0.0D0,0.0D0,0.0D0,0.0D0,10.67298157898501D0,    0000145P   1213
16.22641640180833D0,21.80428849921608D0,26.48117313808624D0,     0000145P   1214
29.45721996414616D0,32.72468603944753D0,37.95102859071105D0,     0000145P   1215
44.25689859943903D0,50.54341141511376D0,56.8044098427681D0,      0000145P   1216
56.8044098427681D0,56.8044098427681D0,56.8044098427681D0,1.0D0,  0000145P   1217
1.0D0,1.0D0,1.0D0,1.0D0,1.0D0,1.0D0,1.0D0,1.0D0,1.0D0,1.0D0,     0000145P   1218
1.0D0,1.0D0,23.46597304687137D0,-51.74300014158854D0,            0000145P   1219
134.6065217030988D0,22.21324815458059D0,-48.72323819984032D0,    0000145P   1220
133.203429909951D0,21.3470177952359D0,-43.76366215030762D0,      0000145P   1221
129.8747424760102D0,24.11111534939285D0,-40.03518236600092D0,    0000145P   1222
124.0382655499784D0,27.33703557834062D0,-38.32875954488196D0,    0000145P   1223
120.1521657922669D0,30.20295524726486D0,-37.13368396360013D0,    0000145P   1224
117.169723172946D0,33.11385919584461D0,-34.40401620603109D0,     0000145P   1225
115.6137549202812D0,32.91920567184137D0,-30.91819767925463D0,    0000145P   1226
118.4628773741896D0,31.84606239964483D0,-28.16485732874865D0,    0000145P   1227
122.1182382662445D0,30.8864260254754D0,-24.72247930409305D0,     0000145P   1228
126.9734721647314D0,31.17846807627892D0,-21.05756178688231D0,    0000145P   1229
132.1932813987443D0,33.15267700412628D0,-18.65575366940678D0,    0000145P   1230
135.1966164889894D0,34.38047484589838D0,-17.57218614189644D0,    0000145P   1231
136.4904328149833D0,0.0D0,56.8044098427681D0,0.0D0,0.0D0,0.0D0;  0000145P   1232
126,12,3,0,0,1,0,0.0D0,0.0D0,0.0D0,0.0D0,10.67298157898501D0,    0000147P   1233
16.22641640180833D0,21.80428849921608D0,26.48117313808624D0,     0000147P   1234
29.45721996414616D0,32.72468603944753D0,37.95102859071105D0,     0000147P   1235
44.25689859943903D0,50.54341141511376D0,56.8044098427681D0,      0000147P   1236
56.8044098427681D0,56.8044098427681D0,56.8044098427681D0,1.0D0,  0000147P   1237
1.0D0,1.0D0,1.0D0,1.0D0,1.0D0,1.0D0,1.0D0,1.0D0,1.0D0,1.0D0,     0000147P   1238
1.0D0,1.0D0,-27.83516325875535D0,-68.15962736180037D0,           0000147P   1239
226.0304006391948D0,-27.91837441642044D0,-65.38581050082024D0,   0000147P   1240
228.2566001687916D0,-26.49835104196153D0,-60.94578726817448D0,   0000147P   1241
232.0903498957535D0,-20.67882969985421D0,-57.6751357030944D0,    0000147P   1242
235.4133409260721D0,-15.79542200298265D0,-56.68193390485546D0,   0000147P   1243
237.3070386181461D0,-11.77214981298459D0,-56.21869334641857D0,   0000147P   1244
238.768323751668D0,-8.881698090911264D0,-56.22465306594852D0,    0000147P   1245
241.9291366838069D0,-11.37296636896428D0,-56.83177567646685D0,   0000147P   1246
245.63471410925D0,-14.988803694071D0,-57.63067256775752D0,       0000147P   1247
248.5298249905464D0,-19.45628577153925D0,-59.07467386435608D0,   0000147P   1248
252.3114422090389D0,-23.35378751778375D0,-61.52450925270158D0,   0000147P   1249
256.7353662720076D0,-24.38909493609261D0,-64.04492841742154D0,   0000147P   1250
260.0912313723904D0,-24.58188605322754D0,-65.36687240561949D0,   0000147P   1251
261.6946223071174D0,0.0D0,56.8044098427681D0,0.0D0,0.0D0,0.0D0;  0000147P   1252
126,12,3,0,0,1,0,0.0D0,0.0D0,0.0D0,0.0D0,10.67298157898501D0,    0000149P   1253
16.22641640180833D0,21.80428849921608D0,26.48117313808624D0,     0000149P   1254
29.45721996414616D0,32.72468603944753D0,37.95102859071105D0,     0000149P   1255
44.25689859943903D0,50.54341141511376D0,56.8044098427681D0,      0000149P   1256
56.8044098427681D0,56.8044098427681D0,56.8044098427681D0,1.0D0,  0000149P   1257
1.0D0,1.0D0,1.0D0,1.0D0,1.0D0,1.0D0,1.0D0,1.0D0,1.0D0,1.0D0,     0000149P   1258
1.0D0,1.0D0,-11.93454746740323D0,-59.54887346375966D0,           0000149P   1259
56.79592759153215D0,-15.31396610530906D0,-58.45517797383692D0,   0000149P   1260
56.59515840641608D0,-20.39204241074646D0,-55.39921102718182D0,   0000149P   1261
55.45405511725649D0,-22.95778820313156D0,-49.36197340659437D0,   0000149P   1262
51.90793468213265D0,-23.23383306007243D0,-44.67722706643428D0,   0000149P   1263
49.37867343422474D0,-23.11972597139417D0,-40.83885923537903D0,   0000149P   1264
47.43173297877198D0,-23.75317643066099D0,-36.60290250425041D0,   0000149P   1265
47.40179712183068D0,-25.73482269236671D0,-35.80523896306457D0,   0000149P   1266
51.36955852114902D0,-27.50680564094559D0,-36.34558419272704D0,   0000149P   1267
55.68954535935539D0,-29.41327672644548D0,-36.81501145955349D0,   0000149P   1268
61.38947261201306D0,-30.61927066385442D0,-36.3061800560423D0,    0000149P   1269
67.63847146243835D0,-30.41657996844682D0,-34.44713352206457D0,   0000149P   1270
71.53578685316069D0,-30.13277398720953D0,-33.32568176501825D0,   0000149P   1271
73.27284382803947D0,0.0D0,56.8044098427681D0,0.0D0,0.0D0,0.0D0;  0000149P   1272
126,12,3,0,0,1,0,0.0D0,0.0D0,0.0D0,0.0D0,10.67298157898501D0,    0000151P   1273
16.22641640180833D0,21.80428849921608D0,26.48117313808624D0,     0000151P   1274
29.45721996414616D0,32.72468603944753D0,37.95102859071105D0,     0000151P   1275
44.25689859943903D0,50.54341141511376D0,56.8044098427681D0,      0000151P   1276
56.8044098427681D0,56.8044098427681D0,56.8044098427681D0,1.0D0,  0000151P   1277
1.0D0,1.0D0,1.0D0,1.0D0,1.0D0,1.0D0,1.0D0,1.0D0,1.0D0,1.0D0,     0000151P   1278
1.0D0,1.0D0,-48.37572353357101D0,-28.43448321939373D0,           0000151P   1279
161.3884551735662D0,-46.64322815420825D0,-27.86289596020521D0,   0000151P   1280
164.4427466112346D0,-42.44414158494795D0,-27.26026309044337D0,   0000151P   1281
168.7360454906005D0,-35.07605449191596D0,-27.55459580198203D0,   0000151P   1282
169.8455140766339D0,-29.86713885997649D0,-28.49914280591182D0,   0000151P   1283
169.2168326059674D0,-25.74644567021682D0,-29.47383332636194D0,   0000151P   1284
168.4380314782986D0,-22.23580420204124D0,-31.83431664282382D0,   0000151P   1285
169.1081061476461D0,-23.42172260953095D0,-34.54647855564048D0,   0000151P   1286
172.5057663488484D0,-25.91379041846354D0,-36.7637953302371D0,    0000151P   1287
175.8174558234707D0,-29.10527544553215D0,-39.97790288060008D0,   0000151P   1288
179.7959103753003D0,-31.99106664198431D0,-44.41310998378131D0,   0000151P   1289
183.3686494546696D0,-32.78332065617546D0,-48.43013047099299D0,   0000151P   1290
184.7550421734114D0,-32.94773321670365D0,-50.46207941443609D0,   0000151P   1291
185.2019412822988D0,0.0D0,56.8044098427681D0,0.0D0,0.0D0,0.0D0;  0000151P   1292
126,12,3,0,0,1,0,0.0D0,0.0D0,0.0D0,0.0D0,10.67298157898501D0,    0000153P   1293
16.22641640180833D0,21.80428849921608D0,26.48117313808624D0,     0000153P   1294
29.45721996414616D0,32.72468603944753D0,37.95102859071105D0,     0000153P   1295
44.25689859943903D0,50.54341141511376D0,56.8044098427681D0,      0000153P   1296
56.8044098427681D0,56.8044098427681D0,56.8044098427681D0,1.0D0,  0000153P   1297
1.0D0,1.0D0,1.0D0,1.0D0,1.0D0,1.0D0,1.0D0,1.0D0,1.0D0,1.0D0,     0000153P   1298
1.0D0,1.0D0,-4.57579555574349D0,-57.45962903484704D0,            0000153P   1299
86.40720451861583D0,-5.368574512181873D0,-55.34679051980926D0,   0000153P   1300
83.65686574744669D0,-5.506262061200978D0,-50.91173595318848D0,   0000153P   1301
79.5655037750266D0,-1.951207617841597D0,-44.6872939608831D0,     0000153P   1302
77.51022532961889D0,1.212702543735595D0,-40.39662067436507D0,    0000153P   1303
77.50763058789727D0,3.811289569039523D0,-36.98135137056158D0,    0000153P   1304
77.85396312414652D0,4.476305307397134D0,-32.78798283253276D0,    0000153P   1305
78.41867494434933D0,0.3150448128820571D0,-31.05995772146161D0,   0000153P   1306
78.48317196509953D0,-4.365671663709357D0,-30.63092484561265D0,   0000153P   1307
78.51490328647171D0,-10.33891644799682D0,-29.97587902344087D0,   0000153P   1308
79.00011083187354D0,-16.36560438327876D0,-28.58138835845702D0,   0000153P   1309
80.58053663616896D0,-19.47173213900889D0,-26.5702381859178D0,    0000153P   1310
82.81513953978271D0,-20.72790883798191D0,-25.46095760625547D0,   0000153P   1311
84.05895765706698D0,0.0D0,56.8044098427681D0,0.0D0,0.0D0,0.0D0;  0000153P   1312
126,12,3,0,0,1,0,0.0D0,0.0D0,0.0D0,0.0D0,10.67298157898501D0,    0000155P   1313
16.22641640180833D0,21.80428849921608D0,26.48117313808624D0,     0000155P   1314
29.45721996414616D0,32.72468603944753D0,37.95102859071105D0,     0000155P   1315
44.25689859943903D0,50.54341141511376D0,56.8044098427681D0,      0000155P   1316
56.8044098427681D0,56.8044098427681D0,56.8044098427681D0,1.0D0,  0000155P   1317
1.0D0,1.0D0,1.0D0,1.0D0,1.0D0,1.0D0,1.0D0,1.0D0,1.0D0,1.0D0,     0000155P   1318
1.0D0,1.0D0,-5.792975105042963D0,-60.57543140549259D0,           0000155P   1319
175.8733387089191D0,-4.710712526724542D0,-58.22031814202731D0,   0000155P   1320
178.3103651036091D0,-2.392122978059056D0,-53.43188170287456D0,   0000155P   1321
181.1604403012903D0,0.8137290981194916D0,-46.81747044120699D0,   0000155P   1322
179.9041219395013D0,3.276773003334451D0,-42.72040002460375D0,    0000155P   1323
177.544537184246D0,5.335492557534604D0,-39.62878122546783D0,     0000155P   1324
175.3673297597619D0,8.861678035273076D0,-37.38977152846832D0,    0000155P   1325
174.4195235447589D0,11.91603329891882D0,-38.94493562776476D0,    0000155P   1326
177.3450488140206D0,14.04795465933362D0,-41.46441277455079D0,    0000155P   1327
180.6918874775029D0,17.02380628169423D0,-44.89915144835777D0,    0000155P   1328
184.653079470909D0,21.05203237860307D0,-48.65640844002567D0,     0000155P   1329
187.881040408967D0,24.75056799267574D0,-50.79547264258375D0,     0000155P   1330
188.5378839497219D0,26.62331645344912D0,-51.71621539668224D0,    0000155P   1331
188.5626386621896D0,0.0D0,56.8044098427681D0,0.0D0,0.0D0,0.0D0;  0000155P   1332
126,12,3,0,0,1,0,0.0D0,0.0D0,0.0D0,0.0D0,10.67298157898501D0,    0000157P   1333
16.22641640180833D0,21.80428849921608D0,26.48117313808624D0,     0000157P   1334
29.45721996414616D0,32.72468603944753D0,37.95102859071105D0,     0000157P   1335
44.25689859943903D0,50.54341141511376D0,56.8044098427681D0,      0000157P   1336
56.8044098427681D0,56.8044098427681D0,56.8044098427681D0,1.0D0,  0000157P   1337
1.0D0,1.0D0,1.0D0,1.0D0,1.0D0,1.0D0,1.0D0,1.0D0,1.0D0,1.0D0,     0000157P   1338
1.0D0,1.0D0,-15.81839736217641D0,-66.19819272209708D0,           0000157P   1339
25.24403762259906D0,-16.91435942829137D0,-62.95037001276614D0,   0000157P   1340
26.19664626154058D0,-18.35527055844502D0,-57.09074116367165D0,   0000157P   1341
26.32484347400258D0,-18.63489284557517D0,-51.00279494251946D0,   0000157P   1342
22.02775354198114D0,-17.90396146808018D0,-47.56043871370406D0,   0000157P   1343
18.02323928801916D0,-17.0609334147105D0,-44.99764669967205D0,    0000157P   1344
14.6679351341025D0,-15.02007322641762D0,-41.69234966901784D0,    0000157P   1345
12.86366622430556D0,-12.75608650852559D0,-39.85007623696458D0,   0000157P   1346
16.29684438690494D0,-10.89573581890674D0,-39.0729453785612D0,    0000157P   1347
20.54294209657926D0,-8.105847037133493D0,-38.20490212414346D0,   0000157P   1348
25.81619404751736D0,-4.068665179331497D0,-37.22462458953207D0,   0000157P   1349
30.66423860270181D0,-0.2513935991472458D0,-36.29040261893848D0,  0000157P   1350
32.46475846680733D0,1.702420633661209D0,-35.82165299678174D0,    0000157P   1351
33.02907269465059D0,0.0D0,56.8044098427681D0,0.0D0,0.0D0,0.0D0;  0000157P   1352
126,12,3,0,0,1,0,0.0D0,0.0D0,0.0D0,0.0D0,10.67298157898501D0,    0000159P   1353
16.22641640180833D0,21.80428849921608D0,26.48117313808624D0,     0000159P   1354
29.45721996414616D0,32.72468603944753D0,37.95102859071105D0,     0000159P   1355
44.25689859943903D0,50.54341141511376D0,56.8044098427681D0,      0000159P   1356
56.8044098427681D0,56.8044098427681D0,56.8044098427681D0,1.0D0,  0000159P   1357
1.0D0,1.0D0,1.0D0,1.0D0,1.0D0,1.0D0,1.0D0,1.0D0,1.0D0,1.0D0,     0000159P   1358
1.0D0,1.0D0,63.1906503331894D0,-14.70930335908011D0,             0000159P   1359
69.81483953437868D0,62.22729558925701D0,-12.95381768603562D0,    0000159P   1360
72.7554459530742D0,59.5786803476533D0,-9.280012727560319D0,      0000159P   1361
76.74492011497207D0,54.13607091330262D0,-4.222071662229951D0,    0000159P   1362
77.37855599127857D0,50.35680273460227D0,-0.6403669619622292D0,   0000159P   1363
76.23455644215332D0,47.42546754544958D0,2.251527659647962D0,     0000159P   1364
74.97722407655453D0,46.09645733075889D0,6.287420508329468D0,     0000159P   1365
74.43797846361056D0,49.36109817057957D0,8.736536803706485D0,     0000159P   1366
76.34854620961789D0,53.37189047171894D0,10.01559421387639D0,     0000159P   1367
78.43941686036612D0,58.65269674381382D0,11.82318998358425D0,     0000159P   1368
80.7175404948984D0,64.26893790294764D0,14.5327636641005D0,       0000159P   1369
82.08843914877019D0,67.45938662309035D0,17.40973301766799D0,     0000159P   1370
81.60855469284988D0,68.82371919513126D0,18.91460859662119D0,     0000159P   1371
81.12947960783518D0,0.0D0,56.8044098427681D0,0.0D0,0.0D0,0.0D0;  0000159P   1372
126,12,3,0,0,1,0,0.0D0,0.0D0,0.0D0,0.0D0,10.67298157898501D0,    0000161P   1373
16.22641640180833D0,21.80428849921608D0,26.48117313808624D0,     0000161P   1374
29.45721996414616D0,32.72468603944753D0,37.95102859071105D0,     0000161P   1375
44.25689859943903D0,50.54341141511376D0,56.8044098427681D0,      0000161P   1376
56.8044098427681D0,56.8044098427681D0,56.8044098427681D0,1.0D0,  0000161P   1377
1.0D0,1.0D0,1.0D0,1.0D0,1.0D0,1.0D0,1.0D0,1.0D0,1.0D0,1.0D0,     0000161P   1378
1.0D0,1.0D0,38.67825961745297D0,-24.60204775658815D0,            0000161P   1379
18.78376146215936D0,41.23249448141463D0,-23.31851295656836D0,    0000161P   1380
16.66589199086144D0,46.29346409127734D0,-20.8825387351732D0,     0000161P   1381
14.45670076777363D0,52.94528616079631D0,-18.23141544259468D0,    0000161P   1382
16.53782261475651D0,56.98307232882098D0,-16.33549632386588D0,    0000161P   1383
19.45706653252066D0,60.01278060883705D0,-14.76167334126207D0,    0000161P   1384
22.08015900681032D0,62.33684952954731D0,-11.52213867828878D0,    0000161P   1385
23.64528005230594D0,61.11085584539597D0,-8.016030203923243D0,    0000161P   1386
21.09371927392083D0,58.91079122048005D0,-5.313622547542479D0,    0000161P   1387
17.93921593353937D0,55.87524703581715D0,-1.643825729201268D0,    0000161P   1388
14.24297088493548D0,52.51621689376552D0,2.982484408858596D0,     0000161P   1389
11.40087862426623D0,50.58806505720501D0,6.843119889038455D0,     0000161P   1390
11.14803683063757D0,49.75351008228206D0,8.746957115089508D0,     0000161P   1391
11.33374795813653D0,0.0D0,56.8044098427681D0,0.0D0,0.0D0,0.0D0;  0000161P   1392
126,12,3,0,0,1,0,0.0D0,0.0D0,0.0D0,0.0D0,10.67298157898501D0,    0000163P   1393
16.22641640180833D0,21.80428849921608D0,26.48117313808624D0,     0000163P   1394
29.45721996414616D0,32.72468603944753D0,37.95102859071105D0,     0000163P   1395
44.25689859943903D0,50.54341141511376D0,56.8044098427681D0,      0000163P   1396
56.8044098427681D0,56.8044098427681D0,56.8044098427681D0,1.0D0,  0000163P   1397
1.0D0,1.0D0,1.0D0,1.0D0,1.0D0,1.0D0,1.0D0,1.0D0,1.0D0,1.0D0,     0000163P   1398
1.0D0,1.0D0,57.1643486398962D0,-17.05296844258156D0,             0000163P   1399
208.5844271254126D0,54.27379940283202D0,-15.01141500379546D0,    0000163P   1400
208.9501224703149D0,50.07135325293706D0,-10.7116388014654D0,     0000163P   1401
208.4216523892952D0,48.3140555080801D0,-4.656422010028109D0,     0000163P   1402
204.4401308279322D0,48.59690406021269D0,-0.4549684334621702D0,   0000163P   1403
201.1708807556109D0,49.17775540263932D0,2.898616412572039D0,     0000163P   1404
198.534074814762D0,49.70124950024925D0,7.088891621887441D0,      0000163P   1405
197.8178118268628D0,49.17437542289161D0,8.929587124218443D0,     0000163P   1406
201.8970964856843D0,48.58554030074994D0,9.485383221580591D0,     0000163P   1407
206.5272743134399D0,48.27172013496353D0,10.3167689095819D0,      0000163P   1408
212.4900320131632D0,49.01482794039408D0,11.92449670604017D0,     0000163P   1409
218.6240616453777D0,50.76748029492293D0,14.09121960207867D0,     0000163P   1410
221.9285625765635D0,51.80471514263485D0,15.27436729229876D0,     0000163P   1411
223.2996469015276D0,0.0D0,56.8044098427681D0,0.0D0,0.0D0,0.0D0;  0000163P   1412
126,12,3,0,0,1,0,0.0D0,0.0D0,0.0D0,0.0D0,10.67298157898501D0,    0000165P   1413
16.22641640180833D0,21.80428849921608D0,26.48117313808624D0,     0000165P   1414
29.45721996414616D0,32.72468603944753D0,37.95102859071105D0,     0000165P   1415
44.25689859943903D0,50.54341141511376D0,56.8044098427681D0,      0000165P   1416
56.8044098427681D0,56.8044098427681D0,56.8044098427681D0,1.0D0,  0000165P   1417
1.0D0,1.0D0,1.0D0,1.0D0,1.0D0,1.0D0,1.0D0,1.0D0,1.0D0,1.0D0,     0000165P   1418
1.0D0,1.0D0,25.20326930675205D0,-21.68433377395998D0,            0000165P   1419
234.0243698452906D0,27.87626405376278D0,-19.91865572657849D0,    0000165P   1420
232.4769757338752D0,32.965272427119D0,-16.88095565441225D0,      0000165P   1421
231.3358001527767D0,39.15352128272704D0,-14.32105591569308D0,    0000165P   1422
234.6158533730389D0,42.71113049774468D0,-12.78169844642539D0,    0000165P   1423
238.2756357094474D0,45.32331605804725D0,-11.55543702359866D0,    0000165P   1424
241.4708563110144D0,47.23458905218092D0,-8.537826022251963D0,    0000165P   1425
243.8344435115037D0,46.05147848864442D0,-4.696442220767167D0,    0000165P   1426
241.7972053227961D0,44.02318771730924D0,-1.58484999229789D0,     0000165P   1427
238.9165433901501D0,41.15782948866925D0,2.533165499157874D0,     0000165P   1428
235.573515529367D0,37.81309709031862D0,7.422398899278861D0,      0000165P   1429
233.1920287354822D0,35.66070676286068D0,11.16644668252189D0,     0000165P   1430
233.3805144466622D0,34.68107185811166D0,12.96298506477706D0,     0000165P   1431
233.790797406124D0,0.0D0,56.8044098427681D0,0.0D0,0.0D0,0.0D0;   0000165P   1432
126,12,3,0,0,1,0,0.0D0,0.0D0,0.0D0,0.0D0,10.67298157898501D0,    0000167P   1433
16.22641640180833D0,21.80428849921608D0,26.48117313808624D0,     0000167P   1434
29.45721996414616D0,32.72468603944753D0,37.95102859071105D0,     0000167P   1435
44.25689859943903D0,50.54341141511376D0,56.8044098427681D0,      0000167P   1436
56.8044098427681D0,56.8044098427681D0,56.8044098427681D0,1.0D0,  0000167P   1437
1.0D0,1.0D0,1.0D0,1.0D0,1.0D0,1.0D0,1.0D0,1.0D0,1.0D0,1.0D0,     0000167P   1438
1.0D0,1.0D0,29.96926091710698D0,-34.28956259824801D0,            0000167P   1439
127.5867914493253D0,31.18592784475898D0,-31.48599491346732D0,    0000167P   1440
125.765616486669D0,34.04512497785062D0,-26.46512848074394D0,     0000167P   1441
124.0209670438593D0,39.05497780190326D0,-21.44337693518838D0,    0000167P   1442
126.3208900414885D0,42.30038457254052D0,-18.52306356535944D0,    0000167P   1443
129.3801899957192D0,44.75452574875693D0,-16.30088469963647D0,    0000167P   1444
132.1326030001896D0,45.63137016437319D0,-12.78238375601343D0,    0000167P   1445
134.4122477199643D0,42.47149083543412D0,-9.8546013445537D0,      0000167P   1446
133.0895337179667D0,38.70513964713795D0,-7.94603401721524D0,     0000167P   1447
131.0240671113652D0,33.66717067368121D0,-5.508838961408308D0,    0000167P   1448
128.7828367513365D0,28.08888603872136D0,-2.613680880807081D0,    0000167P   1449
127.6585068946739D0,24.62149590036803D0,-0.2432478401417342D0,   0000167P   1450
128.6804939867807D0,23.07523772417045D0,0.913231363854635D0,     0000167P   1451
129.4724588317135D0,0.0D0,56.8044098427681D0,0.0D0,0.0D0,0.0D0;  0000167P   1452
126,12,3,0,0,1,0,0.0D0,0.0D0,0.0D0,0.0D0,10.67298157898501D0,    0000169P   1453
16.22641640180833D0,21.80428849921608D0,26.48117313808624D0,     0000169P   1454
29.45721996414616D0,32.72468603944753D0,37.95102859071105D0,     0000169P   1455
44.25689859943903D0,50.54341141511376D0,56.8044098427681D0,      0000169P   1456
56.8044098427681D0,56.8044098427681D0,56.8044098427681D0,1.0D0,  0000169P   1457
1.0D0,1.0D0,1.0D0,1.0D0,1.0D0,1.0D0,1.0D0,1.0D0,1.0D0,1.0D0,     0000169P   1458
1.0D0,1.0D0,40.5078278450783D0,-15.28175879612675D0,             0000169P   1459
106.8657429451627D0,40.12155834619714D0,-11.78002394726877D0,    0000169P   1460
106.3701651580065D0,40.99424992037577D0,-5.822756820959611D0,    0000169P   1461
105.9491099816012D0,46.27162444753858D0,-0.5895683088338473D0,   0000169P   1462
106.5568235618255D0,50.81160124566784D0,1.950639082052994D0,     0000169P   1463
107.7213700738153D0,54.56153281054033D0,3.727145776375082D0,     0000169P   1464
108.8697177542008D0,56.91722186738486D0,6.277976580031549D0,     0000169P   1465
111.377600595653D0,53.86323582006522D0,8.251829652322634D0,      0000169P   1466
114.0390650093121D0,49.82338974428017D0,9.398672377838494D0,     0000169P   1467
116.150599585502D0,44.79208751647541D0,10.64576860058875D0,      0000169P   1468
119.2287343369327D0,40.20539289886283D0,11.71441782940363D0,     0000169P   1469
123.5395972108131D0,38.61184640462042D0,12.26356183560134D0,     0000169P   1470
127.520207116268D0,38.14653694340293D0,12.4753718435018D0,       0000169P   1471
129.5436177118214D0,0.0D0,56.8044098427681D0,0.0D0,0.0D0,0.0D0;  0000169P   1472
126,12,3,0,0,1,0,0.0D0,0.0D0,0.0D0,0.0D0,10.67298157898501D0,    0000171P   1473
16.22641640180833D0,21.80428849921608D0,26.48117313808624D0,     0000171P   1474
29.45721996414616D0,32.72468603944753D0,37.95102859071105D0,     0000171P   1475
44.25689859943903D0,50.54341141511376D0,56.8044098427681D0,      0000171P   1476
56.8044098427681D0,56.8044098427681D0,56.8044098427681D0,1.0D0,  0000171P   1477
1.0D0,1.0D0,1.0D0,1.0D0,1.0D0,1.0D0,1.0D0,1.0D0,1.0D0,1.0D0,     0000171P   1478
1.0D0,1.0D0,45.40282672514932D0,-18.02762898757612D0,            0000171P   1479
134.0198101191588D0,48.71200554393997D0,-17.06562961872623D0,    0000171P   1480
133.1361579363433D0,54.57478036562055D0,-15.63281673077861D0,    0000171P   1481
133.1893394916356D0,60.48840144198134D0,-15.20400431999155D0,    0000171P   1482
137.7116691324908D0,63.56788651295675D0,-14.98143358083954D0,    0000171P   1483
142.0576380070421D0,65.75908172676054D0,-14.75185858864012D0,    0000171P   1484
145.7566411199368D0,67.96015055173893D0,-12.56424340203338D0,    0000171P   1485
148.7087794789752D0,68.33046600005927D0,-8.448262573836928D0,    0000171P   1486
146.9121471170145D0,67.86071188034062D0,-4.733464091051836D0,    0000171P   1487
144.0707062644092D0,66.9791336459075D0,0.2135039723894394D0,     0000171P   1488
140.7398668146394D0,65.68243762166557D0,5.990686470424812D0,     0000171P   1489
138.3511309121186D0,64.68858603431336D0,10.19229646195611D0,     0000171P   1490
138.5631150852131D0,64.20044102851465D0,12.17657164461131D0,     0000171P   1491
138.9873004988659D0,0.0D0,56.8044098427681D0,0.0D0,0.0D0,0.0D0;  0000171P   1492
126,12,3,0,0,1,0,0.0D0,0.0D0,0.0D0,0.0D0,10.67298157898501D0,    0000173P   1493
16.22641640180833D0,21.80428849921608D0,26.48117313808624D0,     0000173P   1494
29.45721996414616D0,32.72468603944753D0,37.95102859071105D0,     0000173P   1495
44.25689859943903D0,50.54341141511376D0,56.8044098427681D0,      0000173P   1496
56.8044098427681D0,56.8044098427681D0,56.8044098427681D0,1.0D0,  0000173P   1497
1.0D0,1.0D0,1.0D0,1.0D0,1.0D0,1.0D0,1.0D0,1.0D0,1.0D0,1.0D0,     0000173P   1498
1.0D0,1.0D0,23.6271307345717D0,-29.13935210792911D0,             0000173P   1499
37.04388009437515D0,26.35598102312757D0,-29.18331220622673D0,    0000173P   1500
39.32607027772995D0,30.56673354302821D0,-27.74342661687308D0,    0000173P   1501
43.40334907187022D0,32.87381714561207D0,-22.14619473699236D0,    0000173P   1502
47.75703948719799D0,33.58002948731677D0,-17.30827930228516D0,    0000173P   1503
49.88213945423518D0,33.9899846488625D0,-13.26781090202782D0,     0000173P   1504
51.31155088670973D0,36.18971553150906D0,-9.615692268956707D0,    0000173P   1505
51.72228024014797D0,40.19037237514146D0,-10.58265051548409D0,    0000173P   1506
49.88759876306269D0,43.68535953567326D0,-12.79099142673769D0,    0000173P   1507
47.65097675947083D0,48.09370262430073D0,-15.34418750930735D0,    0000173P   1508
44.4273350887546D0,52.72980932066039D0,-16.92803066379983D0,     0000173P   1509
40.33328172212402D0,55.59085944313856D0,-16.20685747154108D0,    0000173P   1510
37.17408780409752D0,56.85174626703013D0,-15.55688785268316D0,    0000173P   1511
35.64331325366833D0,0.0D0,56.8044098427681D0,0.0D0,0.0D0,0.0D0;  0000173P   1512
126,12,3,0,0,1,0,0.0D0,0.0D0,0.0D0,0.0D0,10.67298157898501D0,    0000175P   1513
16.22641640180833D0,21.80428849921608D0,26.48117313808624D0,     0000175P   1514
29.45721996414616D0,32.72468603944753D0,37.95102859071105D0,     0000175P   1515
44.25689859943903D0,50.54341141511376D0,56.8044098427681D0,      0000175P   1516
56.8044098427681D0,56.8044098427681D0,56.8044098427681D0,1.0D0,  0000175P   1517
1.0D0,1.0D0,1.0D0,1.0D0,1.0D0,1.0D0,1.0D0,1.0D0,1.0D0,1.0D0,     0000175P   1518
1.0D0,1.0D0,38.77690832472731D0,-5.57870802673599D0,             0000175P   1519
73.87051182857897D0,40.68731757550092D0,-2.7047536691953D0,      0000175P   1520
73.00583196531954D0,44.90125788226603D0,1.081631073404088D0,     0000175P   1521
70.92402810052947D0,51.29526407359187D0,1.240096892795838D0,     0000175P   1522
67.09025279303525D0,55.82722104056033D0,-0.2113664734382201D0,   0000175P   1523
64.68716485438581D0,59.45732315282477D0,-1.696217024240783D0,    0000175P   1524
62.91114608546486D0,63.71289720180751D0,-2.179515602448996D0,    0000175P   1525
62.86645754334511D0,65.09339127256295D0,0.3103146241402808D0,    0000175P   1526
66.35949363201659D0,65.13640171958475D0,3.014590537112566D0,     0000175P   1527
70.20386935604704D0,65.31898915192166D0,6.113103473747875D0,     0000175P   1528
75.37204544199196D0,66.28414152615805D0,8.414799192021162D0,     0000175P   1529
81.24860864865205D0,68.13413538471913D0,8.556598360153506D0,     0000175P   1530
85.15291659084409D0,69.19270157685354D0,8.362628110989531D0,     0000175P   1531
86.94103850269818D0,0.0D0,56.8044098427681D0,0.0D0,0.0D0,0.0D0;  0000175P   1532
126,12,3,0,0,1,0,0.0D0,0.0D0,0.0D0,0.0D0,10.67298157898501D0,    0000177P   1533
16.22641640180833D0,21.80428849921608D0,26.48117313808624D0,     0000177P   1534
29.45721996414616D0,32.72468603944753D0,37.95102859071105D0,     0000177P   1535
44.25689859943903D0,50.54341141511376D0,56.8044098427681D0,      0000177P   1536
56.8044098427681D0,56.8044098427681D0,56.8044098427681D0,1.0D0,  0000177P   1537
1.0D0,1.0D0,1.0D0,1.0D0,1.0D0,1.0D0,1.0D0,1.0D0,1.0D0,1.0D0,     0000177P   1538
1.0D0,1.0D0,32.95703376444052D0,11.45413041104746D0,             0000177P   1539
135.3244407836187D0,36.26782930834501D0,10.15205589117399D0,     0000177P   1540
135.3109044712219D0,42.02574225689116D0,8.857063321220167D0,     0000177P   1541
136.5747645822123D0,47.39812855778057D0,10.18851550697121D0,     0000177P   1542
141.5718597594183D0,50.23571104911054D0,12.32084992882874D0,     0000177P   1543
145.549483046397D0,52.30391313597627D0,14.31823156065252D0,      0000177P   1544
148.7541159295807D0,55.37864598329973D0,16.91440088308836D0,     0000177P   1545
150.2208837485292D0,57.78891352791339D0,17.87989758309052D0,     0000177P   1546
146.5378488533569D0,59.25177398391247D0,18.1668205628259D0,      0000177P   1547
142.0800582223914D0,60.99002103016321D0,18.97120921059843D0,     0000177P   1548
136.3637988901172D0,62.82183105364234D0,21.09469022732409D0,     0000177P   1549
130.6280672178395D0,64.15008584475112D0,24.06708571022807D0,     0000177P   1550
127.7843356743619D0,64.76786918949827D0,25.7120885183429D0,      0000177P   1551
126.6583355355561D0,0.0D0,56.8044098427681D0,0.0D0,0.0D0,0.0D0;  0000177P   1552
126,12,3,0,0,1,0,0.0D0,0.0D0,0.0D0,0.0D0,10.67298157898501D0,    0000179P   1553
16.22641640180833D0,21.80428849921608D0,26.48117313808624D0,     0000179P   1554
29.45721996414616D0,32.72468603944753D0,37.95102859071105D0,     0000179P   1555
44.25689859943903D0,50.54341141511376D0,56.8044098427681D0,      0000179P   1556
56.8044098427681D0,56.8044098427681D0,56.8044098427681D0,1.0D0,  0000179P   1557
1.0D0,1.0D0,1.0D0,1.0D0,1.0D0,1.0D0,1.0D0,1.0D0,1.0D0,1.0D0,     0000179P   1558
1.0D0,1.0D0,47.74586024008804D0,55.10673989186679D0,             0000179P   1559
195.0134256876639D0,46.11289071025082D0,52.86551342816058D0,     0000179P   1560
197.2421613995868D0,44.44812842202303D0,49.58875838914154D0,     0000179P   1561
202.0295774664628D0,46.05179976615879D0,48.43884176540779D0,     0000179P   1562
209.2206962721452D0,48.53267776629577D0,48.39447237855608D0,     0000179P   1563
213.939116262015D0,50.82832605751441D0,48.46772652855439D0,      0000179P   1564
217.5807227651641D0,53.29565887403059D0,46.57240088800821D0,     0000179P   1565
220.5244439742293D0,53.33268701488121D0,42.25164614316402D0,     0000179P   1566
219.2453713003435D0,52.67142040995444D0,38.28773461529017D0,     0000179P   1567
216.8072747690414D0,52.2653645446219D0,33.22262338353826D0,      0000179P   1568
213.5632138126958D0,53.13651959354235D0,27.81638652878326D0,     0000179P   1569
210.2803782460078D0,55.4014887154088D0,24.44411104441715D0,      0000179P   1570
208.8025833607832D0,56.74641915255044D0,22.94806682965091D0,     0000179P   1571
208.2470830105963D0,0.0D0,56.8044098427681D0,0.0D0,0.0D0,0.0D0;  0000179P   1572
126,12,3,0,0,1,0,0.0D0,0.0D0,0.0D0,0.0D0,10.67298157898501D0,    0000181P   1573
16.22641640180833D0,21.80428849921608D0,26.48117313808624D0,     0000181P   1574
29.45721996414616D0,32.72468603944753D0,37.95102859071105D0,     0000181P   1575
44.25689859943903D0,50.54341141511376D0,56.8044098427681D0,      0000181P   1576
56.8044098427681D0,56.8044098427681D0,56.8044098427681D0,1.0D0,  0000181P   1577
1.0D0,1.0D0,1.0D0,1.0D0,1.0D0,1.0D0,1.0D0,1.0D0,1.0D0,1.0D0,     0000181P   1578
1.0D0,1.0D0,16.02135592724197D0,36.09694883251997D0,             0000181P   1579
15.33286323334119D0,19.53145538895388D0,35.84179320622751D0,     0000181P   1580
14.81224264610335D0,25.52620281581716D0,35.67003455074271D0,     0000181P   1581
15.49151572212359D0,30.87516216436849D0,36.02764199098377D0,     0000181P   1582
20.6748554278742D0,33.48428659590324D0,36.86202107272206D0,      0000181P   1583
25.24831065817675D0,35.30833604758877D0,37.71824211334366D0,     0000181P   1584
29.05309636812778D0,37.79062904929427D0,40.11123919929186D0,     0000181P   1585
31.59421255362526D0,39.52664637003525D0,43.17876946619219D0,     0000181P   1586
28.78657627427431D0,40.43711938854673D0,45.75457900080197D0,     0000181P   1587
24.96160216409713D0,41.36615886289682D0,49.39763569670416D0,     0000181P   1588
20.24893962474443D0,42.06438114218752D0,54.20931910754928D0,     0000181P   1589
16.11088382408359D0,42.3514905376247D0,58.35690637286448D0,      0000181P   1590
14.92712166051039D0,42.4405640827399D0,60.42606215467816D0,      0000181P   1591
14.66977546082788D0,0.0D0,56.8044098427681D0,0.0D0,0.0D0,0.0D0;  0000181P   1592
126,12,3,0,0,1,0,0.0D0,0.0D0,0.0D0,0.0D0,10.67298157898501D0,    0000183P   1593
16.22641640180833D0,21.80428849921608D0,26.48117313808624D0,     0000183P   1594
29.45721996414616D0,32.72468603944753D0,37.95102859071105D0,     0000183P   1595
44.25689859943903D0,50.54341141511376D0,56.8044098427681D0,      0000183P   1596
56.8044098427681D0,56.8044098427681D0,56.8044098427681D0,1.0D0,  0000183P   1597
1.0D0,1.0D0,1.0D0,1.0D0,1.0D0,1.0D0,1.0D0,1.0D0,1.0D0,1.0D0,     0000183P   1598
1.0D0,1.0D0,-32.77324269271463D0,35.57740360720464D0,            0000183P   1599
101.3422756648437D0,-32.96420517222238D0,37.08483817999019D0,    0000183P   1600
98.12542584541076D0,-31.70835826844586D0,39.60070452812126D0,    0000183P   1601
92.78490389226417D0,-26.01064179791231D0,41.4496452326371D0,     0000183P   1602
88.34376608855031D0,-21.12035373393033D0,42.54849075977924D0,    0000183P   1603
86.52777251653231D0,-17.06273785101133D0,43.4417823826993D0,     0000183P   1604
85.39885773039946D0,-13.94491312470414D0,46.20365001554688D0,    0000183P   1605
84.40048844875737D0,-16.05792829600309D0,50.18210766038295D0,    0000183P   1606
84.2848977592712D0,-19.33066445767072D0,53.53696761848656D0,     0000183P   1607
84.64308136746097D0,-23.3109419481489D0,57.98731135043221D0,     0000183P   1608
85.47734536081174D0,-26.57150066074135D0,63.23709193534853D0,    0000183P   1609
87.0810529709626D0,-27.07182472991382D0,67.17939883170042D0,     0000183P   1610
88.78225752922239D0,-26.99945632732324D0,69.0599185023998D0,     0000183P   1611
89.68446337866175D0,0.0D0,56.8044098427681D0,0.0D0,0.0D0,0.0D0;  0000183P   1612
126,12,3,0,0,1,0,0.0D0,0.0D0,0.0D0,0.0D0,10.67298157898501D0,    0000185P   1613
16.22641640180833D0,21.80428849921608D0,26.48117313808624D0,     0000185P   1614
29.45721996414616D0,32.72468603944753D0,37.95102859071105D0,     0000185P   1615
44.25689859943903D0,50.54341141511376D0,56.8044098427681D0,      0000185P   1616
56.8044098427681D0,56.8044098427681D0,56.8044098427681D0,1.0D0,  0000185P   1617
1.0D0,1.0D0,1.0D0,1.0D0,1.0D0,1.0D0,1.0D0,1.0D0,1.0D0,1.0D0,     0000185P   1618
1.0D0,1.0D0,8.33170422796837D0,72.85584658301343D0,              0000185P   1619
83.92809812174036D0,6.483182530672604D0,70.37278454503875D0,     0000185P   1620
85.6814716902621D0,3.146002325183463D0,67.34088640835913D0,      0000185P   1621
89.69379416288491D0,-0.5717723929759337D0,68.19521084555581D0,   0000185P   1622
96.10117589023693D0,-2.35959248829074D0,70.14945713827758D0,     0000185P   1623
100.7277115519418D0,-3.538392438397569D0,71.96294804753794D0,    0000185P   1624
104.4503915772601D0,-3.459937709952843D0,72.19380416517376D0,    0000185P   1625
108.7266089917988D0,-1.090814521632115D0,68.55618395999998D0,    0000185P   1626
109.9354489790852D0,1.546956792282476D0,64.66821268762611D0,     0000185P   1627
109.7939403212785D0,5.281578089003414D0,59.93582367238052D0,     0000185P   1628
109.7584069181426D0,9.951337295398968D0,55.6531527440852D0,      0000185P   1629
110.5428787666501D0,13.53042871464092D0,54.03601584361585D0,     0000185P   1630
112.3487518646583D0,15.2587107023329D0,53.52538317287002D0,      0000185P   1631
113.4013023189975D0,0.0D0,56.8044098427681D0,0.0D0,0.0D0,0.0D0;  0000185P   1632
126,12,3,0,0,1,0,0.0D0,0.0D0,0.0D0,0.0D0,10.67298157898501D0,    0000187P   1633
16.22641640180833D0,21.80428849921608D0,26.48117313808624D0,     0000187P   1634
29.45721996414616D0,32.72468603944753D0,37.95102859071105D0,     0000187P   1635
44.25689859943903D0,50.54341141511376D0,56.8044098427681D0,      0000187P   1636
56.8044098427681D0,56.8044098427681D0,56.8044098427681D0,1.0D0,  0000187P   1637
1.0D0,1.0D0,1.0D0,1.0D0,1.0D0,1.0D0,1.0D0,1.0D0,1.0D0,1.0D0,     0000187P   1638
1.0D0,1.0D0,-25.67228421749924D0,49.95431051448615D0,            0000187P   1639
113.4652344975925D0,-22.16815523707989D0,49.44584945160619D0,    0000187P   1640
113.8109162250746D0,-16.46367799262272D0,49.32204928446775D0,    0000187P   1641
115.7785347210008D0,-12.21564476360785D0,51.13826640433366D0,    0000187P   1642
121.6318951880892D0,-10.47885975829738D0,53.29454009019226D0,    0000187P   1643
126.1875809906724D0,-9.356995258703485D0,55.25226505618311D0,    0000187P   1644
129.8543777089719D0,-7.201282002583575D0,58.25049538039522D0,    0000187P   1645
132.0244008305616D0,-4.670037642230001D0,60.2252478780871D0,     0000187P   1646
128.8622063212963D0,-2.79345182366086D0,61.43710991214026D0,     0000187P   1647
124.7265082066468D0,-0.6251055681730566D0,63.38118259630886D0,   0000187P   1648
119.4479647939941D0,1.316700164191989D0,66.62160879400442D0,     0000187P   1649
114.3008932030868D0,2.219686607670038D0,70.17479995410493D0,     0000187P   1650
112.010554177759D0,2.55248328045101D0,72.05398058410508D0,       0000187P   1651
111.1658688240554D0,0.0D0,56.8044098427681D0,0.0D0,0.0D0,0.0D0;  0000187P   1652
126,12,3,0,0,1,0,0.0D0,0.0D0,0.0D0,0.0D0,10.67298157898501D0,    0000189P   1653
16.22641640180833D0,21.80428849921608D0,26.48117313808624D0,     0000189P   1654
29.45721996414616D0,32.72468603944753D0,37.95102859071105D0,     0000189P   1655
44.25689859943903D0,50.54341141511376D0,56.8044098427681D0,      0000189P   1656
56.8044098427681D0,56.8044098427681D0,56.8044098427681D0,1.0D0,  0000189P   1657
1.0D0,1.0D0,1.0D0,1.0D0,1.0D0,1.0D0,1.0D0,1.0D0,1.0D0,1.0D0,     0000189P   1658
1.0D0,1.0D0,1.373006238426882D0,49.07337496977823D0,             0000189P   1659
114.6061046313446D0,4.321905267749194D0,47.86191836643823D0,     0000189P   1660
116.1851283277092D0,8.95502507255479D0,46.91422822362745D0,      0000189P   1661
119.9353275126807D0,11.79354273351949D0,49.1365540989427D0,      0000189P   1662
126.4629874985621D0,12.7969457928515D0,51.93129973493268D0,      0000189P   1663
130.8904913806037D0,13.42040817870715D0,54.45380730037763D0,     0000189P   1664
134.3234078385067D0,15.71202591560511D0,57.31807237266955D0,     0000189P   1665
136.5347329641844D0,19.48486255260378D0,57.74907241210086D0,     0000189P   1666
134.1085709271554D0,22.69236441092878D0,57.36671304529716D0,     0000189P   1667
130.693909016657D0,26.70042084446006D0,57.30418427713578D0,      0000189P   1668
126.1910501000288D0,30.86139765864556D0,58.54315985918705D0,     0000189P   1669
121.5097544603822D0,33.39249311006354D0,61.06241524988285D0,     0000189P   1670
119.0739562584529D0,34.49925468939041D0,62.52418756001142D0,     0000189P   1671
118.0770273080203D0,0.0D0,56.8044098427681D0,0.0D0,0.0D0,0.0D0;  0000189P   1672
126,12,3,0,0,1,0,0.0D0,0.0D0,0.0D0,0.0D0,10.67298157898501D0,    0000191P   1673
16.22641640180833D0,21.80428849921608D0,26.48117313808624D0,     0000191P   1674
29.45721996414616D0,32.72468603944753D0,37.95102859071105D0,     0000191P   1675
44.25689859943903D0,50.54341141511376D0,56.8044098427681D0,      0000191P   1676
56.8044098427681D0,56.8044098427681D0,56.8044098427681D0,1.0D0,  0000191P   1677
1.0D0,1.0D0,1.0D0,1.0D0,1.0D0,1.0D0,1.0D0,1.0D0,1.0D0,1.0D0,     0000191P   1678
1.0D0,1.0D0,-0.9214040981027694D0,37.22733160850898D0,           0000191P   1679
84.73535182604388D0,2.607989966597074D0,36.8532693122325D0,      0000191P   1680
84.4895808856121D0,8.531980380853945D0,36.58494946381629D0,      0000191P   1681
85.6130806364632D0,13.50766846616248D0,37.16792902297049D0,      0000191P   1682
91.13656890116589D0,15.8085745886281D0,38.25029944557024D0,      0000191P   1683
95.82213362473304D0,17.3818916871164D0,39.32069825165751D0,      0000191P   1684
99.68420364931524D0,19.74543558531256D0,41.82171036653228D0,     0000191P   1685
102.2345141618645D0,21.7639063316732D0,44.64773296190175D0,      0000191P   1686
99.3629829170515D0,23.017302659636D0,46.93354068215227D0,        0000191P   1687
95.45168344876194D0,24.38292926639933D0,50.22267183403805D0,     0000191P   1688
90.58744199907306D0,25.51127567896068D0,54.72216073328089D0,     0000191P   1689
86.20055797670216D0,26.00093816254745D0,58.77107218077135D0,     0000191P   1690
84.76781531634434D0,26.16757320669159D0,60.81507265272274D0,     0000191P   1691
84.38069563837784D0,0.0D0,56.8044098427681D0,0.0D0,0.0D0,0.0D0;  0000191P   1692
126,12,3,0,0,1,0,0.0D0,0.0D0,0.0D0,0.0D0,10.67298157898501D0,    0000193P   1693
16.22641640180833D0,21.80428849921608D0,26.48117313808624D0,     0000193P   1694
29.45721996414616D0,32.72468603944753D0,37.95102859071105D0,     0000193P   1695
44.25689859943903D0,50.54341141511376D0,56.8044098427681D0,      0000193P   1696
56.8044098427681D0,56.8044098427681D0,56.8044098427681D0,1.0D0,  0000193P   1697
1.0D0,1.0D0,1.0D0,1.0D0,1.0D0,1.0D0,1.0D0,1.0D0,1.0D0,1.0D0,     0000193P   1698
1.0D0,1.0D0,8.417100328549783D0,38.71593810380394D0,             0000193P   1699
275.1985057985742D0,8.881614109322658D0,40.94636633421D0,        0000193P   1700
277.9309708536251D0,8.787602380126106D0,45.68832890761316D0,     0000193P   1701
281.6636458202731D0,5.926771291484815D0,52.53385523217994D0,     0000193P   1702
282.4124278452364D0,3.60211579139089D0,57.22002210761865D0,      0000193P   1703
281.3847954614145D0,1.756422444719949D0,60.9281204754711D0,      0000193P   1704
280.2100241067969D0,1.942794691556873D0,65.09922568677041D0,     0000193P   1705
279.2547064791199D0,6.229974699560433D0,66.18749783867088D0,     0000193P   1706
280.1161418253664D0,10.7930210673833D0,65.92422218713446D0,      0000193P   1707
281.2131726343941D0,16.73788180712097D0,65.65115033752767D0,     0000193P   1708
282.1766181151322D0,23.11211809811698D0,65.99248295371061D0,     0000193P   1709
282.0504390417404D0,26.94272248260494D0,67.30367255405432D0,     0000193P   1710
280.5360227615344D0,28.62025929435756D0,68.09244418205068D0,     0000193P   1711
279.5772337459391D0,0.0D0,56.8044098427681D0,0.0D0,0.0D0,0.0D0;  0000193P   1712
126,12,3,0,0,1,0,0.0D0,0.0D0,0.0D0,0.0D0,10.67298157898501D0,    0000195P   1713
16.22641640180833D0,21.80428849921608D0,26.48117313808624D0,     0000195P   1714
29.45721996414616D0,32.72468603944753D0,37.95102859071105D0,     0000195P   1715
44.25689859943903D0,50.54341141511376D0,56.8044098427681D0,      0000195P   1716
56.8044098427681D0,56.8044098427681D0,56.8044098427681D0,1.0D0,  0000195P   1717
1.0D0,1.0D0,1.0D0,1.0D0,1.0D0,1.0D0,1.0D0,1.0D0,1.0D0,1.0D0,     0000195P   1718
1.0D0,1.0D0,55.2093772016776D0,26.70945262030821D0,              0000195P   1719
21.82165227580362D0,53.187363725856D0,28.36036780003334D0,       0000195P   1720
19.40444541797291D0,50.62653142484045D0,32.41292658454805D0,     0000195P   1721
15.73745552385649D0,51.08733835920346D0,39.54506093539355D0,     0000195P   1722
13.60988031491231D0,52.30416855733365D0,44.73187448806628D0,     0000195P   1723
13.41882813987995D0,53.40772454171743D0,48.88966953183875D0,     0000195P   1724
13.59650687962335D0,52.50011338291628D0,53.00502259861358D0,     0000195P   1725
14.36174944775239D0,48.07874500412543D0,52.96541606825549D0,     0000195P   1726
15.23137726191859D0,43.68006717983911D0,51.52737148246551D0,     0000195P   1727
16.05469007425749D0,38.10502113044983D0,49.78840023213438D0,     0000195P   1728
17.55102064668718D0,32.39350612143951D0,48.70205739240691D0,     0000195P   1729
20.18953783315868D0,29.20744356709771D0,49.32251651361464D0,     0000195P   1730
23.04440046855671D0,27.86611776729242D0,49.84361847772715D0,     0000195P   1731
24.55597734523821D0,0.0D0,56.8044098427681D0,0.0D0,0.0D0,0.0D0;  0000195P   1732
126,12,3,0,0,1,0,0.0D0,0.0D0,0.0D0,0.0D0,10.67298157898501D0,    0000197P   1733
16.22641640180833D0,21.80428849921608D0,26.48117313808624D0,     0000197P   1734
29.45721996414616D0,32.72468603944753D0,37.95102859071105D0,     0000197P   1735
44.25689859943903D0,50.54341141511376D0,56.8044098427681D0,      0000197P   1736
56.8044098427681D0,56.8044098427681D0,56.8044098427681D0,1.0D0,  0000197P   1737
1.0D0,1.0D0,1.0D0,1.0D0,1.0D0,1.0D0,1.0D0,1.0D0,1.0D0,1.0D0,     0000197P   1738
1.0D0,1.0D0,21.22726910696242D0,25.22098347626468D0,             0000197P   1739
46.06258472350332D0,23.3655833518911D0,26.39310157439279D0,      0000197P   1740
48.65308656186794D0,26.78875635496939D0,29.76607830411632D0,     0000197P   1741
52.30450056621796D0,28.9848228097648D0,36.79428467919534D0,      0000197P   1742
53.48257822681686D0,29.98965582361028D0,41.98975751522748D0,     0000197P   1743
52.83637073754277D0,30.72890408668516D0,46.1418267863135D0,      0000197P   1744
51.97005789284462D0,33.34755741625771D0,49.37769892440717D0,     0000197P   1745
50.96145920491277D0,37.43869533326844D0,47.49074471837011D0,     0000197P   1746
51.05263991398017D0,40.92878411429461D0,44.35524392471791D0,     0000197P   1747
51.33916721304834D0,45.45373192277677D0,40.37257815056071D0,     0000197P   1748
51.25322940910665D0,50.53863209331507D0,36.71578298243412D0,     0000197P   1749
50.01429568977046D0,54.08345464529732D0,35.5284765745884D0,      0000197P   1750
47.84387145540811D0,55.72837475291254D0,35.20618955429394D0,     0000197P   1751
46.60051481773081D0,0.0D0,56.8044098427681D0,0.0D0,0.0D0,0.0D0;  0000197P   1752
126,12,3,0,0,1,0,0.0D0,0.0D0,0.0D0,0.0D0,10.67298157898501D0,    0000199P   1753
16.22641640180833D0,21.80428849921608D0,26.48117313808624D0,     0000199P   1754
29.45721996414616D0,32.72468603944753D0,37.95102859071105D0,     0000199P   1755
44.25689859943903D0,50.54341141511376D0,56.8044098427681D0,      0000199P   1756
56.8044098427681D0,56.8044098427681D0,56.8044098427681D0,1.0D0,  0000199P   1757
1.0D0,1.0D0,1.0D0,1.0D0,1.0D0,1.0D0,1.0D0,1.0D0,1.0D0,1.0D0,     0000199P   1758
1.0D0,1.0D0,12.25327761570387D0,16.34065151089784D0,             0000199P   1759
247.0687991326589D0,15.19187076064443D0,17.32561559216504D0,     0000199P   1760
245.3219549759818D0,20.70508876398336D0,19.27402511282401D0,     0000199P   1761
243.826616470195D0,27.15319554994718D0,21.54637455540121D0,      0000199P   1762
246.803965389386D0,30.83919862013986D0,23.29757715557209D0,      0000199P   1763
250.2342543443489D0,33.55136522646189D0,24.78477596654459D0,     0000199P   1764
253.2290927652722D0,35.85975204464601D0,27.92655580537357D0,     0000199P   1765
255.0028049205645D0,35.31448462913257D0,31.37372184047679D0,     0000199P   1766
252.1521822999078D0,33.83736995000123D0,34.0587425083976D0,      0000199P   1767
248.5880584163871D0,31.69532714732699D0,37.738992141108D0,       0000199P   1768
244.3205556434855D0,29.18063192371363D0,42.43971122461863D0,     0000199P   1769
240.8073142004392D0,27.62342370450191D0,46.4101888487165D0,      0000199P   1770
240.1026051918275D0,26.92309343358111D0,48.37603984978462D0,     0000199P   1771
240.0794931695265D0,0.0D0,56.8044098427681D0,0.0D0,0.0D0,0.0D0;  0000199P   1772
126,12,3,0,0,1,0,0.0D0,0.0D0,0.0D0,0.0D0,10.67298157898501D0,    0000201P   1773
16.22641640180833D0,21.80428849921608D0,26.48117313808624D0,     0000201P   1774
29.45721996414616D0,32.72468603944753D0,37.95102859071105D0,     0000201P   1775
44.25689859943903D0,50.54341141511376D0,56.8044098427681D0,      0000201P   1776
56.8044098427681D0,56.8044098427681D0,56.8044098427681D0,1.0D0,  0000201P   1777
1.0D0,1.0D0,1.0D0,1.0D0,1.0D0,1.0D0,1.0D0,1.0D0,1.0D0,1.0D0,     0000201P   1778
1.0D0,1.0D0,-28.74961001517686D0,-16.13425952319347D0,           0000201P   1779
73.21195192843234D0,-26.92997047215207D0,-13.60530949854513D0,   0000201P   1780
71.49431630732799D0,-22.9994207324625D0,-9.303460289394692D0,    0000201P   1781
69.92180818811782D0,-16.94980120016852D0,-5.684211629538915D0,   0000201P   1782
72.35273442138786D0,-13.09746305417008D0,-3.735926468937414D0,   0000201P   1783
75.48065501448497D0,-10.17828952403834D0,-2.269541493406635D0,   0000201P   1784
78.28508119032929D0,-8.497229692111269D0,0.8423752216896929D0,   0000201P   1785
80.70075858345436D0,-10.9036243559257D0,4.477896371188379D0,     0000201P   1786
79.5612103190517D0,-14.14044218802837D0,7.297061025379591D0,     0000201P   1787
77.64561542610309D0,-18.49342906438719D0,10.93134133999509D0,    0000201P   1788
75.59923410940696D0,-23.25896260176306D0,15.08348655279354D0,    0000201P   1789
74.69773666467214D0,-26.07798836736335D0,18.13939818685314D0,    0000201P   1790
75.88124948925909D0,-27.30994359033141D0,19.58317519621748D0,    0000201P   1791
76.74921324897259D0,0.0D0,56.8044098427681D0,0.0D0,0.0D0,0.0D0;  0000201P   1792
126,12,3,0,0,1,0,0.0D0,0.0D0,0.0D0,0.0D0,10.67298157898501D0,    0000203P   1793
16.22641640180833D0,21.80428849921608D0,26.48117313808624D0,     0000203P   1794
29.45721996414616D0,32.72468603944753D0,37.95102859071105D0,     0000203P   1795
44.25689859943903D0,50.54341141511376D0,56.8044098427681D0,      0000203P   1796
56.8044098427681D0,56.8044098427681D0,56.8044098427681D0,1.0D0,  0000203P   1797
1.0D0,1.0D0,1.0D0,1.0D0,1.0D0,1.0D0,1.0D0,1.0D0,1.0D0,1.0D0,     0000203P   1798
1.0D0,1.0D0,-49.27967735187961D0,-11.77000807840241D0,           0000203P   1799
249.9056335923478D0,-48.3319498512741D0,-9.479224919711911D0,    0000203P   1800
247.3539530627652D0,-45.36772320050487D0,-6.410053843195683D0,   0000203P   1801
243.0852929772853D0,-38.91641540153039D0,-6.263471091762014D0,   0000203P   1802
239.348261952681D0,-33.86818932086713D0,-7.131735078903077D0,    0000203P   1803
237.8711896518098D0,-29.73843855762276D0,-7.979000554583521D0,   0000203P   1804
236.9971387274082D0,-25.60344744888722D0,-6.86914651704322D0,    0000203P   1805
236.8724085630386D0,-25.63834782465288D0,-2.532935740159516D0,   0000203P   1806
238.0981237075967D0,-27.04133862476793D0,1.695229217717909D0,    0000203P   1807
239.5975971896295D0,-28.63252191407717D0,7.02701546380753D0,     0000203P   1808
241.9180186621446D0,-29.32920697502099D0,12.45420988343091D0,    0000203P   1809
245.2079287010893D0,-28.20358068659992D0,15.46040354716399D0,    0000203P   1810
248.1030918922078D0,-27.40493610952986D0,16.72030735311037D0,    0000203P   1811
249.5626726716173D0,0.0D0,56.8044098427681D0,0.0D0,0.0D0,0.0D0;  0000203P   1812
126,12,3,0,0,1,0,0.0D0,0.0D0,0.0D0,0.0D0,10.67298157898501D0,    0000205P   1813
16.22641640180833D0,21.80428849921608D0,26.48117313808624D0,     0000205P   1814
29.45721996414616D0,32.72468603944753D0,37.95102859071105D0,     0000205P   1815
44.25689859943903D0,50.54341141511376D0,56.8044098427681D0,      0000205P   1816
56.8044098427681D0,56.8044098427681D0,56.8044098427681D0,1.0D0,  0000205P   1817
1.0D0,1.0D0,1.0D0,1.0D0,1.0D0,1.0D0,1.0D0,1.0D0,1.0D0,1.0D0,     0000205P   1818
1.0D0,1.0D0,-46.2287756311011D0,-12.38104673631906D0,            0000205P   1819
155.5530208658174D0,-44.34157517469792D0,-9.889375266690571D0,   0000205P   1820
153.8539045821612D0,-40.27572933330812D0,-5.708641106798353D0,   0000205P   1821
152.2988260832463D0,-34.05595504076797D0,-2.367589015549569D0,   0000205P   1822
154.6984173760293D0,-30.08410449604164D0,-0.6269066862512176D0,  0000205P   1823
157.7991656363176D0,-27.06796425864395D0,0.6737166006209492D0,   0000205P   1824
160.5826782203096D0,-25.2325537915936D0,3.672546688944266D0,     0000205P   1825
163.0288531091266D0,-27.51682946102458D0,7.41753253650306D0,     0000205P   1826
161.9975989110649D0,-30.67391496422714D0,10.39325157350645D0,    0000205P   1827
160.1887069414234D0,-34.91735608360754D0,14.22789501796794D0,    0000205P   1828
158.2826949360895D0,-39.53547148125048D0,18.57316237470384D0,    0000205P   1829
157.5377256887906D0,-42.21772945555028D0,21.70934057617377D0,    0000205P   1830
158.8246146646509D0,-43.38032877561972D0,23.18126694257381D0,    0000205P   1831
159.7396897463867D0,0.0D0,56.8044098427681D0,0.0D0,0.0D0,0.0D0;  0000205P   1832
126,12,3,0,0,1,0,0.0D0,0.0D0,0.0D0,0.0D0,10.67298157898501D0,    0000207P   1833
16.22641640180833D0,21.80428849921608D0,26.48117313808624D0,     0000207P   1834
29.45721996414616D0,32.72468603944753D0,37.95102859071105D0,     0000207P   1835
44.25689859943903D0,50.54341141511376D0,56.8044098427681D0,      0000207P   1836
56.8044098427681D0,56.8044098427681D0,56.8044098427681D0,1.0D0,  0000207P   1837
1.0D0,1.0D0,1.0D0,1.0D0,1.0D0,1.0D0,1.0D0,1.0D0,1.0D0,1.0D0,     0000207P   1838
1.0D0,1.0D0,-73.94285048835177D0,-0.7496529602489659D0,          0000207P   1839
102.1625331282237D0,-70.49522097808791D0,-1.600086583180044D0,   0000207P   1840
101.9444463713104D0,-64.64921418427228D0,-2.572290812173463D0,   0000207P   1841
103.0876581466228D0,-59.59698358519543D0,-2.292349365185089D0,   0000207P   1842
108.5651446558705D0,-57.13722108372909D0,-1.220729936326478D0,   0000207P   1843
113.1718150077546D0,-55.40673733524785D0,-0.1185864992410899D0,  0000207P   1844
116.9569663933107D0,-52.71522194576134D0,2.209650583140544D0,    0000207P   1845
119.3403551707137D0,-50.36551751424776D0,4.553290704424526D0,    0000207P   1846
116.291985176795D0,-48.85334144733277D0,6.395839157248417D0,     0000207P   1847
112.2407481359401D0,-47.10555934444692D0,9.154304761538143D0,    0000207P   1848
107.1731757511527D0,-45.43024760465745D0,13.17220688932916D0,    0000207P   1849
102.5027249728125D0,-44.42413638251021D0,17.01998096112933D0,    0000207P   1850
100.8090367815233D0,-43.99345206158115D0,18.99483801870917D0,    0000207P   1851
100.2894047673283D0,0.0D0,56.8044098427681D0,0.0D0,0.0D0,0.0D0;  0000207P   1852
126,12,3,0,0,1,0,0.0D0,0.0D0,0.0D0,0.0D0,10.67298157898501D0,    0000209P   1853
16.22641640180833D0,21.80428849921608D0,26.48117313808624D0,     0000209P   1854
29.45721996414616D0,32.72468603944753D0,37.95102859071105D0,     0000209P   1855
44.25689859943903D0,50.54341141511376D0,56.8044098427681D0,      0000209P   1856
56.8044098427681D0,56.8044098427681D0,56.8044098427681D0,1.0D0,  0000209P   1857
1.0D0,1.0D0,1.0D0,1.0D0,1.0D0,1.0D0,1.0D0,1.0D0,1.0D0,1.0D0,     0000209P   1858
1.0D0,1.0D0,-10.47721523897765D0,12.01213452058558D0,            0000209P   1859
166.6790570676579D0,-8.496228228239787D0,14.31172192711422D0,    0000209P   1860
168.5350033609589D0,-4.21690740742261D0,16.93745146672741D0,     0000209P   1861
171.8847596739983D0,2.329582838685567D0,15.58301523375231D0,     0000209P   1862
175.1885798336613D0,6.55378681007015D0,13.10184026685543D0,      0000209P   1863
177.2909791978732D0,9.779688045931238D0,10.796477138399D0,       0000209P   1864
178.968932484967D0,11.9353133748196D0,9.194735404250181D0,       0000209P   1865
182.3055756973004D0,9.880295699881501D0,11.03391845152196D0,     0000209P   1866
185.8693696907447D0,6.864902960857677D0,13.41867397173449D0,     0000209P   1867
188.5739085715538D0,2.824158988789435D0,16.07463399032365D0,     0000209P   1868
192.1742459413189D0,-1.500136338549538D0,17.71671962970866D0,    0000209P   1869
196.5750801897044D0,-3.889095498959961D0,17.14939683286092D0,    0000209P   1870
200.1327794128441D0,-4.900134798454943D0,16.58392910392659D0,    0000209P   1871
201.8687553904295D0,0.0D0,56.8044098427681D0,0.0D0,0.0D0,0.0D0;  0000209P   1872
126,12,3,0,0,1,0,0.0D0,0.0D0,0.0D0,0.0D0,10.67298157898501D0,    0000211P   1873
16.22641640180833D0,21.80428849921608D0,26.48117313808624D0,     0000211P   1874
29.45721996414616D0,32.72468603944753D0,37.95102859071105D0,     0000211P   1875
44.25689859943903D0,50.54341141511376D0,56.8044098427681D0,      0000211P   1876
56.8044098427681D0,56.8044098427681D0,56.8044098427681D0,1.0D0,  0000211P   1877
1.0D0,1.0D0,1.0D0,1.0D0,1.0D0,1.0D0,1.0D0,1.0D0,1.0D0,1.0D0,     0000211P   1878
1.0D0,1.0D0,-56.57959028529063D0,5.221372359560533D0,            0000211P   1879
185.4468045379332D0,-53.19811408723628D0,5.686521184732001D0,    0000211P   1880
184.4437074773113D0,-47.21847107728633D0,6.494791644701678D0,    0000211P   1881
184.3077736826867D0,-41.24549898167038D0,7.004254062168641D0,    0000211P   1882
188.7428962389599D0,-38.114486260132D0,7.577498134946197D0,      0000211P   1883
193.0193856947456D0,-35.87296607166358D0,8.149392357925763D0,    0000211P   1884
196.650527307745D0,-33.42715067853239D0,10.52816900203889D0,     0000211P   1885
199.2399082777868D0,-32.65238776084039D0,14.25503374274247D0,    0000211P   1886
196.8281576316254D0,-32.76545325851648D0,17.5128472991663D0,     0000211P   1887
193.4417067100312D0,-33.16593907494229D0,21.94802811667701D0,    0000211P   1888
189.3780941705409D0,-33.88375700612505D0,27.38793874913689D0,    0000211P   1889
186.1138289951292D0,-34.4360670438875D0,31.65171577528669D0,     0000211P   1890
185.6650931243489D0,-34.71221700892685D0,33.7175379427723D0,     0000211P   1891
185.7731985427013D0,0.0D0,56.8044098427681D0,0.0D0,0.0D0,0.0D0;  0000211P   1892
126,12,3,0,0,1,0,0.0D0,0.0D0,0.0D0,0.0D0,10.67298157898501D0,    0000213P   1893
16.22641640180833D0,21.80428849921608D0,26.48117313808624D0,     0000213P   1894
29.45721996414616D0,32.72468603944753D0,37.95102859071105D0,     0000213P   1895
44.25689859943903D0,50.54341141511376D0,56.8044098427681D0,      0000213P   1896
56.8044098427681D0,56.8044098427681D0,56.8044098427681D0,1.0D0,  0000213P   1897
1.0D0,1.0D0,1.0D0,1.0D0,1.0D0,1.0D0,1.0D0,1.0D0,1.0D0,1.0D0,     0000213P   1898
1.0D0,1.0D0,-60.87633792875918D0,2.283760409872755D0,            0000213P   1899
41.74494910165355D0,-57.43959825313102D0,1.371949952356303D0,    0000213P   1900
41.62507203077794D0,-51.56866669360269D0,0.6084617523374192D0,   0000213P   1901
42.79859580607608D0,-46.3673056206578D0,2.003267398985756D0,     0000213P   1902
47.95675632082479D0,-43.77789547251228D0,4.010986502292454D0,    0000213P   1903
52.16201856969274D0,-41.93983475121287D0,5.880054218123391D0,    0000213P   1904
55.57739319478147D0,-39.17427700683729D0,8.637269536366958D0,    0000213P   1905
57.33663710033785D0,-36.89896509236321D0,10.25088091417753D0,    0000213P   1906
53.79749404492988D0,-35.49042364713887D0,11.16884522604319D0,    0000213P   1907
49.40801396879603D0,-33.8702992250279D0,12.7616853413882D0,      0000213P   1908
43.82390957613787D0,-32.30641886205404D0,15.67042191787461D0,    0000213P   1909
38.35976763565008D0,-31.33074848247548D0,19.05651140959777D0,    0000213P   1910
35.8560364095166D0,-30.90608742869458D0,20.87007013525393D0,     0000213P   1911
34.9146360959722D0,0.0D0,56.8044098427681D0,0.0D0,0.0D0,0.0D0;   0000213P   1912
126,12,3,0,0,1,0,0.0D0,0.0D0,0.0D0,0.0D0,10.67298157898501D0,    0000215P   1913
16.22641640180833D0,21.80428849921608D0,26.48117313808624D0,     0000215P   1914
29.45721996414616D0,32.72468603944753D0,37.95102859071105D0,     0000215P   1915
44.25689859943903D0,50.54341141511376D0,56.8044098427681D0,      0000215P   1916
56.8044098427681D0,56.8044098427681D0,56.8044098427681D0,1.0D0,  0000215P   1917
1.0D0,1.0D0,1.0D0,1.0D0,1.0D0,1.0D0,1.0D0,1.0D0,1.0D0,1.0D0,     0000215P   1918
1.0D0,1.0D0,-22.80743953951803D0,-1.608125463752899D0,           0000215P   1919
225.3342167157889D0,-19.78922456192944D0,-0.5301999822435306D0,  0000215P   1920
223.7897415861842D0,-14.02132387530001D0,0.6542506340253738D0,   0000215P   1921
222.4644838504119D0,-7.072363770029156D0,-0.4086916329095089D0,  0000215P   1922
224.9521266888231D0,-2.898747066109209D0,-1.535255777920881D0,   0000215P   1923
228.0717401794323D0,0.2481410572804776D0,-2.443080323199759D0,   0000215P   1924
230.8663090021853D0,3.417351766451176D0,-1.261982688241531D0,    0000215P   1925
233.4943495128023D0,3.734458980788517D0,3.184027058831887D0,     0000215P   1926
232.8319599771564D0,2.913813369706489D0,7.570954587914031D0,     0000215P   1927
231.3569716873239D0,1.703127058453333D0,13.29025354553285D0,     0000215P   1928
229.8845509820222D0,0.4529531607389714D0,19.54570330897872D0,    0000215P   1929
229.6204849119539D0,0.03872028435752384D0,23.53628995440187D0,   0000215P   1930
231.2297810741802D0,-0.08447296204549559D0,25.328296997728D0,    0000215P   1931
232.2923727140181D0,0.0D0,56.8044098427681D0,0.0D0,0.0D0,0.0D0;  0000215P   1932
126,12,3,0,0,1,0,0.0D0,0.0D0,0.0D0,0.0D0,10.67298157898501D0,    0000217P   1933
16.22641640180833D0,21.80428849921608D0,26.48117313808624D0,     0000217P   1934
29.45721996414616D0,32.72468603944753D0,37.95102859071105D0,     0000217P   1935
44.25689859943903D0,50.54341141511376D0,56.8044098427681D0,      0000217P   1936
56.8044098427681D0,56.8044098427681D0,56.8044098427681D0,1.0D0,  0000217P   1937
1.0D0,1.0D0,1.0D0,1.0D0,1.0D0,1.0D0,1.0D0,1.0D0,1.0D0,1.0D0,     0000217P   1938
1.0D0,1.0D0,-62.3395561082222D0,13.75939333465001D0,             0000217P   1939
255.7975872113676D0,-58.88504864717386D0,12.91466216123086D0,    0000217P   1940
255.698815419797D0,-53.12520088178633D0,11.76394329512442D0,     0000217P   1941
257.0873072167375D0,-48.43769574992555D0,11.33327508806101D0,    0000217P   1942
262.8707387442291D0,-46.28092164925977D0,11.81514836425596D0,    0000217P   1943
267.7221648355184D0,-44.79878320047188D0,12.43335391643329D0,    0000217P   1944
271.7168804305423D0,-42.26697768587183D0,14.43191848643226D0,    0000217P   1945
274.5348913538099D0,-39.72506746650924D0,17.11140043755367D0,    0000217P   1946
271.9531499911431D0,-37.95409616596748D0,19.42257979038223D0,    0000217P   1947
268.2631237756175D0,-35.8822892371449D0,22.76497435066602D0,     0000217P   1948
263.6936402930623D0,-33.90846449941038D0,27.30945748217321D0,    0000217P   1949
259.6668541826465D0,-32.79490981409781D0,31.32708701993411D0,    0000217P   1950
258.5245522749225D0,-32.33150829114874D0,33.34712734067776D0,    0000217P   1951
258.2790671563474D0,0.0D0,56.8044098427681D0,0.0D0,0.0D0,0.0D0;  0000217P   1952
126,12,3,0,0,1,0,0.0D0,0.0D0,0.0D0,0.0D0,10.67298157898501D0,    0000219P   1953
16.22641640180833D0,21.80428849921608D0,26.48117313808624D0,     0000219P   1954
29.45721996414616D0,32.72468603944753D0,37.95102859071105D0,     0000219P   1955
44.25689859943903D0,50.54341141511376D0,56.8044098427681D0,      0000219P   1956
56.8044098427681D0,56.8044098427681D0,56.8044098427681D0,1.0D0,  0000219P   1957
1.0D0,1.0D0,1.0D0,1.0D0,1.0D0,1.0D0,1.0D0,1.0D0,1.0D0,1.0D0,     0000219P   1958
1.0D0,1.0D0,-56.13540713804667D0,2.76437785116492D0,             0000219P   1959
232.5463040481123D0,-54.53451586115899D0,5.918285665532405D0,    0000219P   1960
232.1629490707722D0,-51.162617880845D0,10.86972577572277D0,      0000219P   1961
232.898784993364D0,-46.11059115474188D0,13.92734145750235D0,     0000219P   1962
237.452275083422D0,-43.035970099412D0,14.96223191575616D0,       0000219P   1963
241.6826318769316D0,-40.75909850273315D0,15.57705713044028D0,    0000219P   1964
245.2846467101702D0,-39.90472473191083D0,17.73081888783973D0,    0000219P   1965
248.8869849535844D0,-42.68995367068877D0,21.26757055155324D0,    0000219P   1966
248.6864681682431D0,-46.06290112240182D0,24.25254286046211D0,    0000219P   1967
247.3420915013155D0,-50.64083477016471D0,27.92630610494943D0,    0000219P   1968
245.9672635904805D0,-55.84805032923629D0,31.61458733612168D0,    0000219P   1969
245.7555914666D0,-59.23821632184548D0,33.71717085514578D0,       0000219P   1970
247.4205604982475D0,-60.78084012717345D0,34.60670114379D0,       0000219P   1971
248.5089604583556D0,0.0D0,56.8044098427681D0,0.0D0,0.0D0,0.0D0;  0000219P   1972
126,12,3,0,0,1,0,0.0D0,0.0D0,0.0D0,0.0D0,10.67298157898501D0,    0000221P   1973
16.22641640180833D0,21.80428849921608D0,26.48117313808624D0,     0000221P   1974
29.45721996414616D0,32.72468603944753D0,37.95102859071105D0,     0000221P   1975
44.25689859943903D0,50.54341141511376D0,56.8044098427681D0,      0000221P   1976
56.8044098427681D0,56.8044098427681D0,56.8044098427681D0,1.0D0,  0000221P   1977
1.0D0,1.0D0,1.0D0,1.0D0,1.0D0,1.0D0,1.0D0,1.0D0,1.0D0,1.0D0,     0000221P   1978
1.0D0,1.0D0,-38.17448531574995D0,39.72849819155704D0,            0000221P   1979
202.6793963874203D0,-35.46346153578499D0,38.06941113799732D0,    0000221P   1980
204.277748236598D0,-30.43456130837331D0,36.73953993928106D0,     0000221P   1981
207.3387145475834D0,-24.91953585110373D0,39.88450193364224D0,    0000221P   1982
211.2502318949402D0,-21.54375582229233D0,43.44792127090633D0,    0000221P   1983
213.3302230773124D0,-18.93975510993873D0,46.55865033982874D0,    0000221P   1984
214.7721697202462D0,-15.18989938555958D0,48.62823821473765D0,    0000221P   1985
214.8017187006185D0,-12.59753554975633D0,46.15192298945163D0,    0000221P   1986
212.0715479731316D0,-11.12136981742377D0,42.89475007663151D0,    0000221P   1987
209.0209837357769D0,-9.217362970175088D0,39.04559015052229D0,    0000221P   1988
204.7898029983064D0,-6.797826095077859D0,36.05461111571395D0,    0000221P   1989
199.6943929922063D0,-4.57940098332385D0,35.77451631811707D0,     0000221P   1990
195.9948873879182D0,-3.462576057944304D0,35.95934542462368D0,    0000221P   1991
194.2415742100226D0,0.0D0,56.8044098427681D0,0.0D0,0.0D0,0.0D0;  0000221P   1992
126,12,3,0,0,1,0,0.0D0,0.0D0,0.0D0,0.0D0,10.67298157898501D0,    0000223P   1993
16.22641640180833D0,21.80428849921608D0,26.48117313808624D0,     0000223P   1994
29.45721996414616D0,32.72468603944753D0,37.95102859071105D0,     0000223P   1995
44.25689859943903D0,50.54341141511376D0,56.8044098427681D0,      0000223P   1996
56.8044098427681D0,56.8044098427681D0,56.8044098427681D0,1.0D0,  0000223P   1997
1.0D0,1.0D0,1.0D0,1.0D0,1.0D0,1.0D0,1.0D0,1.0D0,1.0D0,1.0D0,     0000223P   1998
1.0D0,1.0D0,-52.96471736886787D0,46.01289075259396D0,            0000223P   1999
30.84777498266648D0,-49.58506919113537D0,44.94137927584505D0,    0000223P   2000
30.55317394645075D0,-43.81261659430045D0,43.51490296192901D0,    0000223P   2001
31.58848356321016D0,-38.71898125038616D0,43.16765721975972D0,    0000223P   2002
37.0236062919766D0,-36.16270456630377D0,43.83090371679005D0,     0000223P   2003
41.65456354652445D0,-34.33700411305615D0,44.61653226714893D0,    0000223P   2004
45.47376121188788D0,-31.47710226668456D0,46.63012905547332D0,    0000223P   2005
47.94598176657958D0,-28.99106097826026D0,48.96128928536068D0,    0000223P   2006
44.99782806498408D0,-27.38123336470208D0,50.90186064497578D0,    0000223P   2007
41.03086188509084D0,-25.47979961848249D0,53.79109651742033D0,    0000223P   2008
36.09314678330603D0,-23.56168154400513D0,57.91972383922916D0,    0000223P   2009
31.61669987790667D0,-22.30426562741461D0,61.77169968428072D0,    0000223P   2010
30.11091367458794D0,-21.74221241527667D0,63.73661251961303D0,    0000223P   2011
29.68808918544959D0,0.0D0,56.8044098427681D0,0.0D0,0.0D0,0.0D0;  0000223P   2012
126,12,3,0,0,1,0,0.0D0,0.0D0,0.0D0,0.0D0,10.67298157898501D0,    0000225P   2013
16.22641640180833D0,21.80428849921608D0,26.48117313808624D0,     0000225P   2014
29.45721996414616D0,32.72468603944753D0,37.95102859071105D0,     0000225P   2015
44.25689859943903D0,50.54341141511376D0,56.8044098427681D0,      0000225P   2016
56.8044098427681D0,56.8044098427681D0,56.8044098427681D0,1.0D0,  0000225P   2017
1.0D0,1.0D0,1.0D0,1.0D0,1.0D0,1.0D0,1.0D0,1.0D0,1.0D0,1.0D0,     0000225P   2018
1.0D0,1.0D0,-23.08680516867325D0,50.82269419098874D0,            0000225P   2019
11.35741351303218D0,-20.14718413099833D0,48.83717977256616D0,    0000225P   2020
11.62816998975958D0,-15.07523844887876D0,46.16123240396534D0,    0000225P   2021
13.51034488533415D0,-10.52850509126586D0,45.64462159556662D0,    0000225P   2022
19.39817884583243D0,-8.086550222971926D0,46.58720583809846D0,    0000225P   2023
24.0423798386623D0,-6.27455988024149D0,47.66485674577812D0,      0000225P   2024
27.79631439992916D0,-3.06392683845295D0,49.31788189246262D0,     0000225P   2025
30.09953571002389D0,0.1079717728353842D0,50.18272390833336D0,    0000225P   2026
27.01774612592154D0,2.37210811466959D0,50.6959985164625D0,       0000225P   2027
22.93064218525827D0,5.228244268878548D0,51.80669675122392D0,     0000225P   2028
17.73901427638469D0,8.436409384053214D0,54.17553121985556D0,     0000225P   2029
12.75307231313623D0,10.80794036293833D0,57.11494868773532D0,     0000225P   2030
10.65024789013456D0,11.9271931636028D0,58.71151492450716D0,      0000225P   2031
9.906059585907542D0,0.0D0,56.8044098427681D0,0.0D0,0.0D0,0.0D0;  0000225P   2032
126,12,3,0,0,1,0,0.0D0,0.0D0,0.0D0,0.0D0,10.67298157898501D0,    0000227P   2033
16.22641640180833D0,21.80428849921608D0,26.48117313808624D0,     0000227P   2034
29.45721996414616D0,32.72468603944753D0,37.95102859071105D0,     0000227P   2035
44.25689859943903D0,50.54341141511376D0,56.8044098427681D0,      0000227P   2036
56.8044098427681D0,56.8044098427681D0,56.8044098427681D0,1.0D0,  0000227P   2037
1.0D0,1.0D0,1.0D0,1.0D0,1.0D0,1.0D0,1.0D0,1.0D0,1.0D0,1.0D0,     0000227P   2038
1.0D0,1.0D0,-47.4829935785335D0,41.40891158562636D0,             0000227P   2039
122.8449447742302D0,-43.96678763224592D0,41.131948237001D0,      0000227P   2040
122.3796110580599D0,-37.98725049295519D0,40.8786313055098D0,     0000227P   2041
123.1599159929967D0,-32.7292634233605D0,41.03425904443365D0,     0000227P   2042
128.4453309891756D0,-30.19481404892279D0,41.71219125104955D0,    0000227P   2043
133.0861483510744D0,-28.43120781808659D0,42.44179941631153D0,    0000227P   2044
136.9454268016379D0,-25.97148553093469D0,44.73623512474583D0,    0000227P   2045
139.5969954162168D0,-24.15482156297178D0,47.86339566041561D0,    0000227P   2046
136.9087025443286D0,-23.15007559192395D0,50.53633013087241D0,    0000227P   2047
133.1750595954305D0,-22.10018694130435D0,54.30084954155502D0,    0000227P   2048
128.5848208138233D0,-21.27982701461484D0,59.21968321124115D0,    0000227P   2049
124.597916961518D0,-20.93030805330532D0,63.39576082279616D0,     0000227P   2050
123.5375316229665D0,-20.81609151669375D0,65.47030537303532D0,    0000227P   2051
123.3405892349928D0,0.0D0,56.8044098427681D0,0.0D0,0.0D0,0.0D0;  0000227P   2052
126,12,3,0,0,1,0,0.0D0,0.0D0,0.0D0,0.0D0,10.67298157898501D0,    0000229P   2053
16.22641640180833D0,21.80428849921608D0,26.48117313808624D0,     0000229P   2054
29.45721996414616D0,32.72468603944753D0,37.95102859071105D0,     0000229P   2055
44.25689859943903D0,50.54341141511376D0,56.8044098427681D0,      0000229P   2056
56.8044098427681D0,56.8044098427681D0,56.8044098427681D0,1.0D0,  0000229P   2057
1.0D0,1.0D0,1.0D0,1.0D0,1.0D0,1.0D0,1.0D0,1.0D0,1.0D0,1.0D0,     0000229P   2058
1.0D0,1.0D0,-36.04571740849231D0,25.02683800116409D0,            0000229P   2059
50.81995646866569D0,-32.72339285161593D0,25.7342671974565D0,     0000229P   2060
49.76229305736506D0,-26.83610116028974D0,27.04316547762807D0,    0000229P   2061
49.52885892783471D0,-20.89906965345595D0,28.25535377486447D0,    0000229P   2062
53.8749509790788D0,-17.80000682596059D0,29.28148834048816D0,     0000229P   2063
58.08957657802878D0,-15.59137053753609D0,30.20194515044629D0,    0000229P   2064
61.6688712260986D0,-13.34110247961426D0,32.89249462565198D0,     0000229P   2065
64.12706614449647D0,-12.90492764024918D0,36.56205554753592D0,    0000229P   2066
61.54823041815072D0,-13.31964505132979D0,39.64603827149243D0,    0000229P   2067
58.02527103052871D0,-14.12620578414882D0,43.84759656775516D0,    0000229P   2068
53.77785625072947D0,-15.32967221852159D0,49.0573560639772D0,     0000229P   2069
50.28881742323768D0,-16.24846716481655D0,53.2345258772919D0,     0000229P   2070
49.66170261265192D0,-16.69995800011525D0,55.27199069714456D0,    0000229P   2071
49.68314896076614D0,0.0D0,56.8044098427681D0,0.0D0,0.0D0,0.0D0;  0000229P   2072
126,12,3,0,0,1,0,0.0D0,0.0D0,0.0D0,0.0D0,10.67298157898501D0,    0000231P   2073
16.22641640180833D0,21.80428849921608D0,26.48117313808624D0,     0000231P   2074
29.45721996414616D0,32.72468603944753D0,37.95102859071105D0,     0000231P   2075
44.25689859943903D0,50.54341141511376D0,56.8044098427681D0,      0000231P   2076
56.8044098427681D0,56.8044098427681D0,56.8044098427681D0,1.0D0,  0000231P   2077
1.0D0,1.0D0,1.0D0,1.0D0,1.0D0,1.0D0,1.0D0,1.0D0,1.0D0,1.0D0,     0000231P   2078
1.0D0,1.0D0,-50.90092087904426D0,53.86198067820455D0,            0000231P   2079
224.8356902112818D0,-47.98281416965462D0,51.83181418517036D0,    0000231P   2080
224.9772022735626D0,-42.88564662950756D0,49.06236411805664D0,    0000231P   2081
226.6436173037574D0,-38.13627115735326D0,48.41312486952764D0,    0000231P   2082
232.3557255591785D0,-35.51382022287666D0,49.26716409316812D0,    0000231P   2083
236.9179157783169D0,-33.55118388337026D0,50.27549531162042D0,    0000231P   2084
240.6149405177511D0,-30.2351996207662D0,51.85593471989769D0,     0000231P   2085
242.817653552805D0,-27.16491242435544D0,52.71104034280874D0,     0000231P   2086
239.6319902845652D0,-25.04332971193951D0,53.23916961550525D0,    0000231P   2087
235.4709628771515D0,-22.36153615159213D0,54.36894285823935D0,    0000231P   2088
230.1912128486029D0,-19.30208584048759D0,56.74925357993591D0,    0000231P   2089
225.1180282403967D0,-16.96562862484494D0,59.67868193613766D0,    0000231P   2090
222.9626577447247D0,-15.85085274821864D0,61.26763280177126D0,    0000231P   2091
222.1957961510602D0,0.0D0,56.8044098427681D0,0.0D0,0.0D0,0.0D0;  0000231P   2092
126,12,3,0,0,1,0,0.0D0,0.0D0,0.0D0,0.0D0,10.67298157898501D0,    0000233P   2093
16.22641640180833D0,21.80428849921608D0,26.48117313808624D0,     0000233P   2094
29.45721996414616D0,32.72468603944753D0,37.95102859071105D0,     0000233P   2095
44.25689859943903D0,50.54341141511376D0,56.8044098427681D0,      0000233P   2096
56.8044098427681D0,56.8044098427681D0,56.8044098427681D0,1.0D0,  0000233P   2097
1.0D0,1.0D0,1.0D0,1.0D0,1.0D0,1.0D0,1.0D0,1.0D0,1.0D0,1.0D0,     0000233P   2098
1.0D0,1.0D0,-36.30999631814188D0,64.50594054270516D0,            0000233P   2099
254.63280865869D0,-37.02405902766998D0,61.11996540001354D0,      0000233P   2100
255.4587839613054D0,-37.75478721619439D0,55.8431439961729D0,     0000233P   2101
258.2958778698479D0,-37.23555682350604D0,52.65167561013962D0,    0000233P   2102
265.0153413186093D0,-36.03458202529657D0,51.70554694368545D0,    0000233P   2103
270.1224649293549D0,-34.8378986160813D0,51.21351806112992D0,     0000233P   2104
274.2288650033959D0,-32.38771667650732D0,49.43338831840322D0,    0000233P   2105
277.2575993314471D0,-29.97387783368177D0,46.37263016320509D0,    0000233P   2106
274.9967452650278D0,-28.10109289237406D0,43.79652585949435D0,    0000233P   2107
271.5397890894936D0,-25.31089702603501D0,40.72767625416238D0,    0000233P   2108
267.1647309445549D0,-21.26238985692979D0,37.89078840297882D0,    0000233P   2109
263.1243133388619D0,-17.38960776507565D0,36.56748945053709D0,    0000233P   2110
261.7326799317674D0,-15.40287154216813D0,36.07358624474302D0,    0000233P   2111
261.3270870124051D0,0.0D0,56.8044098427681D0,0.0D0,0.0D0,0.0D0;  0000233P   2112
126,12,3,0,0,1,0,0.0D0,0.0D0,0.0D0,0.0D0,10.67298157898501D0,    0000235P   2113
16.22641640180833D0,21.80428849921608D0,26.48117313808624D0,     0000235P   2114
29.45721996414616D0,32.72468603944753D0,37.95102859071105D0,     0000235P   2115
44.25689859943903D0,50.54341141511376D0,56.8044098427681D0,      0000235P   2116
56.8044098427681D0,56.8044098427681D0,56.8044098427681D0,1.0D0,  0000235P   2117
1.0D0,1.0D0,1.0D0,1.0D0,1.0D0,1.0D0,1.0D0,1.0D0,1.0D0,1.0D0,     0000235P   2118
1.0D0,1.0D0,18.20147441653819D0,-50.19241459549333D0,            0000235P   2119
103.0516133987669D0,19.86215233706312D0,-48.99550816218684D0,    0000235P   2120
105.9613405775218D0,21.70714950733179D0,-45.73090907549869D0,    0000235P   2121
110.6906415728402D0,20.31640214656997D0,-39.39747627234496D0,    0000235P   2122
114.3729927789926D0,18.52100141351193D0,-34.54501161179024D0,    0000235P   2123
115.6576462033284D0,16.97676450051122D0,-30.58710528072196D0,    0000235P   2124
116.3554821455532D0,17.47059564340961D0,-26.34326814632519D0,    0000235P   2125
116.657909404392D0,21.91703600336292D0,-25.76475896942522D0,     0000235P   2126
116.2097857484545D0,26.49321665912179D0,-26.55043872693508D0,    0000235P   2127
115.4780339161731D0,32.31409513049648D0,-27.35603533941935D0,    0000235P   2128
114.1317231928566D0,38.27385609645464D0,-27.24272245415268D0,    0000235P   2129
111.844426354762D0,41.55426106921607D0,-25.66065608190945D0,     0000235P   2130
109.5158615614269D0,42.92705867138277D0,-24.66874381089328D0,    0000235P   2131
108.2963929876472D0,0.0D0,56.8044098427681D0,0.0D0,0.0D0,0.0D0;  0000235P   2132
126,12,3,0,0,1,0,0.0D0,0.0D0,0.0D0,0.0D0,10.67298157898501D0,    0000237P   2133
16.22641640180833D0,21.80428849921608D0,26.48117313808624D0,     0000237P   2134
29.45721996414616D0,32.72468603944753D0,37.95102859071105D0,     0000237P   2135
44.25689859943903D0,50.54341141511376D0,56.8044098427681D0,      0000237P   2136
56.8044098427681D0,56.8044098427681D0,56.8044098427681D0,1.0D0,  0000237P   2137
1.0D0,1.0D0,1.0D0,1.0D0,1.0D0,1.0D0,1.0D0,1.0D0,1.0D0,1.0D0,     0000237P   2138
1.0D0,1.0D0,-9.106119523408779D0,-41.29841373261071D0,           0000237P   2139
172.6976249523196D0,-5.681253354274645D0,-40.88482904990484D0,   0000237P   2140
171.828034327746D0,0.2909115029729037D0,-40.01728989690392D0,    0000237P   2141
171.9204052933788D0,6.023447157654459D0,-39.02764436982156D0,    0000237P   2142
176.5856916080129D0,8.925544453139622D0,-38.02481144620391D0,    0000237P   2143
180.9437151175527D0,10.97258955943204D0,-37.09376864157191D0,    0000237P   2144
184.6151495511212D0,13.26306129954168D0,-34.45670369571349D0,    0000237P   2145
187.0940833434911D0,14.13159733452181D0,-30.95757740259394D0,    0000237P   2146
184.3907372882976D0,14.16737933138234D0,-28.02614971873003D0,    0000237P   2147
180.7165524531911D0,13.94172477791145D0,-23.98821459639295D0,    0000237P   2148
176.2457220365267D0,13.35011018077185D0,-18.88047040940754D0,    0000237P   2149
172.460981768602D0,12.78809170843761D0,-14.68319511760923D0,     0000237P   2150
171.593099201733D0,12.49049169349647D0,-12.61981186338865D0,     0000237P   2151
171.4958850584593D0,0.0D0,56.8044098427681D0,0.0D0,0.0D0,0.0D0;  0000237P   2152
126,12,3,0,0,1,0,0.0D0,0.0D0,0.0D0,0.0D0,10.67298157898501D0,    0000239P   2153
16.22641640180833D0,21.80428849921608D0,26.48117313808624D0,     0000239P   2154
29.45721996414616D0,32.72468603944753D0,37.95102859071105D0,     0000239P   2155
44.25689859943903D0,50.54341141511376D0,56.8044098427681D0,      0000239P   2156
56.8044098427681D0,56.8044098427681D0,56.8044098427681D0,1.0D0,  0000239P   2157
1.0D0,1.0D0,1.0D0,1.0D0,1.0D0,1.0D0,1.0D0,1.0D0,1.0D0,1.0D0,     0000239P   2158
1.0D0,1.0D0,-20.59116958485544D0,-16.91712124404511D0,           0000239P   2159
268.4015582804211D0,-18.58802132089906D0,-14.15564149758224D0,   0000239P   2160
267.3923134820305D0,-14.23804788055088D0,-10.62234849636833D0,   0000239P   2161
265.1514472889563D0,-7.783023399360758D0,-10.87728336853327D0,   0000239P   2162
261.4266752345654D0,-3.25637063612632D0,-12.59832668662803D0,    0000239P   2163
259.1978557817612D0,0.3581647686799272D0,-14.28899167330208D0,   0000239P   2164
257.5812386714096D0,4.598770523687193D0,-14.88834486729486D0,    0000239P   2165
257.6405989891337D0,5.993505658218623D0,-12.22170622324727D0,    0000239P   2166
260.9947116586732D0,6.051940338295111D0,-9.283074689126309D0,    0000239P   2167
264.6628464591383D0,6.2402122130012D0,-5.87160173886204D0,       0000239P   2168
269.6297942799924D0,7.177347217079785D0,-3.231547881327927D0,    0000239P   2169
275.366972246583D0,8.969384715670884D0,-2.894185296520263D0,     0000239P   2170
279.2862825020076D0,9.994073156221475D0,-3.003662356462925D0,    0000239P   2171
281.1011089910945D0,0.0D0,56.8044098427681D0,0.0D0,0.0D0,0.0D0;  0000239P   2172
126,12,3,0,0,1,0,0.0D0,0.0D0,0.0D0,0.0D0,10.67298157898501D0,    0000241P   2173
16.22641640180833D0,21.80428849921608D0,26.48117313808624D0,     0000241P   2174
29.45721996414616D0,32.72468603944753D0,37.95102859071105D0,     0000241P   2175
44.25689859943903D0,50.54341141511376D0,56.8044098427681D0,      0000241P   2176
56.8044098427681D0,56.8044098427681D0,56.8044098427681D0,1.0D0,  0000241P   2177
1.0D0,1.0D0,1.0D0,1.0D0,1.0D0,1.0D0,1.0D0,1.0D0,1.0D0,1.0D0,     0000241P   2178
1.0D0,1.0D0,-27.44992955455903D0,-15.55374816493255D0,           0000241P   2179
134.6447416904016D0,-25.62234704425614D0,-17.69808513208329D0,   0000241P   2180
136.8170007817488D0,-22.86150401670287D0,-20.20726680961074D0,   0000241P   2181
141.561435705509D0,-21.65039923623483D0,-19.24068234828245D0,    0000241P   2182
148.8556251319516D0,-21.28576127046506D0,-17.07171079673402D0,   0000241P   2183
153.7118389922906D0,-21.03862666865467D0,-15.00392187654536D0,   0000241P   2184
157.480106318447D0,-18.80531417501381D0,-13.10107179857435D0,    0000241P   2185
160.6005168610492D0,-14.51715802141956D0,-13.80996233789649D0,   0000241P   2186
159.4107645510951D0,-10.67487616769519D0,-15.07359775591249D0,   0000241P   2187
157.0161291912907D0,-5.679177879421331D0,-16.25092442584624D0,   0000241P   2188
153.8536831175881D0,-0.1084350267860259D0,-16.23804134218333D0,  0000241P   2189
150.7343922522069D0,3.67122860836885D0,-14.5727167198731D0,      0000241P   2190
149.4588368846607D0,5.408594383116025D0,-13.50582853150731D0,    0000241P   2191
149.0128810902079D0,0.0D0,56.8044098427681D0,0.0D0,0.0D0,0.0D0;  0000241P   2192
126,12,3,0,0,1,0,0.0D0,0.0D0,0.0D0,0.0D0,10.67298157898501D0,    0000243P   2193
16.22641640180833D0,21.80428849921608D0,26.48117313808624D0,     0000243P   2194
29.45721996414616D0,32.72468603944753D0,37.95102859071105D0,     0000243P   2195
44.25689859943903D0,50.54341141511376D0,56.8044098427681D0,      0000243P   2196
56.8044098427681D0,56.8044098427681D0,56.8044098427681D0,1.0D0,  0000243P   2197
1.0D0,1.0D0,1.0D0,1.0D0,1.0D0,1.0D0,1.0D0,1.0D0,1.0D0,1.0D0,     0000243P   2198
1.0D0,1.0D0,3.026933346940496D0,-10.68873522315471D0,            0000243P   2199
120.1756213674171D0,-0.3048928649403138D0,-10.08367058765154D0,  0000243P   2200
121.2663914170986D0,-5.66332862040656D0,-7.61276719782532D0,     0000243P   2201
122.5351358169326D0,-9.58427353580278D0,-1.321931102004754D0,    0000243P   2202
121.7240674567244D0,-10.93255825512101D0,3.753836976039523D0,    0000243P   2203
120.8081426626418D0,-11.67549888474096D0,7.930861941710205D0,    0000243P   2204
120.0752260041677D0,-12.54771829146161D0,11.90151896922563D0,    0000243P   2205
121.4237812103985D0,-13.22513884211563D0,11.38695445901621D0,    0000243P   2206
125.84900937579D0,-13.5100865023934D0,9.534078985273382D0,       0000243P   2207
130.1594432436569D0,-13.49243938408723D0,7.385318610824996D0,    0000243P   2208
135.7920875673021D0,-12.6992094933062D0,6.138172459854999D0,     0000243P   2209
142.0032654125562D0,-11.39579876365025D0,6.9754034041609D0,      0000243P   2210
146.0389028595991D0,-10.64979431900625D0,7.657116375475596D0,    0000243P   2211
147.8649126092051D0,0.0D0,56.8044098427681D0,0.0D0,0.0D0,0.0D0;  0000243P   2212
126,12,3,0,0,1,0,0.0D0,0.0D0,0.0D0,0.0D0,10.67298157898501D0,    0000245P   2213
16.22641640180833D0,21.80428849921608D0,26.48117313808624D0,     0000245P   2214
29.45721996414616D0,32.72468603944753D0,37.95102859071105D0,     0000245P   2215
44.25689859943903D0,50.54341141511376D0,56.8044098427681D0,      0000245P   2216
56.8044098427681D0,56.8044098427681D0,56.8044098427681D0,1.0D0,  0000245P   2217
1.0D0,1.0D0,1.0D0,1.0D0,1.0D0,1.0D0,1.0D0,1.0D0,1.0D0,1.0D0,     0000245P   2218
1.0D0,1.0D0,-9.715101135508377D0,-27.69141373157462D0,           0000245P   2219
63.67303597778888D0,-6.366168578175802D0,-26.50676256511853D0,   0000245P   2220
63.47758582852562D0,-0.3838449695196573D0,-25.843790407254D0,    0000245P   2221
63.92500265726135D0,5.755901234009258D0,-29.304719023339D0,      0000245P   2222
66.36052095314768D0,9.05109414980862D0,-32.66591084981391D0,     0000245P   2223
68.86338024766658D0,11.43366805239586D0,-35.48816009319216D0,    0000245P   2224
71.07582594828978D0,14.00983620585708D0,-36.50916340119636D0,    0000245P   2225
74.34177067501231D0,14.7525371251177D0,-32.55644615286928D0,     0000245P   2226
76.37419318342369D0,14.56490184858899D0,-28.00858953241451D0,    0000245P   2227
77.54721320982449D0,14.08327115577757D0,-22.29878574344751D0,    0000245P   2228
79.42080260227868D0,13.32958395046344D0,-16.79727899112458D0,    0000245P   2229
82.5717860134654D0,12.8270170810236D0,-14.3203605166859D0,       0000245P   2230
86.07870862467119D0,12.58698875598961D0,-13.40367466521744D0,    0000245P   2231
87.93818173962669D0,0.0D0,56.8044098427681D0,0.0D0,0.0D0,0.0D0;  0000245P   2232
126,12,3,0,0,1,0,0.0D0,0.0D0,0.0D0,0.0D0,10.67298157898501D0,    0000247P   2233
16.22641640180833D0,21.80428849921608D0,26.48117313808624D0,     0000247P   2234
29.45721996414616D0,32.72468603944753D0,37.95102859071105D0,     0000247P   2235
44.25689859943903D0,50.54341141511376D0,56.8044098427681D0,      0000247P   2236
56.8044098427681D0,56.8044098427681D0,56.8044098427681D0,1.0D0,  0000247P   2237
1.0D0,1.0D0,1.0D0,1.0D0,1.0D0,1.0D0,1.0D0,1.0D0,1.0D0,1.0D0,     0000247P   2238
1.0D0,1.0D0,3.645613628382819D0,-18.34625993427512D0,            0000247P   2239
131.323000212952D0,4.623957445640087D0,-21.38236552007514D0,     0000247P   2240
132.8983905352858D0,6.929241764679844D0,-25.53669996083768D0,    0000247P   2241
136.6206316911095D0,10.60692536835309D0,-26.27250130799443D0,    0000247P   2242
143.0657460723891D0,13.50861751731927D0,-25.24152349004527D0,    0000247P   2243
147.4174674451772D0,15.9345708469379D0,-24.09680205509612D0,     0000247P   2244
150.7851117925104D0,19.65500497221149D0,-24.03026694262041D0,    0000247P   2245
152.9062973256917D0,22.32706273725806D0,-26.68400394541848D0,    0000247P   2246
150.4316040570976D0,23.98817514878937D0,-29.42489120062221D0,    0000247P   2247
146.9932286514637D0,26.37854137004832D0,-32.58738493375982D0,    0000247P   2248
142.4513185510317D0,29.86594786255193D0,-35.04160452161879D0,    0000247P   2249
137.6996746694371D0,33.3595427181439D0,-35.40931208604398D0,     0000247P   2250
135.180589335371D0,35.16672714028731D0,-35.34065985739365D0,     0000247P   2251
134.138985692805D0,0.0D0,56.8044098427681D0,0.0D0,0.0D0,0.0D0;   0000247P   2252
126,12,3,0,0,1,0,0.0D0,0.0D0,0.0D0,0.0D0,10.67298157898501D0,    0000249P   2253
16.22641640180833D0,21.80428849921608D0,26.48117313808624D0,     0000249P   2254
29.45721996414616D0,32.72468603944753D0,37.95102859071105D0,     0000249P   2255
44.25689859943903D0,50.54341141511376D0,56.8044098427681D0,      0000249P   2256
56.8044098427681D0,56.8044098427681D0,56.8044098427681D0,1.0D0,  0000249P   2257
1.0D0,1.0D0,1.0D0,1.0D0,1.0D0,1.0D0,1.0D0,1.0D0,1.0D0,1.0D0,     0000249P   2258
1.0D0,1.0D0,25.93393826580511D0,-15.94519287646132D0,            0000249P   2259
38.22289491327412D0,22.56689583628791D0,-16.48187760840796D0,    0000249P   2260
39.23874096308734D0,17.13189623645752D0,-16.09936761404731D0,    0000249P   2261
41.83534934971046D0,13.10167378747698D0,-11.85488648204127D0,    0000249P   2262
46.45573316826484D0,11.67021583897625D0,-8.226687570735422D0,    0000249P   2263
50.08991977554422D0,10.85819612264019D0,-5.260624084463103D0,    0000249P   2264
53.10318321356763D0,9.874778003993526D0,-4.12885665521236D0,     0000249P   2265
57.11534925672619D0,9.109552598554828D0,-8.068597935231814D0,    0000249P   2266
59.16454136064711D0,8.76665834348681D0,-12.67101531823046D0,     0000249P   2267
60.05581044575155D0,8.702810103828213D0,-18.53420156941909D0,    0000249P   2268
61.45692965211552D0,9.382774786405946D0,-24.37192415420581D0,    0000249P   2269
63.95131544032085D0,10.57840256775512D0,-27.24111158557498D0,    0000249P   2270
66.9553864249016D0,11.26934747056787D0,-28.3695797042546D0,      0000249P   2271
68.56930143466639D0,0.0D0,56.8044098427681D0,0.0D0,0.0D0,0.0D0;  0000249P   2272
126,12,3,0,0,1,0,0.0D0,0.0D0,0.0D0,0.0D0,10.67298157898501D0,    0000251P   2273
16.22641640180833D0,21.80428849921608D0,26.48117313808624D0,     0000251P   2274
29.45721996414616D0,32.72468603944753D0,37.95102859071105D0,     0000251P   2275
44.25689859943903D0,50.54341141511376D0,56.8044098427681D0,      0000251P   2276
56.8044098427681D0,56.8044098427681D0,56.8044098427681D0,1.0D0,  0000251P   2277
1.0D0,1.0D0,1.0D0,1.0D0,1.0D0,1.0D0,1.0D0,1.0D0,1.0D0,1.0D0,     0000251P   2278
1.0D0,1.0D0,-3.715972031283329D0,-36.86011033014319D0,           0000251P   2279
21.85890587773542D0,-0.6264082183835171D0,-35.64976524068668D0,  0000251P   2280
20.57570338746226D0,4.958020190220637D0,-33.4505293785777D0,     0000251P   2281
19.93896903829241D0,10.9358935534009D0,-31.33973059726283D0,     0000251P   2282
23.86526732771983D0,14.13595629249278D0,-29.84944289365889D0,    0000251P   2283
27.86012058174786D0,16.42897127341688D0,-28.60051363361907D0,    0000251P   2284
31.2834118594394D0,18.41068176032029D0,-25.59603617484403D0,     0000251P   2285
33.60535583242405D0,18.09179518718491D0,-21.90276210685544D0,    0000251P   2286
31.04325560690847D0,16.95624816585652D0,-18.9189123775956D0,     0000251P   2287
27.59342132464245D0,15.21087954312044D0,-14.89100690356163D0,    0000251P   2288
23.46137213479823D0,12.97420312164842D0,-9.928068856593114D0,    0000251P   2289
20.12523036106224D0,11.38251594665151D0,-5.941952260783864D0,    0000251P   2290
19.61179953823873D0,10.62641962617896D0,-3.998227568158853D0,    0000251P   2291
19.68808509251316D0,0.0D0,56.8044098427681D0,0.0D0,0.0D0,0.0D0;  0000251P   2292
126,12,3,0,0,1,0,0.0D0,0.0D0,0.0D0,0.0D0,10.67298157898501D0,    0000253P   2293
16.22641640180833D0,21.80428849921608D0,26.48117313808624D0,     0000253P   2294
29.45721996414616D0,32.72468603944753D0,37.95102859071105D0,     0000253P   2295
44.25689859943903D0,50.54341141511376D0,56.8044098427681D0,      0000253P   2296
56.8044098427681D0,56.8044098427681D0,56.8044098427681D0,1.0D0,  0000253P   2297
1.0D0,1.0D0,1.0D0,1.0D0,1.0D0,1.0D0,1.0D0,1.0D0,1.0D0,1.0D0,     0000253P   2298
1.0D0,1.0D0,-15.80266694324379D0,-35.88869562753304D0,           0000253P   2299
197.2171853049906D0,-15.29870313865825D0,-33.00331399753645D0,   0000253P   2300
199.2364776943044D0,-12.93658126104461D0,-28.59566803249033D0,   0000253P   2301
202.6159668482351D0,-6.445423917452871D0,-26.01722301717382D0,   0000253P   2302
205.2280076868718D0,-1.323549151590697D0,-25.63680489882211D0,   0000253P   2303
206.6569557030395D0,2.837527217821588D0,-25.67990729251435D0,    0000253P   2304
207.7616053320268D0,5.964733056818545D0,-25.91796885824762D0,    0000253P   2305
210.6786921321296D0,3.748051614092304D0,-25.92927179661828D0,    0000253P   2306
214.6020217357249D0,0.3241993168769852D0,-26.01429508083778D0,   0000253P   2307
217.8213678350972D0,-3.952426601773197D0,-26.55817385266275D0,   0000253P   2308
222.0354906712001D0,-7.75213818456993D0,-28.13984393133549D0,    0000253P   2309
226.916456667463D0,-8.833090628842513D0,-30.2744702877937D0,     0000253P   2310
230.5166117918702D0,-9.068445780824391D0,-31.4547730411944D0,    0000253P   2311
232.2216221071158D0,0.0D0,56.8044098427681D0,0.0D0,0.0D0,0.0D0;  0000253P   2312
126,12,3,0,0,1,0,0.0D0,0.0D0,0.0D0,0.0D0,10.67298157898501D0,    0000255P   2313
16.22641640180833D0,21.80428849921608D0,26.48117313808624D0,     0000255P   2314
29.45721996414616D0,32.72468603944753D0,37.95102859071105D0,     0000255P   2315
44.25689859943903D0,50.54341141511376D0,56.8044098427681D0,      0000255P   2316
56.8044098427681D0,56.8044098427681D0,56.8044098427681D0,1.0D0,  0000255P   2317
1.0D0,1.0D0,1.0D0,1.0D0,1.0D0,1.0D0,1.0D0,1.0D0,1.0D0,1.0D0,     0000255P   2318
1.0D0,1.0D0,1.485425865719435D0,-10.72969767107239D0,            0000255P   2319
215.9091190303636D0,1.121796863992842D0,-11.08744327594275D0,    0000255P   2320
219.4300195475458D0,1.624867436123012D0,-10.57342458611399D0,    0000255P   2321
225.4225661218653D0,5.14302086083687D0,-6.681214662529015D0,     0000255P   2322
230.7215809444433D0,8.58175578409832D0,-3.498619007267706D0,     0000255P   2323
233.264492369859D0,11.56002925069608D0,-0.9367858500636999D0,    0000255P   2324
235.0261856473778D0,15.08361260163721D0,-0.3100756913017904D0,   0000255P   2325
237.3792856906707D0,16.02426442742473D0,-4.41494120778259D0,     0000255P   2326
238.9828981088189D0,15.94070193808415D0,-9.044742903584535D0,    0000255P   2327
239.7904477280218D0,16.21176325315092D0,-15.01650160165008D0,    0000255P   2328
240.5706967009972D0,17.75732113958018D0,-21.19169818683721D0,    0000255P   2329
241.0621388246213D0,20.45808309953229D0,-24.5655261835573D0,     0000255P   2330
241.1589596513279D0,21.99636640070963D0,-25.97591427994871D0,    0000255P   2331
241.1514287005448D0,0.0D0,56.8044098427681D0,0.0D0,0.0D0,0.0D0;  0000255P   2332
126,12,3,0,0,1,0,0.0D0,0.0D0,0.0D0,0.0D0,10.67298157898501D0,    0000257P   2333
16.22641640180833D0,21.80428849921608D0,26.48117313808624D0,     0000257P   2334
29.45721996414616D0,32.72468603944753D0,37.95102859071105D0,     0000257P   2335
44.25689859943903D0,50.54341141511376D0,56.8044098427681D0,      0000257P   2336
56.8044098427681D0,56.8044098427681D0,56.8044098427681D0,1.0D0,  0000257P   2337
1.0D0,1.0D0,1.0D0,1.0D0,1.0D0,1.0D0,1.0D0,1.0D0,1.0D0,1.0D0,     0000257P   2338
1.0D0,1.0D0,-8.850369816397262D0,-24.08633690196801D0,           0000257P   2339
155.9067489522314D0,-7.377427668434052D0,-25.80970140825511D0,   0000257P   2340
158.6485375341279D0,-5.138112877319173D0,-27.3543506987766D0,    0000257P   2341
164.0362492464423D0,-4.165130373134531D0,-24.77523228058325D0,   0000257P   2342
170.965009087169D0,-3.784611192511576D0,-21.54233123743796D0,    0000257P   2343
175.1868294875726D0,-3.481722740587443D0,-18.65879246381108D0,   0000257P   2344
178.3696156723369D0,-1.19585813905735D0,-16.28551700622049D0,    0000257P   2345
181.1060132483005D0,3.036131839796624D0,-17.67718917349124D0,    0000257P   2346
180.4279063606249D0,6.819072299354758D0,-19.85223346488317D0,    0000257P   2347
178.6807009836095D0,11.79212468147504D0,-22.24254223059884D0,    0000257P   2348
176.2518455631476D0,17.46750976215026D0,-23.52969658071102D0,    0000257P   2349
173.6257162304758D0,21.46511475969382D0,-22.60041690034421D0,    0000257P   2350
172.2685875160449D0,23.3299788920794D0,-21.84834654395996D0,     0000257P   2351
171.7098042314585D0,0.0D0,56.8044098427681D0,0.0D0,0.0D0,0.0D0;  0000257P   2352
126,12,3,0,0,1,0,0.0D0,0.0D0,0.0D0,0.0D0,10.67298157898501D0,    0000259P   2353
16.22641640180833D0,21.80428849921608D0,26.48117313808624D0,     0000259P   2354
29.45721996414616D0,32.72468603944753D0,37.95102859071105D0,     0000259P   2355
44.25689859943903D0,50.54341141511376D0,56.8044098427681D0,      0000259P   2356
56.8044098427681D0,56.8044098427681D0,56.8044098427681D0,1.0D0,  0000259P   2357
1.0D0,1.0D0,1.0D0,1.0D0,1.0D0,1.0D0,1.0D0,1.0D0,1.0D0,1.0D0,     0000259P   2358
1.0D0,1.0D0,-6.306422638538862D0,-10.82421496621761D0,           0000259P   2359
113.7688207779269D0,-5.386934126908145D0,-9.032977357719403D0,   0000259P   2360
116.7019005803659D0,-2.384310607995985D0,-6.084771996801223D0,   0000259P   2361
121.0285906331606D0,4.399760198282223D0,-3.548069488065821D0,    0000259P   2362
122.8027899952844D0,9.66768813050561D0,-2.735030413008133D0,     0000259P   2363
122.8928691725974D0,13.95454684632901D0,-2.360761148468811D0,    0000259P   2364
122.7534774962484D0,17.86347874608677D0,-3.145480197509173D0,    0000259P   2365
124.3187099023144D0,17.03605539480711D0,-5.288128158251979D0,    0000259P   2366
128.195661006916D0,14.84757588894846D0,-7.452665528586849D0,     0000259P   2367
131.7480571340969D0,12.20756739708105D0,-10.62354160625358D0,    0000259P   2368
136.1435166899598D0,10.30702431749339D0,-14.89009897880618D0,    0000259P   2369
140.4964170559492D0,10.59977886752128D0,-18.52510967226517D0,    0000259P   2370
142.8174506231639D0,11.01164211935486D0,-20.33722718893696D0,    0000259P   2371
143.7672745962788D0,0.0D0,56.8044098427681D0,0.0D0,0.0D0,0.0D0;  0000259P   2372
126,12,3,0,0,1,0,0.0D0,0.0D0,0.0D0,0.0D0,10.67298157898501D0,    0000261P   2373
16.22641640180833D0,21.80428849921608D0,26.48117313808624D0,     0000261P   2374
29.45721996414616D0,32.72468603944753D0,37.95102859071105D0,     0000261P   2375
44.25689859943903D0,50.54341141511376D0,56.8044098427681D0,      0000261P   2376
56.8044098427681D0,56.8044098427681D0,56.8044098427681D0,1.0D0,  0000261P   2377
1.0D0,1.0D0,1.0D0,1.0D0,1.0D0,1.0D0,1.0D0,1.0D0,1.0D0,1.0D0,     0000261P   2378
1.0D0,1.0D0,14.37397042187904D0,19.48815330206174D0,             0000261P   2379
16.55908199892394D0,15.58750025996443D0,22.35192585872807D0,     0000261P   2380
18.28624745027945D0,18.26235565463216D0,27.54751540576773D0,     0000261P   2381
19.79585254292228D0,22.18262284915787D0,33.20205507168603D0,     0000261P   2382
16.92114455965453D0,25.15291085721222D0,36.20005950871447D0,     0000261P   2383
13.66391106485838D0,27.61012771547445D0,38.32886772964724D0,     0000261P   2384
10.84133670069966D0,31.38530869527942D0,39.87996111467162D0,     0000261P   2385
9.542258970722553D0,34.13537684092543D0,38.99393471208509D0,     0000261P   2386
13.00035121379715D0,35.85149645745557D0,37.39245354235443D0,     0000261P   2387
17.0727429366436D0,38.28581144988823D0,35.02694710285029D0,      0000261P   2388
22.0549768178016D0,41.76414729448655D0,32.04896741151573D0,      0000261P   2389
26.50426149256274D0,45.19141995645623D0,29.88666143024696D0,     0000261P   2390
28.00906703885276D0,46.95670023054851D0,28.85617119868771D0,     0000261P   2391
28.4303059839956D0,0.0D0,56.8044098427681D0,0.0D0,0.0D0,0.0D0;   0000261P   2392
126,12,3,0,0,1,0,0.0D0,0.0D0,0.0D0,0.0D0,10.67298157898501D0,    0000263P   2393
16.22641640180833D0,21.80428849921608D0,26.48117313808624D0,     0000263P   2394
29.45721996414616D0,32.72468603944753D0,37.95102859071105D0,     0000263P   2395
44.25689859943903D0,50.54341141511376D0,56.8044098427681D0,      0000263P   2396
56.8044098427681D0,56.8044098427681D0,56.8044098427681D0,1.0D0,  0000263P   2397
1.0D0,1.0D0,1.0D0,1.0D0,1.0D0,1.0D0,1.0D0,1.0D0,1.0D0,1.0D0,     0000263P   2398
1.0D0,1.0D0,25.86218323339344D0,-9.184867062215627D0,            0000263P   2399
155.42859058285D0,26.94274961376486D0,-6.137650477728865D0,      0000263P   2400
156.9131092945659D0,29.55645796022023D0,-0.8197563278774815D0,   0000263P   2401
158.0604715521246D0,33.91321633036361D0,4.385344480775903D0,     0000263P   2402
154.9731034537401D0,37.30453169331315D0,6.916517659090605D0,     0000263P   2403
151.7308274097768D0,40.11589710041706D0,8.645766310513441D0,     0000263P   2404
148.9663041560246D0,44.05036300178028D0,9.981802725240588D0,     0000263P   2405
147.9268476454369D0,46.37014066559274D0,9.5135408827141D0,       0000263P   2406
151.7616464655448D0,47.57606433739916D0,8.42383638947577D0,      0000263P   2407
156.1721424733361D0,49.37402072008508D0,6.684382462848109D0,     0000263P   2408
161.6571964865045D0,52.25417291877068D0,4.259420203363721D0,     0000263P   2409
166.8135128809246D0,55.43582157972881D0,2.270939651997228D0,     0000263P   2410
168.9604319952187D0,57.11655342654987D0,1.284472069014274D0,     0000263P   2411
169.7071508038399D0,0.0D0,56.8044098427681D0,0.0D0,0.0D0,0.0D0;  0000263P   2412
126,12,3,0,0,1,0,0.0D0,0.0D0,0.0D0,0.0D0,10.67298157898501D0,    0000265P   2413
16.22641640180833D0,21.80428849921608D0,26.48117313808624D0,     0000265P   2414
29.45721996414616D0,32.72468603944753D0,37.95102859071105D0,     0000265P   2415
44.25689859943903D0,50.54341141511376D0,56.8044098427681D0,      0000265P   2416
56.8044098427681D0,56.8044098427681D0,56.8044098427681D0,1.0D0,  0000265P   2417
1.0D0,1.0D0,1.0D0,1.0D0,1.0D0,1.0D0,1.0D0,1.0D0,1.0D0,1.0D0,     0000265P   2418
1.0D0,1.0D0,63.41067195573652D0,15.803774887691D0,               0000265P   2419
187.5760889869002D0,61.44587290979123D0,13.95197176885469D0,     0000265P   2420
189.8928406651591D0,57.35411296736169D0,12.19433924120651D0,     0000265P   2421
193.966676465815D0,51.40820181803156D0,14.61608389109998D0,      0000265P   2422
197.7597692875062D0,47.72616215636469D0,17.76341875369241D0,     0000265P   2423
199.9862190820172D0,44.96322454285831D0,20.58035659485549D0,     0000265P   2424
201.7089210626686D0,43.3842823737512D0,22.76168502988503D0,      0000265P   2425
205.0397217101131D0,45.65432641804517D0,21.09976765505784D0,     0000265P   2426
208.5598424792918D0,48.71833704366497D0,18.69956027761237D0,     0000265P   2427
211.1951842504659D0,52.87450983562564D0,16.01382365059246D0,     0000265P   2428
214.6386143917532D0,57.50502156295255D0,14.38438338044103D0,     0000265P   2429
218.7210894934507D0,60.34105934346189D0,15.06218368184208D0,     0000265P   2430
221.9122775554748D0,61.60047952518269D0,15.695278409977D0,       0000265P   2431
223.4513092911532D0,0.0D0,56.8044098427681D0,0.0D0,0.0D0,0.0D0;  0000265P   2432
126,12,3,0,0,1,0,0.0D0,0.0D0,0.0D0,0.0D0,10.67298157898501D0,    0000267P   2433
16.22641640180833D0,21.80428849921608D0,26.48117313808624D0,     0000267P   2434
29.45721996414616D0,32.72468603944753D0,37.95102859071105D0,     0000267P   2435
44.25689859943903D0,50.54341141511376D0,56.8044098427681D0,      0000267P   2436
56.8044098427681D0,56.8044098427681D0,56.8044098427681D0,1.0D0,  0000267P   2437
1.0D0,1.0D0,1.0D0,1.0D0,1.0D0,1.0D0,1.0D0,1.0D0,1.0D0,1.0D0,     0000267P   2438
1.0D0,1.0D0,23.73407035396069D0,-18.60788210867824D0,            0000267P   2439
167.1823814330573D0,24.75348076406182D0,-18.14214647757421D0,    0000267P   2440
170.5588945987791D0,27.80272691548457D0,-16.81313924178724D0,    0000267P   2441
175.5951379740225D0,34.21303415719912D0,-13.84609264812567D0,    0000267P   2442
177.9848775575012D0,39.20185102177088D0,-11.97538356877788D0,    0000267P   2443
178.1647812180139D0,43.28064278186791D0,-10.60810991812025D0,    0000267P   2444
177.9896078375399D0,47.45874718007637D0,-11.08653654306289D0,    0000267P   2445
178.8020342465685D0,47.62757438284244D0,-14.84924359578217D0,    0000267P   2446
181.2758678231077D0,46.42796050521075D0,-18.79880536226367D0,    0000267P   2447
183.5244387508062D0,45.09775031854586D0,-24.09732389576488D0,    0000267P   2448
186.0740282969319D0,44.67590324978899D0,-30.15782545825081D0,    0000267P   2449
188.0376176808332D0,45.96394158519185D0,-34.26970370338377D0,    0000267P   2450
188.383477958974D0,46.83300920787376D0,-36.16698462290341D0,     0000267P   2451
188.3587112075513D0,0.0D0,56.8044098427681D0,0.0D0,0.0D0,0.0D0;  0000267P   2452
126,12,3,0,0,1,0,0.0D0,0.0D0,0.0D0,0.0D0,10.67298157898501D0,    0000269P   2453
16.22641640180833D0,21.80428849921608D0,26.48117313808624D0,     0000269P   2454
29.45721996414616D0,32.72468603944753D0,37.95102859071105D0,     0000269P   2455
44.25689859943903D0,50.54341141511376D0,56.8044098427681D0,      0000269P   2456
56.8044098427681D0,56.8044098427681D0,56.8044098427681D0,1.0D0,  0000269P   2457
1.0D0,1.0D0,1.0D0,1.0D0,1.0D0,1.0D0,1.0D0,1.0D0,1.0D0,1.0D0,     0000269P   2458
1.0D0,1.0D0,43.0789419499463D0,-40.54065077886963D0,             0000269P   2459
76.29603142553188D0,43.86777078339577D0,-39.00095711364037D0,    0000269P   2460
79.40473548178528D0,44.46378792233466D0,-35.15464523874786D0,    0000269P   2461
84.01760424109072D0,42.60336273283511D0,-28.27974072885948D0,    0000269P   2462
86.22684976686944D0,40.95954808344766D0,-23.20846909363872D0,    0000269P   2463
86.24384668189198D0,39.65085405667178D0,-19.12090730653957D0,    0000269P   2464
85.90351779364872D0,40.42034489886872D0,-14.90863618105943D0,    0000269P   2465
85.80281587166388D0,44.82256862099419D0,-14.61892475903791D0,    0000269P   2466
86.72086442468051D0,49.30796188118083D0,-15.72519347476613D0,    0000269P   2467
87.58781289467348D0,55.15921902108289D0,-17.00352893516259D0,    0000269P   2468
88.27542686901873D0,61.51697078444664D0,-17.52275717027561D0,    0000269P   2469
88.00577531202465D0,65.48688320388591D0,-16.46886338857837D0,    0000269P   2470
86.65844162390488D0,67.25429050920368D0,-15.73898636712729D0,    0000269P   2471
85.82230900104508D0,0.0D0,56.8044098427681D0,0.0D0,0.0D0,0.0D0;  0000269P   2472
126,12,3,0,0,1,0,0.0D0,0.0D0,0.0D0,0.0D0,10.67298157898501D0,    0000271P   2473
16.22641640180833D0,21.80428849921608D0,26.48117313808624D0,     0000271P   2474
29.45721996414616D0,32.72468603944753D0,37.95102859071105D0,     0000271P   2475
44.25689859943903D0,50.54341141511376D0,56.8044098427681D0,      0000271P   2476
56.8044098427681D0,56.8044098427681D0,56.8044098427681D0,1.0D0,  0000271P   2477
1.0D0,1.0D0,1.0D0,1.0D0,1.0D0,1.0D0,1.0D0,1.0D0,1.0D0,1.0D0,     0000271P   2478
1.0D0,1.0D0,24.89093503801178D0,29.26654880872841D0,             0000271P   2479
101.3036280192063D0,24.844469029622D0,29.96630231113368D0,       0000271P   2480
104.7914832866351D0,26.33794288671955D0,31.17768084706778D0,     0000271P   2481
110.5124978417877D0,32.20960736951848D0,32.55862142256972D0,     0000271P   2482
114.896881381962D0,37.18663619472963D0,32.94645126055309D0,      0000271P   2483
116.7674384071934D0,41.30882192150064D0,33.05793531275724D0,     0000271P   2484
118.0051060973892D0,44.60311512680217D0,31.55653348192129D0,     0000271P   2485
120.2939726045794D0,42.73511968343108D0,28.3526284021257D0,      0000271P   2486
122.8536414926574D0,39.66430893117247D0,25.32229090703051D0,     0000271P   2487
124.71948146682D0,35.9452097084733D0,21.10234060126302D0,        0000271P   2488
126.8884639547272D0,32.9796372445068D0,15.81024064572663D0,      0000271P   2489
128.8790355883185D0,32.68876794732361D0,11.61482675023716D0,     0000271P   2490
129.8790866298912D0,32.85893272211773D0,9.571455998548023D0,     0000271P   2491
130.2679911591834D0,0.0D0,56.8044098427681D0,0.0D0,0.0D0,0.0D0;  0000271P   2492
126,12,3,0,0,1,0,0.0D0,0.0D0,0.0D0,0.0D0,10.67298157898501D0,    0000273P   2493
16.22641640180833D0,21.80428849921608D0,26.48117313808624D0,     0000273P   2494
29.45721996414616D0,32.72468603944753D0,37.95102859071105D0,     0000273P   2495
44.25689859943903D0,50.54341141511376D0,56.8044098427681D0,      0000273P   2496
56.8044098427681D0,56.8044098427681D0,56.8044098427681D0,1.0D0,  0000273P   2497
1.0D0,1.0D0,1.0D0,1.0D0,1.0D0,1.0D0,1.0D0,1.0D0,1.0D0,1.0D0,     0000273P   2498
1.0D0,1.0D0,29.53020252596963D0,25.91000089469385D0,             0000273P   2499
43.87079406018083D0,28.91322824848734D0,28.44891704207545D0,     0000273P   2500
46.285373932143D0,29.0119753558451D0,33.50388825150937D0,        0000273P   2501
49.58164830482603D0,32.25585827405244D0,40.20627922585786D0,     0000273P   2502
49.98344245475316D0,35.59322193882232D0,44.29858029539285D0,     0000273P   2503
49.25180919948643D0,38.50914378968278D0,47.37613204578379D0,     0000273P   2504
48.50164911351468D0,41.87606820790934D0,49.75024164845365D0,     0000273P   2505
49.67336094853663D0,42.59299947853293D0,48.52469709724816D0,     0000273P   2506
53.9500851224345D0,42.32989283993487D0,46.30997753327077D0,      0000273P   2507
58.08771427077672D0,42.3864892153058D0,43.26203548985903D0,      0000273P   2508
63.28877289326645D0,43.72869018852782D0,39.91051206324887D0,     0000273P   2509
68.55461609974802D0,46.32512842700801D0,38.01555468224306D0,     0000273P   2510
71.4449188150687D0,47.82200149930257D0,37.20131578873554D0,      0000273P   2511
72.64988887365209D0,0.0D0,56.8044098427681D0,0.0D0,0.0D0,0.0D0;  0000273P   2512
126,12,3,0,0,1,0,0.0D0,0.0D0,0.0D0,0.0D0,10.67298157898501D0,    0000275P   2513
16.22641640180833D0,21.80428849921608D0,26.48117313808624D0,     0000275P   2514
29.45721996414616D0,32.72468603944753D0,37.95102859071105D0,     0000275P   2515
44.25689859943903D0,50.54341141511376D0,56.8044098427681D0,      0000275P   2516
56.8044098427681D0,56.8044098427681D0,56.8044098427681D0,1.0D0,  0000275P   2517
1.0D0,1.0D0,1.0D0,1.0D0,1.0D0,1.0D0,1.0D0,1.0D0,1.0D0,1.0D0,     0000275P   2518
1.0D0,1.0D0,35.65179585169315D0,21.32046101721988D0,             0000275P   2519
238.8793786130822D0,34.29413044389361D0,21.31229738730492D0,     0000275P   2520
242.1677864977896D0,33.50889957840488D0,21.51050088362451D0,     0000275P   2521
248.1487594555411D0,37.20707607294597D0,22.55435731137948D0,     0000275P   2522
254.5393865039957D0,41.10345026521958D0,23.03873691024518D0,     0000275P   2523
258.1454724781292D0,44.47158201507204D0,23.29660097260308D0,     0000275P   2524
260.8149030938645D0,46.969293924075D0,21.69482837245326D0,       0000275P   2525
263.9037936430592D0,44.87098223984262D0,17.88666628871097D0,     0000275P   2526
265.0875626970353D0,41.87166391080822D0,14.26985802226582D0,     0000275P   2527
265.217832971626D0,38.3583556492062D0,9.370799711461448D0,       0000275P   2528
265.2102586350738D0,35.77494258520147D0,3.532445745598626D0,     0000275P   2529
265.1562464428725D0,35.83173677767473D0,-0.7859838193400357D0,   0000275P   2530
265.34103091361D0,36.18167905712045D0,-2.840238599987043D0,      0000275P   2531
265.4556804211913D0,0.0D0,56.8044098427681D0,0.0D0,0.0D0,0.0D0;  0000275P   2532
126,12,3,0,0,1,0,0.0D0,0.0D0,0.0D0,0.0D0,10.67298157898501D0,    0000277P   2533
16.22641640180833D0,21.80428849921608D0,26.48117313808624D0,     0000277P   2534
29.45721996414616D0,32.72468603944753D0,37.95102859071105D0,     0000277P   2535
44.25689859943903D0,50.54341141511376D0,56.8044098427681D0,      0000277P   2536
56.8044098427681D0,56.8044098427681D0,56.8044098427681D0,1.0D0,  0000277P   2537
1.0D0,1.0D0,1.0D0,1.0D0,1.0D0,1.0D0,1.0D0,1.0D0,1.0D0,1.0D0,     0000277P   2538
1.0D0,1.0D0,32.4228740816009D0,-23.12469524519448D0,             0000277P   2539
192.3944223120932D0,32.78017137434497D0,-23.71192978377649D0,    0000277P   2540
195.8850444145112D0,32.58006969248981D0,-23.34756022794909D0,    0000277P   2541
201.9062655367694D0,29.83893871552414D0,-19.20001756619837D0,    0000277P   2542
207.4641743642923D0,27.68576309316327D0,-15.19000409423975D0,    0000277P   2543
210.2397532568546D0,25.9966277002251D0,-11.74671364366318D0,     0000277P   2544
212.1960859659143D0,26.33362428863151D0,-8.278835510402129D0,    0000277P   2545
214.6872181623508D0,30.58786764591929D0,-8.450403503764843D0,    0000277P   2546
216.1631237941634D0,35.07278757283623D0,-9.710104030821409D0,    0000277P   2547
216.7898858310055D0,40.94433526320006D0,-10.95730451361512D0,    0000277P   2548
217.349870937753D0,47.32139788337361D0,-11.00903497655338D0,     0000277P   2549
217.6559978795149D0,51.262097311849D0,-9.23314411804915D0,       0000277P   2550
217.71348232398D0,53.00982796087663D0,-8.092574945002351D0,      0000277P   2551
217.7031695994072D0,0.0D0,56.8044098427681D0,0.0D0,0.0D0,0.0D0;  0000277P   2552
126,12,3,0,0,1,0,0.0D0,0.0D0,0.0D0,0.0D0,10.67298157898501D0,    0000279P   2553
16.22641640180833D0,21.80428849921608D0,26.48117313808624D0,     0000279P   2554
29.45721996414616D0,32.72468603944753D0,37.95102859071105D0,     0000279P   2555
44.25689859943903D0,50.54341141511376D0,56.8044098427681D0,      0000279P   2556
56.8044098427681D0,56.8044098427681D0,56.8044098427681D0,1.0D0,  0000279P   2557
1.0D0,1.0D0,1.0D0,1.0D0,1.0D0,1.0D0,1.0D0,1.0D0,1.0D0,1.0D0,     0000279P   2558
1.0D0,1.0D0,24.15369566850151D0,41.2107155789449D0,              0000279P   2559
168.8802851483439D0,24.45099072658681D0,39.71923116909849D0,     0000279P   2560
172.0965000547546D0,24.90675980047652D0,38.69993534342174D0,     0000279P   2561
178.027875968526D0,24.90934148000622D0,42.19127723510024D0,      0000279P   2562
184.617017401924D0,25.14978134011297D0,45.95751787368232D0,      0000279P   2563
188.3823635507953D0,25.46366643713003D0,49.22061823593398D0,     0000279P   2564
191.1734775475695D0,27.60349268935332D0,51.46795216740335D0,     0000279P   2565
194.1257849297085D0,31.3576207648216D0,49.0594485716677D0,       0000279P   2566
194.7676200921133D0,34.72969335286678D0,45.8105527986807D0,      0000279P   2567
194.3577597051869D0,39.31647846092361D0,41.9650551871388D0,      0000279P   2568
193.6382354620858D0,44.89729966020502D0,38.98227076651304D0,     0000279P   2569
192.7892659404856D0,49.199148595998D0,38.72764891866018D0,       0000279P   2570
192.4494597656248D0,51.27285288763058D0,38.92724856073667D0,     0000279P   2571
192.325051943962D0,0.0D0,56.8044098427681D0,0.0D0,0.0D0,0.0D0;   0000279P   2572
126,12,3,0,0,1,0,0.0D0,0.0D0,0.0D0,0.0D0,10.67298157898501D0,    0000281P   2573
16.22641640180833D0,21.80428849921608D0,26.48117313808624D0,     0000281P   2574
29.45721996414616D0,32.72468603944753D0,37.95102859071105D0,     0000281P   2575
44.25689859943903D0,50.54341141511376D0,56.8044098427681D0,      0000281P   2576
56.8044098427681D0,56.8044098427681D0,56.8044098427681D0,1.0D0,  0000281P   2577
1.0D0,1.0D0,1.0D0,1.0D0,1.0D0,1.0D0,1.0D0,1.0D0,1.0D0,1.0D0,     0000281P   2578
1.0D0,1.0D0,29.31143520796452D0,16.62876257984317D0,             0000281P   2579
216.8307729458952D0,29.40489254299754D0,16.40064212630708D0,     0000281P   2580
220.3798820180148D0,29.79353984805385D0,17.57735889325361D0,     0000281P   2581
226.2868440614076D0,30.55036636852867D0,23.194920642309D0,       0000281P   2582
231.1320967186419D0,31.53234737844221D0,27.98168324819079D0,     0000281P   2583
233.2634879417535D0,32.47738719769258D0,31.93707313968966D0,     0000281P   2584
234.6771554123791D0,35.04197952500363D0,34.70916408675208D0,     0000281P   2585
236.6980124196365D0,38.32129669802858D0,32.0983444026817D0,      0000281P   2586
238.3521040160617D0,41.0540570842885D0,28.39808251971741D0,      0000281P   2587
239.3186781147834D0,44.86976229454547D0,23.8292434332839D0,      0000281P   2588
240.2727576685796D0,49.81399668854387D0,19.82932103863425D0,     0000281P   2589
240.8371019791439D0,53.99448811291029D0,18.72966627375601D0,     0000281P   2590
240.8157563205671D0,56.06771217474355D0,18.50854096462317D0,     0000281P   2591
240.7240371871227D0,0.0D0,56.8044098427681D0,0.0D0,0.0D0,0.0D0;  0000281P   2592
126,12,3,0,0,1,0,0.0D0,0.0D0,0.0D0,0.0D0,10.67298157898501D0,    0000283P   2593
16.22641640180833D0,21.80428849921608D0,26.48117313808624D0,     0000283P   2594
29.45721996414616D0,32.72468603944753D0,37.95102859071105D0,     0000283P   2595
44.25689859943903D0,50.54341141511376D0,56.8044098427681D0,      0000283P   2596
56.8044098427681D0,56.8044098427681D0,56.8044098427681D0,1.0D0,  0000283P   2597
1.0D0,1.0D0,1.0D0,1.0D0,1.0D0,1.0D0,1.0D0,1.0D0,1.0D0,1.0D0,     0000283P   2598
1.0D0,1.0D0,16.52107819086891D0,20.6422281841222D0,              0000283P   2599
173.6263535071727D0,18.6924657981512D0,21.62735400698753D0,      0000283P   2600
170.9859839510955D0,23.44017991523307D0,23.34709336856094D0,     0000283P   2601
167.6799868473247D0,30.7487708624725D0,24.74766635838973D0,      0000283P   2602
168.15868650794D0,35.62119064504529D0,25.77459912947652D0,       0000283P   2603
170.0626681362434D0,39.40423661762679D0,26.66651339995269D0,     0000283P   2604
171.9146177237594D0,42.55244164662133D0,29.38041782452817D0,     0000283P   2605
172.9485485423122D0,41.3885285152725D0,33.19415678504884D0,      0000283P   2606
170.8492579676012D0,39.01309326256884D0,36.41266172137465D0,     0000283P   2607
168.3809151724026D0,35.87858628844239D0,40.75363732156148D0,     0000283P   2608
165.6105430833121D0,32.79889675881833D0,46.03450571396203D0,     0000283P   2609
163.7690059997453D0,31.56074932332973D0,50.16464562228806D0,     0000283P   2610
164.077453813656D0,31.1339065822564D0,52.16277285609716D0,       0000283P   2611
164.5027297761166D0,0.0D0,56.8044098427681D0,0.0D0,0.0D0,0.0D0;  0000283P   2612
126,12,3,0,0,1,0,0.0D0,0.0D0,0.0D0,0.0D0,10.67298157898501D0,    0000285P   2613
16.22641640180833D0,21.80428849921608D0,26.48117313808624D0,     0000285P   2614
29.45721996414616D0,32.72468603944753D0,37.95102859071105D0,     0000285P   2615
44.25689859943903D0,50.54341141511376D0,56.8044098427681D0,      0000285P   2616
56.8044098427681D0,56.8044098427681D0,56.8044098427681D0,1.0D0,  0000285P   2617
1.0D0,1.0D0,1.0D0,1.0D0,1.0D0,1.0D0,1.0D0,1.0D0,1.0D0,1.0D0,     0000285P   2618
1.0D0,1.0D0,58.75410716487511D0,5.382894435459324D0,             0000285P   2619
217.9146737053827D0,58.31620057287242D0,2.922295790761272D0,     0000285P   2620
220.446597982881D0,56.52610740870645D0,-0.1980350177190893D0,    0000285P   2621
225.2929380213717D0,51.72862749931139D0,0.02878558573423007D0,   0000285P   2622
230.9972345276712D0,48.22245033270363D0,1.728731655432203D0,     0000285P   2623
234.6355193613988D0,45.47189391363685D0,3.43269593016797D0,      0000285P   2624
237.4758732666719D0,44.50237579029721D0,4.877336227128527D0,     0000285P   2625
241.3897631589381D0,48.19441123998465D0,3.948731078881057D0,     0000285P   2626
243.8007559565818D0,52.52690084512386D0,2.609130879529548D0,     0000285P   2627
245.0373593476526D0,58.18917302529846D0,1.334158462684005D0,     0000285P   2628
246.6674770545009D0,64.16948413054149D0,1.193375860200238D0,     0000285P   2629
248.8989287681232D0,67.55675265040503D0,2.669339603449576D0,     0000285P   2630
251.1426194311192D0,69.00141950699796D0,3.634809770291543D0,     0000285P   2631
252.2986349339319D0,0.0D0,56.8044098427681D0,0.0D0,0.0D0,0.0D0;  0000285P   2632
126,12,3,0,0,1,0,0.0D0,0.0D0,0.0D0,0.0D0,10.67298157898501D0,    0000287P   2633
16.22641640180833D0,21.80428849921608D0,26.48117313808624D0,     0000287P   2634
29.45721996414616D0,32.72468603944753D0,37.95102859071105D0,     0000287P   2635
44.25689859943903D0,50.54341141511376D0,56.8044098427681D0,      0000287P   2636
56.8044098427681D0,56.8044098427681D0,56.8044098427681D0,1.0D0,  0000287P   2637
1.0D0,1.0D0,1.0D0,1.0D0,1.0D0,1.0D0,1.0D0,1.0D0,1.0D0,1.0D0,     0000287P   2638
1.0D0,1.0D0,24.96951850272617D0,-11.73771022596618D0,            0000287P   2639
92.39827314608019D0,27.64727103942369D0,-12.06617210508459D0,    0000287P   2640
94.71747614857283D0,31.79183773004374D0,-11.13054744422777D0,    0000287P   2641
99.00409289146265D0,34.09551855160777D0,-6.053380321393245D0,    0000287P   2642
103.9560307321617D0,34.83470016439931D0,-1.473027064681173D0,    0000287P   2643
106.5817089458607D0,35.27972891884696D0,2.391113040654322D0,     0000287P   2644
108.4275247073325D0,37.52955513933856D0,5.940445246305703D0,     0000287P   2645
109.255780669813D0,41.55260073420953D0,5.093011508440473D0,      0000287P   2646
107.410982644308D0,45.05853510277072D0,3.061577223139711D0,      0000287P   2647
105.0285717294163D0,49.49319683809978D0,0.7715649127200841D0,    0000287P   2648
101.6471839143894D0,54.1902389031125D0,-0.4692618611246608D0,    0000287P   2649
97.50454439788626D0,57.13038950796962D0,0.5192647230406244D0,    0000287P   2650
94.49380787646537D0,58.43457043272583D0,1.299462056220722D0,     0000287P   2651
93.06343343278148D0,0.0D0,56.8044098427681D0,0.0D0,0.0D0,0.0D0;  0000287P   2652
126,12,3,0,0,1,0,0.0D0,0.0D0,0.0D0,0.0D0,10.67298157898501D0,    0000289P   2653
16.22641640180833D0,21.80428849921608D0,26.48117313808624D0,     0000289P   2654
29.45721996414616D0,32.72468603944753D0,37.95102859071105D0,     0000289P   2655
44.25689859943903D0,50.54341141511376D0,56.8044098427681D0,      0000289P   2656
56.8044098427681D0,56.8044098427681D0,56.8044098427681D0,1.0D0,  0000289P   2657
1.0D0,1.0D0,1.0D0,1.0D0,1.0D0,1.0D0,1.0D0,1.0D0,1.0D0,1.0D0,     0000289P   2658
1.0D0,1.0D0,29.53283748044964D0,3.212765409099408D0,             0000289P   2659
79.95418476031666D0,29.45960725224111D0,4.99750066494261D0,      0000289P   2660
76.87744853164486D0,30.54949313276933D0,8.799981827221831D0,     0000289P   2661
72.31880888396915D0,35.19899331811672D0,14.21235134200342D0,     0000289P   2662
70.15209156025139D0,38.89146157750346D0,18.05758306869535D0,     0000289P   2663
70.16118091219795D0,41.85712168288603D0,21.15771086902601D0,     0000289P   2664
70.52275100527024D0,43.00492271273225D0,25.28107132503554D0,     0000289P   2665
70.68379886638857D0,39.16057632378008D0,27.47888025621581D0,     0000289P   2666
69.84895978179532D0,34.63257828942375D0,28.45622839336555D0,     0000289P   2667
69.05133377969607D0,28.80278868928372D0,29.87155121177472D0,     0000289P   2668
68.45586826258679D0,22.8597545600135D0,32.17370705008683D0,      0000289P   2669
68.83500048403192D0,19.76397869016586D0,34.82996613097934D0,     0000289P   2670
70.26561722065489D0,18.50225719195973D0,36.24283468318981D0,     0000289P   2671
71.14164697327897D0,0.0D0,56.8044098427681D0,0.0D0,0.0D0,0.0D0;  0000289P   2672
126,12,3,0,0,1,0,0.0D0,0.0D0,0.0D0,0.0D0,10.67298157898501D0,    0000291P   2673
16.22641640180833D0,21.80428849921608D0,26.48117313808624D0,     0000291P   2674
29.45721996414616D0,32.72468603944753D0,37.95102859071105D0,     0000291P   2675
44.25689859943903D0,50.54341141511376D0,56.8044098427681D0,      0000291P   2676
56.8044098427681D0,56.8044098427681D0,56.8044098427681D0,1.0D0,  0000291P   2677
1.0D0,1.0D0,1.0D0,1.0D0,1.0D0,1.0D0,1.0D0,1.0D0,1.0D0,1.0D0,     0000291P   2678
1.0D0,1.0D0,29.50648531464032D0,3.549130712092076D0,             0000291P   2679
28.85435317768313D0,29.83730243549665D0,6.990318086375428D0,     0000291P   2680
29.69443526189626D0,31.65104218285741D0,12.29479402458076D0,     0000291P   2681
31.93068050991102D0,37.03073395854369D0,15.41932195328606D0,     0000291P   2682
36.04194568262065D0,41.14086361761483D0,16.12082242869871D0,     0000291P   2683
39.36383411594818D0,44.42101735779457D0,16.3484067696688D0,      0000291P   2684
42.14330564481389D0,46.03220199792656D0,17.21837049474593D0,     0000291P   2685
46.01535061360269D0,42.53260354852253D0,18.97930894492277D0,     0000291P   2686
48.24205805307642D0,38.20991008094053D0,20.43362244707099D0,     0000291P   2687
49.37936902301516D0,32.63566132932786D0,21.93615984802021D0,     0000291P   2688
51.11554207261879D0,26.99176962011099D0,22.75980655893853D0,     0000291P   2689
53.9845854457851D0,24.14500995643559D0,22.40839734696707D0,      0000291P   2690
57.21857304181465D0,23.00505433708554D0,22.07539827771335D0,     0000291P   2691
58.9347256044185D0,0.0D0,56.8044098427681D0,0.0D0,0.0D0,0.0D0;   0000291P   2692
126,12,3,0,0,1,0,0.0D0,0.0D0,0.0D0,0.0D0,10.67298157898501D0,    0000293P   2693
16.22641640180833D0,21.80428849921608D0,26.48117313808624D0,     0000293P   2694
29.45721996414616D0,32.72468603944753D0,37.95102859071105D0,     0000293P   2695
44.25689859943903D0,50.54341141511376D0,56.8044098427681D0,      0000293P   2696
56.8044098427681D0,56.8044098427681D0,56.8044098427681D0,1.0D0,  0000293P   2697
1.0D0,1.0D0,1.0D0,1.0D0,1.0D0,1.0D0,1.0D0,1.0D0,1.0D0,1.0D0,     0000293P   2698
1.0D0,1.0D0,36.7000984933758D0,7.164487120012183D0,              0000293P   2699
143.7494837648026D0,34.09979498758052D0,9.318865605382143D0,     0000293P   2700
144.8693156450947D0,30.90625768144572D0,13.93922229241072D0,     0000293P   2701
147.0787348489534D0,31.63699888581461D0,20.89025817492611D0,     0000293P   2702
149.6778456875292D0,33.69313629168249D0,25.40781435404227D0,     0000293P   2703
151.6231468548491D0,35.65326852749962D0,28.87644462179684D0,     0000293P   2704
153.2550631685651D0,36.61106820541615D0,31.48527848669357D0,     0000293P   2705
156.5142180759331D0,34.13635095038869D0,29.87296062662778D0,     0000293P   2706
159.9175289902006D0,31.28330737139089D0,27.1841442948841D0,      0000293P   2707
162.5107107983347D0,27.99483569886989D0,23.59005062656373D0,     0000293P   2708
166.0621343729936D0,25.55296409095422D0,19.84237795265786D0,     0000293P   2709
170.6179581170159D0,25.44311520509494D0,17.95241920224273D0,     0000293P   2710
174.5041122483217D0,25.67346304337039D0,17.18999426212844D0,     0000293P   2711
176.43315732204D0,0.0D0,56.8044098427681D0,0.0D0,0.0D0,0.0D0;    0000293P   2712
126,12,3,0,0,1,0,0.0D0,0.0D0,0.0D0,0.0D0,10.67298157898501D0,    0000295P   2713
16.22641640180833D0,21.80428849921608D0,26.48117313808624D0,     0000295P   2714
29.45721996414616D0,32.72468603944753D0,37.95102859071105D0,     0000295P   2715
44.25689859943903D0,50.54341141511376D0,56.8044098427681D0,      0000295P   2716
56.8044098427681D0,56.8044098427681D0,56.8044098427681D0,1.0D0,  0000295P   2717
1.0D0,1.0D0,1.0D0,1.0D0,1.0D0,1.0D0,1.0D0,1.0D0,1.0D0,1.0D0,     0000295P   2718
1.0D0,1.0D0,20.81497387474934D0,-18.17974571853524D0,            0000295P   2719
265.5397113817567D0,21.3259243625883D0,-15.80702326052074D0,     0000295P   2720
262.9385450747311D0,23.6601704689688D0,-11.75450262165781D0,     0000295P   2721
259.1232755893786D0,30.04052426584016D0,-8.318319673035376D0,    0000295P   2722
257.3654383189447D0,35.01966770567054D0,-6.422393027296017D0,    0000295P   2723
257.5492976522008D0,39.04566232013605D0,-4.978197687629127D0,    0000295P   2724
258.0415702966001D0,41.86122686314377D0,-1.851015174710277D0,    0000295P   2725
258.8408267654025D0,39.29066887187196D0,1.841053045208263D0,     0000295P   2726
259.1000244242771D0,35.58214869939775D0,4.724685286045407D0,     0000295P   2727
259.260417845297D0,30.90151400316424D0,8.467265573554819D0,      0000295P   2728
259.9153348447996D0,26.56003172470983D0,12.79151700601221D0,     0000295P   2729
261.7085717453901D0,25.00063591519586D0,16.01720132243921D0,     0000295P   2730
264.127135407626D0,24.52506810908829D0,17.54908315444727D0,      0000295P   2731
265.4623283251105D0,0.0D0,56.8044098427681D0,0.0D0,0.0D0,0.0D0;  0000295P   2732
126,12,3,0,0,1,0,0.0D0,0.0D0,0.0D0,0.0D0,10.67298157898501D0,    0000297P   2733
16.22641640180833D0,21.80428849921608D0,26.48117313808624D0,     0000297P   2734
29.45721996414616D0,32.72468603944753D0,37.95102859071105D0,     0000297P   2735
44.25689859943903D0,50.54341141511376D0,56.8044098427681D0,      0000297P   2736
56.8044098427681D0,56.8044098427681D0,56.8044098427681D0,1.0D0,  0000297P   2737
1.0D0,1.0D0,1.0D0,1.0D0,1.0D0,1.0D0,1.0D0,1.0D0,1.0D0,1.0D0,     0000297P   2738
1.0D0,1.0D0,17.34508490142832D0,-15.75997515730161D0,            0000297P   2739
84.54044362106696D0,19.98474825653017D0,-15.23769997576141D0,    0000297P   2740
82.21313736123039D0,25.35751629851416D0,-14.49828236798607D0,    0000297P   2741
79.56464065030711D0,32.6768304614301D0,-14.53024657887315D0,     0000297P   2742
80.99043101804757D0,37.37189223462443D0,-14.44499834084767D0,    0000297P   2743
83.51418599400273D0,40.98771949995545D0,-14.28244940906896D0,    0000297P   2744
85.84571686519263D0,44.44138903668761D0,-12.21751593931933D0,    0000297P   2745
87.31326637523513D0,44.3118606450731D0,-8.271018225869476D0,     0000297P   2746
85.14193089979823D0,42.93610045778041D0,-4.678203757472637D0,    0000297P   2747
82.44134745870844D0,41.07664300165342D0,0.1595584839564523D0,    0000297P   2748
79.36195805356111D0,39.33292164821384D0,5.917765726593281D0,     0000297P   2749
77.2251841770626D0,38.88453366072261D0,10.21197255184092D0,      0000297P   2750
77.43717649515646D0,38.79984203440907D0,12.25887392114375D0,     0000297P   2751
77.83540874538478D0,0.0D0,56.8044098427681D0,0.0D0,0.0D0,0.0D0;  0000297P   2752
126,12,3,0,0,1,0,0.0D0,0.0D0,0.0D0,0.0D0,10.67298157898501D0,    0000299P   2753
16.22641640180833D0,21.80428849921608D0,26.48117313808624D0,     0000299P   2754
29.45721996414616D0,32.72468603944753D0,37.95102859071105D0,     0000299P   2755
44.25689859943903D0,50.54341141511376D0,56.8044098427681D0,      0000299P   2756
56.8044098427681D0,56.8044098427681D0,56.8044098427681D0,1.0D0,  0000299P   2757
1.0D0,1.0D0,1.0D0,1.0D0,1.0D0,1.0D0,1.0D0,1.0D0,1.0D0,1.0D0,     0000299P   2758
1.0D0,1.0D0,22.08673110913934D0,15.18769649371215D0,             0000299P   2759
15.73574321526058D0,24.1733095461361D0,15.2010615850319D0,       0000299P   2760
18.6172289815258D0,26.52696036239291D0,16.08763283493884D0,      0000299P   2761
24.10377880025487D0,25.0209809487348D0,19.16360243167353D0,      0000299P   2762
30.72772752775744D0,22.79999165609139D0,22.07704047633043D0,     0000299P   2763
34.6006200923356D0,20.82800665166397D0,24.60338842206013D0,      0000299P   2764
37.47559946107299D0,20.66169054921791D0,28.10782640076103D0,     0000299P   2765
39.93257696918652D0,24.70833352406581D0,30.00108596253396D0,     0000299P   2766
39.34387634980554D0,29.03945680927805D0,30.93661064608589D0,     0000299P   2767
37.77532686881772D0,34.41627786475551D0,32.49086520470336D0,     0000299P   2768
35.53518117072846D0,39.54573223084796D0,35.30551723600592D0,     0000299P   2769
32.97984376526858D0,41.85737703163164D0,38.63918157437919D0,     0000299P   2770
31.48679815902317D0,42.71060401122307D0,40.42786086237759D0,     0000299P   2771
30.83243057247402D0,0.0D0,56.8044098427681D0,0.0D0,0.0D0,0.0D0;  0000299P   2772
126,12,3,0,0,1,0,0.0D0,0.0D0,0.0D0,0.0D0,10.67298157898501D0,    0000301P   2773
16.22641640180833D0,21.80428849921608D0,26.48117313808624D0,     0000301P   2774
29.45721996414616D0,32.72468603944753D0,37.95102859071105D0,     0000301P   2775
44.25689859943903D0,50.54341141511376D0,56.8044098427681D0,      0000301P   2776
56.8044098427681D0,56.8044098427681D0,56.8044098427681D0,1.0D0,  0000301P   2777
1.0D0,1.0D0,1.0D0,1.0D0,1.0D0,1.0D0,1.0D0,1.0D0,1.0D0,1.0D0,     0000301P   2778
1.0D0,1.0D0,-6.580083313674699D0,12.59305589203736D0,            0000301P   2779
241.8317704677803D0,-6.630802995933465D0,11.64371374398365D0,    0000301P   2780
245.2600536270825D0,-6.603172957693943D0,11.59846816213271D0,    0000301P   2781
251.2953745860484D0,-6.503294763022907D0,16.13201140933094D0,    0000301P   2782
257.2151101942487D0,-5.991626313263893D0,20.42980404326291D0,    0000301P   2783
260.3275666787794D0,-5.419946066346427D0,24.06175828183969D0,    0000301P   2784
262.5678245379137D0,-3.171513889369962D0,26.52043520021069D0,    0000301P   2785
265.2594682038688D0,0.2208916614642931D0,23.84733832640719D0,    0000301P   2786
266.5449475834471D0,3.184285846875994D0,20.21649143007007D0,     0000301P   2787
266.9047093612626D0,7.293874213252593D0,15.81202341731971D0,     0000301P   2788
267.141584070503D0,12.50127120332597D0,12.11813825603024D0,      0000301P   2789
267.1809084886523D0,16.75079512781346D0,11.32587652141614D0,     0000301P   2790
267.1894259610216D0,18.83692115189093D0,11.26623448747619D0,     0000301P   2791
267.1800530320452D0,0.0D0,56.8044098427681D0,0.0D0,0.0D0,0.0D0;  0000301P   2792
126,12,3,0,0,1,0,0.0D0,0.0D0,0.0D0,0.0D0,10.67298157898501D0,    0000303P   2793
16.22641640180833D0,21.80428849921608D0,26.48117313808624D0,     0000303P   2794
29.45721996414616D0,32.72468603944753D0,37.95102859071105D0,     0000303P   2795
44.25689859943903D0,50.54341141511376D0,56.8044098427681D0,      0000303P   2796
56.8044098427681D0,56.8044098427681D0,56.8044098427681D0,1.0D0,  0000303P   2797
1.0D0,1.0D0,1.0D0,1.0D0,1.0D0,1.0D0,1.0D0,1.0D0,1.0D0,1.0D0,     0000303P   2798
1.0D0,1.0D0,-0.7236346713319861D0,19.645099738829D0,             0000303P   2799
98.66274334962412D0,2.808288681425196D0,19.36421276343805D0,     0000303P   2800
98.3409229682015D0,8.758990645045962D0,19.23344376418473D0,      0000303P   2801
99.34090060216053D0,13.8307589522248D0,19.87588272850653D0,      0000303P   2802
104.7695927203782D0,16.1993408508347D0,20.95947977348953D0,      0000303P   2803
109.4210278460719D0,17.82410879113095D0,22.02257359464736D0,     0000303P   2804
113.2637646102605D0,20.17561175492436D0,24.55183548491596D0,     0000303P   2805
115.7972904478189D0,22.06266226479453D0,27.46317440701018D0,     0000303P   2806
112.9216225936869D0,23.17733297578219D0,29.82765431869239D0,     0000303P   2807
109.0150989763428D0,24.35926269045153D0,33.20951976264944D0,     0000303P   2808
104.1663679142166D0,25.28327267784744D0,37.78939560223477D0,     0000303P   2809
99.81501637198768D0,25.64098923466827D0,41.86662105704179D0,     0000303P   2810
98.42416187064299D0,25.74796128831082D0,43.91876803008062D0,     0000303P   2811
98.05972176152987D0,0.0D0,56.8044098427681D0,0.0D0,0.0D0,0.0D0;  0000303P   2812
126,12,3,0,0,1,0,0.0D0,0.0D0,0.0D0,0.0D0,10.67298157898501D0,    0000305P   2813
16.22641640180833D0,21.80428849921608D0,26.48117313808624D0,     0000305P   2814
29.45721996414616D0,32.72468603944753D0,37.95102859071105D0,     0000305P   2815
44.25689859943903D0,50.54341141511376D0,56.8044098427681D0,      0000305P   2816
56.8044098427681D0,56.8044098427681D0,56.8044098427681D0,1.0D0,  0000305P   2817
1.0D0,1.0D0,1.0D0,1.0D0,1.0D0,1.0D0,1.0D0,1.0D0,1.0D0,1.0D0,     0000305P   2818
1.0D0,1.0D0,21.13858198334788D0,21.80842531063046D0,             0000305P   2819
185.7745860405084D0,24.35975933288236D0,20.42619183098233D0,     0000305P   2820
186.3831873148913D0,30.01754081750491D0,19.42589349863746D0,     0000305P   2821
188.2316519691366D0,35.44040393192191D0,22.34853828345748D0,     0000305P   2822
192.4336708652199D0,38.38940627765976D0,25.7362752622599D0,      0000305P   2823
195.3054011488891D0,40.56561636826234D0,28.73332577647565D0,     0000305P   2824
197.5005009252191D0,43.79255920441014D0,31.52208635252494D0,     0000305P   2825
197.8943783802452D0,46.2766086369911D0,30.78765126260682D0,      0000305P   2826
194.2070455950763D0,47.7755895602301D0,29.17506406747668D0,      0000305P   2827
190.0541187296695D0,49.58823179447134D0,27.51387227237318D0,     0000305P   2828
184.5496719277826D0,51.5783450685723D0,27.04506096256625D0,      0000305P   2829
178.5012851578309D0,53.10647951337711D0,28.54319225631087D0,     0000305P   2830
174.7454080920093D0,53.8330282666017D0,29.5589537004188D0,       0000305P   2831
173.0733068958507D0,0.0D0,56.8044098427681D0,0.0D0,0.0D0,0.0D0;  0000305P   2832
126,12,3,0,0,1,0,0.0D0,0.0D0,0.0D0,0.0D0,10.67298157898501D0,    0000307P   2833
16.22641640180833D0,21.80428849921608D0,26.48117313808624D0,     0000307P   2834
29.45721996414616D0,32.72468603944753D0,37.95102859071105D0,     0000307P   2835
44.25689859943903D0,50.54341141511376D0,56.8044098427681D0,      0000307P   2836
56.8044098427681D0,56.8044098427681D0,56.8044098427681D0,1.0D0,  0000307P   2837
1.0D0,1.0D0,1.0D0,1.0D0,1.0D0,1.0D0,1.0D0,1.0D0,1.0D0,1.0D0,     0000307P   2838
1.0D0,1.0D0,-14.91918895243818D0,-24.86098613687029D0,           0000307P   2839
236.5111521332596D0,-11.44807368979848D0,-25.57356146181717D0,   0000307P   2840
236.8282383365882D0,-5.773416454031754D0,-26.14756754202055D0,   0000307P   2841
238.8022423730263D0,-1.487487011735389D0,-25.03359449205731D0,   0000307P   2842
244.8019200775863D0,0.3182465134041408D0,-23.34748146265181D0,   0000307P   2843
249.5259608038197D0,1.507156804778141D0,-21.75516825553105D0,    0000307P   2844
253.3453450658099D0,3.793263462068133D0,-19.05760566889773D0,    0000307P   2845
255.762441983718D0,6.44663136826329D0,-16.96268941935362D0,      0000307P   2846
252.7829648122734D0,8.415759522805516D0,-15.51437154097221D0,    0000307P   2847
248.7681058541405D0,10.72252919098062D0,-13.25880529452375D0,    0000307P   2848
243.67542490496D0,12.86726920057538D0,-9.712100204305777D0,      0000307P   2849
238.8190589075141D0,13.96684708384161D0,-6.034387591114161D0,    0000307P   2850
236.8312049889216D0,14.40079459675516D0,-4.11190767299221D0,     0000307P   2851
236.1446721544576D0,0.0D0,56.8044098427681D0,0.0D0,0.0D0,0.0D0;  0000307P   2852
126,12,3,0,0,1,0,0.0D0,0.0D0,0.0D0,0.0D0,10.67298157898501D0,    0000309P   2853
16.22641640180833D0,21.80428849921608D0,26.48117313808624D0,     0000309P   2854
29.45721996414616D0,32.72468603944753D0,37.95102859071105D0,     0000309P   2855
44.25689859943903D0,50.54341141511376D0,56.8044098427681D0,      0000309P   2856
56.8044098427681D0,56.8044098427681D0,56.8044098427681D0,1.0D0,  0000309P   2857
1.0D0,1.0D0,1.0D0,1.0D0,1.0D0,1.0D0,1.0D0,1.0D0,1.0D0,1.0D0,     0000309P   2858
1.0D0,1.0D0,18.70513403071563D0,-10.21087444045947D0,            0000309P   2859
153.4071834337509D0,20.8510603786833D0,-9.090110278858823D0,     0000309P   2860
156.0140659059319D0,25.60957540417225D0,-7.44779319282096D0,     0000309P   2861
159.3438164972717D0,33.00084406952801D0,-6.524037101362083D0,    0000309P   2862
158.9944142949263D0,38.08820193539056D0,-6.733704158178931D0,    0000309P   2863
157.414844364601D0,42.0986605000103D0,-7.150886510903852D0,      0000309P   2864
155.9052596014002D0,46.01485100018603D0,-8.881299409048843D0,    0000309P   2865
156.0261241377076D0,45.9416144862799D0,-11.39529451498427D0,     0000309P   2866
159.7652128734497D0,44.50503940986466D0,-13.6267031102858D0,     0000309P   2867
163.644806995286D0,42.6790608992916D0,-16.87849118604522D0,      0000309P   2868
168.3814557508463D0,41.27718327167646D0,-21.32548193048847D0,    0000309P   2869
172.7429153509012D0,41.43155923519156D0,-25.26086912917729D0,    0000309P   2870
174.5247965047792D0,41.69177201505825D0,-27.24095717608911D0,    0000309P   2871
175.1306904295006D0,0.0D0,56.8044098427681D0,0.0D0,0.0D0,0.0D0;  0000309P   2872
126,12,3,0,0,1,0,0.0D0,0.0D0,0.0D0,0.0D0,10.67298157898501D0,    0000311P   2873
16.22641640180833D0,21.80428849921608D0,26.48117313808624D0,     0000311P   2874
29.45721996414616D0,32.72468603944753D0,37.95102859071105D0,     0000311P   2875
44.25689859943903D0,50.54341141511376D0,56.8044098427681D0,      0000311P   2876
56.8044098427681D0,56.8044098427681D0,56.8044098427681D0,1.0D0,  0000311P   2877
1.0D0,1.0D0,1.0D0,1.0D0,1.0D0,1.0D0,1.0D0,1.0D0,1.0D0,1.0D0,     0000311P   2878
1.0D0,1.0D0,4.435611765547478D0,-32.25701537582177D0,            0000311P   2879
118.0693490834977D0,4.084832341825958D0,-29.30313493726425D0,    0000311P   2880
120.0208850353048D0,4.733845548914488D0,-23.82449190696909D0,    0000311P   2881
122.4685700769404D0,8.76343739941764D0,-17.57381110799134D0,     0000311P   2882
121.9230072788773D0,12.58980300100913D0,-14.07603050581358D0,    0000311P   2883
120.6801602903699D0,15.87437992313227D0,-11.52587037856214D0,    0000311P   2884
119.564408104946D0,19.48178396284874D0,-9.403684443195438D0,     0000311P   2885
120.4745993034527D0,19.95720639710224D0,-9.989555709972457D0,    0000311P   2886
124.9172390504009D0,19.34209887760626D0,-11.45218560594055D0,    0000311P   2887
129.3417773705457D0,18.92099305031793D0,-13.59476888880656D0,    0000311P   2888
134.9610452412281D0,19.73720631871073D0,-16.17491285347442D0,    0000311P   2889
140.7437756023093D0,22.02386587254271D0,-17.86344141103675D0,    0000311P   2890
144.0005015937654D0,23.38544315211779D0,-18.63972438150603D0,    0000311P   2891
145.3785650443538D0,0.0D0,56.8044098427681D0,0.0D0,0.0D0,0.0D0;  0000311P   2892
126,12,3,0,0,1,0,0.0D0,0.0D0,0.0D0,0.0D0,10.67298157898501D0,    0000313P   2893
16.22641640180833D0,21.80428849921608D0,26.48117313808624D0,     0000313P   2894
29.45721996414616D0,32.72468603944753D0,37.95102859071105D0,     0000313P   2895
44.25689859943903D0,50.54341141511376D0,56.8044098427681D0,      0000313P   2896
56.8044098427681D0,56.8044098427681D0,56.8044098427681D0,1.0D0,  0000313P   2897
1.0D0,1.0D0,1.0D0,1.0D0,1.0D0,1.0D0,1.0D0,1.0D0,1.0D0,1.0D0,     0000313P   2898
1.0D0,1.0D0,33.25152858825305D0,13.72629655361129D0,             0000313P   2899
211.0274711167691D0,31.81514172007587D0,14.09875092830364D0,     0000313P   2900
214.2608932859724D0,30.82226191770454D0,15.28235593721097D0,     0000313P   2901
220.0953751430319D0,34.07952203128323D0,18.1599575196743D0,      0000313P   2902
226.1547418908096D0,37.71644251712391D0,20.0055349289458D0,      0000313P   2903
229.5879422783366D0,40.90244295950723D0,21.3608215128612D0,      0000313P   2904
232.1470953858776D0,43.54578688094804D0,20.84461534005381D0,     0000313P   2905
235.4775231614055D0,42.11366891509059D0,17.0173105063019D0,      0000313P   2906
237.3767586378005D0,39.79403913292796D0,13.01456982667091D0,     0000313P   2907
238.2083640399482D0,37.19827437501252D0,7.655926637491618D0,     0000313P   2908
239.1523519301795D0,35.68398346132116D0,1.547442213911964D0,     0000313P   2909
240.2278325122818D0,36.4930221024137D0,-2.577188879671681D0,     0000313P   2910
241.2373272410065D0,37.19479094330154D0,-4.47657619793069D0,     0000313P   2911
241.7427133523502D0,0.0D0,56.8044098427681D0,0.0D0,0.0D0,0.0D0;  0000313P   2912
126,12,3,0,0,1,0,0.0D0,0.0D0,0.0D0,0.0D0,10.67298157898501D0,    0000315P   2913
16.22641640180833D0,21.80428849921608D0,26.48117313808624D0,     0000315P   2914
29.45721996414616D0,32.72468603944753D0,37.95102859071105D0,     0000315P   2915
44.25689859943903D0,50.54341141511376D0,56.8044098427681D0,      0000315P   2916
56.8044098427681D0,56.8044098427681D0,56.8044098427681D0,1.0D0,  0000315P   2917
1.0D0,1.0D0,1.0D0,1.0D0,1.0D0,1.0D0,1.0D0,1.0D0,1.0D0,1.0D0,     0000315P   2918
1.0D0,1.0D0,2.775674977107009D0,14.84891289751818D0,             0000315P   2919
58.92452500236918D0,6.260764686820636D0,14.15844137806915D0,     0000315P   2920
58.73919498139914D0,12.09832221229132D0,13.26261919287773D0,     0000315P   2921
59.98351584386326D0,16.94092957052216D0,13.03274276398876D0,     0000315P   2922
65.64942887712023D0,19.19271597413395D0,13.60343696861896D0,     0000315P   2923
70.44775958812443D0,20.74365024473644D0,14.28152394630897D0,     0000315P   2924
74.40647984980029D0,23.25281313822371D0,16.38674398918853D0,     0000315P   2925
77.1664862289369D0,25.60927141279504D0,19.17979555681188D0,      0000315P   2926
74.52976726511255D0,27.18489010804619D0,21.5721615649611D0,      0000315P   2927
70.80308060941195D0,28.9936457666256D0,25.00923825617681D0,      0000315P   2928
66.19232455096171D0,30.6645846090603D0,29.64215296818033D0,      0000315P   2929
62.12939678111063D0,31.57055360776184D0,33.70674589305144D0,     0000315P   2930
60.969866998509D0,31.93778259867273D0,35.74568277348254D0,       0000315P   2931
60.71798194894124D0,0.0D0,56.8044098427681D0,0.0D0,0.0D0,0.0D0;  0000315P   2932
126,12,3,0,0,1,0,0.0D0,0.0D0,0.0D0,0.0D0,10.67298157898501D0,    0000317P   2933
16.22641640180833D0,21.80428849921608D0,26.48117313808624D0,     0000317P   2934
29.45721996414616D0,32.72468603944753D0,37.95102859071105D0,     0000317P   2935
44.25689859943903D0,50.54341141511376D0,56.8044098427681D0,      0000317P   2936
56.8044098427681D0,56.8044098427681D0,56.8044098427681D0,1.0D0,  0000317P   2937
1.0D0,1.0D0,1.0D0,1.0D0,1.0D0,1.0D0,1.0D0,1.0D0,1.0D0,1.0D0,     0000317P   2938
1.0D0,1.0D0,11.42934188923464D0,-15.51330628324484D0,            0000317P   2939
43.07723423261881D0,11.27205937180383D0,-16.83359962903069D0,    0000317P   2940
46.37708818565658D0,10.03169641139066D0,-17.84290941315012D0,    0000317P   2941
52.19694240595625D0,5.914456078080988D0,-15.29064846005884D0,    0000317P   2942
57.86620653493058D0,2.851317855839397D0,-12.20003992652881D0,    0000317P   2943
60.94606604776062D0,0.4482428117206751D0,-9.437214900033439D0,   0000317P   2944
63.21072791579955D0,-0.06440034424707619D0,-6.598287557157597D0, 0000317P   2945
66.37666752425409D0,3.873915389200945D0,-6.734134600169561D0,    0000317P   2946
68.56242467406983D0,8.313420534108737D0,-7.717152877045095D0,    0000317P   2947
69.75349644151946D0,14.11906169379538D0,-8.555535557301887D0,    0000317P   2948
71.14483028020611D0,20.31358984841432D0,-8.133508551387187D0,    0000317P   2949
72.63245642772934D0,23.93980959618008D0,-6.08785810528893D0,     0000317P   2950
73.79523301054836D0,25.51036795061627D0,-4.829880773173151D0,    0000317P   2951
74.34877280093106D0,0.0D0,56.8044098427681D0,0.0D0,0.0D0,0.0D0;  0000317P   2952
126,12,3,0,0,1,0,0.0D0,0.0D0,0.0D0,0.0D0,10.67298157898501D0,    0000319P   2953
16.22641640180833D0,21.80428849921608D0,26.48117313808624D0,     0000319P   2954
29.45721996414616D0,32.72468603944753D0,37.95102859071105D0,     0000319P   2955
44.25689859943903D0,50.54341141511376D0,56.8044098427681D0,      0000319P   2956
56.8044098427681D0,56.8044098427681D0,56.8044098427681D0,1.0D0,  0000319P   2957
1.0D0,1.0D0,1.0D0,1.0D0,1.0D0,1.0D0,1.0D0,1.0D0,1.0D0,1.0D0,     0000319P   2958
1.0D0,1.0D0,-6.650464690950649D0,24.51364697325877D0,            0000319P   2959
130.4405953002385D0,-4.169048482865868D0,21.9821310880596D0,     0000319P   2960
130.1390172078094D0,0.2606581196194995D0,18.01252992037049D0,    0000319P   2961
131.1626751803778D0,4.603102744853977D0,15.30807870994368D0,     0000319P   2962
136.5881132296208D0,7.177866850863261D0,14.68766404201153D0,     0000319P   2963
141.2147628741343D0,9.163807226008707D0,14.51928598959723D0,     0000319P   2964
145.0310902748007D0,12.63741322939324D0,14.95204663630881D0,     0000319P   2965
147.4993416039361D0,15.92267810698416D0,15.84855303282438D0,     0000319P   2966
144.5481332889465D0,18.2495512630623D0,16.81272671461691D0,      0000319P   2967
140.579479455918D0,21.27775936183758D0,18.47925745348098D0,      0000319P   2968
135.6401682032017D0,24.90282516552821D0,21.23178982009738D0,     0000319P   2969
131.1629167141155D0,27.81856309152423D0,24.0456803671356D0,      0000319P   2970
129.6573612935288D0,29.23627033359872D0,25.51779305956391D0,     0000319P   2971
129.2348009914365D0,0.0D0,56.8044098427681D0,0.0D0,0.0D0,0.0D0;  0000319P   2972
126,12,3,0,0,1,0,0.0D0,0.0D0,0.0D0,0.0D0,10.67298157898501D0,    0000321P   2973
16.22641640180833D0,21.80428849921608D0,26.48117313808624D0,     0000321P   2974
29.45721996414616D0,32.72468603944753D0,37.95102859071105D0,     0000321P   2975
44.25689859943903D0,50.54341141511376D0,56.8044098427681D0,      0000321P   2976
56.8044098427681D0,56.8044098427681D0,56.8044098427681D0,1.0D0,  0000321P   2977
1.0D0,1.0D0,1.0D0,1.0D0,1.0D0,1.0D0,1.0D0,1.0D0,1.0D0,1.0D0,     0000321P   2978
1.0D0,1.0D0,-0.8234235103804224D0,-8.475131688452457D0,          0000321P   2979
164.1546283904595D0,1.460329178406781D0,-9.430465166032285D0,    0000321P   2980
166.7097722266587D0,4.406207939527192D0,-10.12286943063388D0,    0000321P   2981
171.9318680050379D0,4.134527808471233D0,-8.228707727954948D0,    0000321P   2982
179.1391283062533D0,2.89704550965476D0,-5.801848608922363D0,     0000321P   2983
183.7216171356275D0,1.737697128682214D0,-3.5910317231099D0,      0000321P   2984
187.2294462649022D0,2.503560155844013D0,-0.6875894638828228D0,   0000321P   2985
190.283781207051D0,6.786694249637748D0,0.5068344284056607D0,     0000321P   2986
189.5527316509318D0,11.06720781787089D0,0.926187789575728D0,     0000321P   2987
187.6565435879493D0,16.43661792907564D0,1.883958113260711D0,     0000321P   2988
185.088222013645D0,21.79604940431065D0,4.163376651335263D0,      0000321P   2989
182.4721060381146D0,24.60516313019899D0,7.246053937864879D0,     0000321P   2990
181.3353626148212D0,25.74751680469143D0,8.941677138693542D0,     0000321P   2991
180.9164869106695D0,0.0D0,56.8044098427681D0,0.0D0,0.0D0,0.0D0;  0000321P   2992
126,12,3,0,0,1,0,0.0D0,0.0D0,0.0D0,0.0D0,10.67298157898501D0,    0000323P   2993
16.22641640180833D0,21.80428849921608D0,26.48117313808624D0,     0000323P   2994
29.45721996414616D0,32.72468603944753D0,37.95102859071105D0,     0000323P   2995
44.25689859943903D0,50.54341141511376D0,56.8044098427681D0,      0000323P   2996
56.8044098427681D0,56.8044098427681D0,56.8044098427681D0,1.0D0,  0000323P   2997
1.0D0,1.0D0,1.0D0,1.0D0,1.0D0,1.0D0,1.0D0,1.0D0,1.0D0,1.0D0,     0000323P   2998
1.0D0,1.0D0,2.158872100029683D0,16.55044496185644D0,             0000323P   2999
184.2999841335761D0,3.712880446023021D0,19.67735599946158D0,     0000323P   3000
183.6184903008226D0,7.556874022503692D0,24.05123653432921D0,     0000323P   3001
182.0307900425543D0,14.34328416314675D0,25.16227843104851D0,     0000323P   3002
179.1469587358215D0,19.34659778801809D0,24.40907266822486D0,     0000323P   3003
177.4677489976167D0,23.38174754063532D0,23.48928353211189D0,     0000323P   3004
176.2810647134506D0,27.62121594732623D0,23.67703559358767D0,     0000323P   3005
176.8617038956897D0,28.07753751220734D0,26.39344246164787D0,     0000323P   3006
180.428105991636D0,27.1424397315951D0,29.11662166348054D0,       0000323P   3007
184.1434888783584D0,26.08943987382703D0,32.26670841981319D0,     0000323P   3008
189.1746228828742D0,25.81935475398815D0,34.76065152662394D0,     0000323P   3009
195.0457913538785D0,27.03352248435159D0,35.23640918033022D0,     0000323P   3010
199.1671571670216D0,27.83570829833057D0,35.23164011586956D0,     0000323P   3011
201.0938231962593D0,0.0D0,56.8044098427681D0,0.0D0,0.0D0,0.0D0;  0000323P   3012
126,12,3,0,0,1,0,0.0D0,0.0D0,0.0D0,0.0D0,10.67298157898501D0,    0000325P   3013
16.22641640180833D0,21.80428849921608D0,26.48117313808624D0,     0000325P   3014
29.45721996414616D0,32.72468603944753D0,37.95102859071105D0,     0000325P   3015
44.25689859943903D0,50.54341141511376D0,56.8044098427681D0,      0000325P   3016
56.8044098427681D0,56.8044098427681D0,56.8044098427681D0,1.0D0,  0000325P   3017
1.0D0,1.0D0,1.0D0,1.0D0,1.0D0,1.0D0,1.0D0,1.0D0,1.0D0,1.0D0,     0000325P   3018
1.0D0,1.0D0,36.17757213008441D0,26.09083580414759D0,             0000325P   3019
73.48889384769296D0,36.02039632975955D0,22.70001840461745D0,     0000325P   3020
74.55407061773195D0,36.20020082838184D0,17.57950971900873D0,     0000325P   3021
77.74405036724525D0,37.41124898510378D0,14.97017574515905D0,     0000325P   3022
84.62380314434381D0,38.89958388072058D0,14.56839312869554D0,     0000325P   3023
89.7271002611549D0,40.28295862344986D0,14.54541343865127D0,      0000325P   3024
93.80415942509518D0,43.07008957497936D0,13.3693596737658D0,      0000325P   3025
96.83636714703556D0,45.85718013637577D0,10.56406646355551D0,     0000325P   3026
94.6756321422946D0,47.99854210484469D0,8.07276825274441D0,       0000325P   3027
91.31375990136186D0,51.09385891976562D0,5.172426719840438D0,     0000325P   3028
87.02993013676374D0,55.40623593607607D0,2.714935475891998D0,     0000325P   3029
83.01402940816038D0,59.39246171045083D0,1.903923612630841D0,     0000325P   3030
81.55167903235412D0,61.41827646103121D0,1.691278729701715D0,     0000325P   3031
81.09734043346739D0,0.0D0,56.8044098427681D0,0.0D0,0.0D0,0.0D0;  0000325P   3032
126,12,3,0,0,1,0,0.0D0,0.0D0,0.0D0,0.0D0,10.67298157898501D0,    0000327P   3033
16.22641640180833D0,21.80428849921608D0,26.48117313808624D0,     0000327P   3034
29.45721996414616D0,32.72468603944753D0,37.95102859071105D0,     0000327P   3035
44.25689859943903D0,50.54341141511376D0,56.8044098427681D0,      0000327P   3036
56.8044098427681D0,56.8044098427681D0,56.8044098427681D0,1.0D0,  0000327P   3037
1.0D0,1.0D0,1.0D0,1.0D0,1.0D0,1.0D0,1.0D0,1.0D0,1.0D0,1.0D0,     0000327P   3038
1.0D0,1.0D0,17.84516685668586D0,10.16534378589718D0,             0000327P   3039
134.4502502901629D0,20.77605402744965D0,9.490034976812268D0,     0000327P   3040
136.350462600727D0,26.38422402272998D0,9.401431970639791D0,      0000327P   3041
138.5794732491445D0,33.08022373384567D0,12.58845757916846D0,     0000327P   3042
137.7967118945143D0,37.21336337037094D0,15.3382661251761D0,      0000327P   3043
135.853538922249D0,40.38013452090745D0,17.56866656214277D0,      0000327P   3044
133.9737677813508D0,44.1063328273989D0,17.79152285836803D0,      0000327P   3045
131.8734662982768D0,45.50742804032045D0,13.5102579744506D0,      0000327P   3046
131.7550485992043D0,45.68875005937112D0,8.834197875202491D0,     0000327P   3047
132.1975043519944D0,45.8585623034112D0,2.809074580285746D0,      0000327P   3048
132.3124727263518D0,46.31600276522802D0,-3.453726739275481D0,    0000327P   3049
131.1586160357364D0,47.2382590007319D0,-6.950898269868979D0,     0000327P   3050
128.7910350952106D0,47.76299247594453D0,-8.428515603102014D0,    0000327P   3051
127.4137665633462D0,0.0D0,56.8044098427681D0,0.0D0,0.0D0,0.0D0;  0000327P   3052
126,12,3,0,0,1,0,0.0D0,0.0D0,0.0D0,0.0D0,10.67298157898501D0,    0000329P   3053
16.22641640180833D0,21.80428849921608D0,26.48117313808624D0,     0000329P   3054
29.45721996414616D0,32.72468603944753D0,37.95102859071105D0,     0000329P   3055
44.25689859943903D0,50.54341141511376D0,56.8044098427681D0,      0000329P   3056
56.8044098427681D0,56.8044098427681D0,56.8044098427681D0,1.0D0,  0000329P   3057
1.0D0,1.0D0,1.0D0,1.0D0,1.0D0,1.0D0,1.0D0,1.0D0,1.0D0,1.0D0,     0000329P   3058
1.0D0,1.0D0,-2.689370408909127D0,-3.352987071979214D0,           0000329P   3059
25.25844154710274D0,0.8454325133674132D0,-3.492649580518176D0,   0000329P   3060
24.88080269188696D0,6.810059073711798D0,-3.470148715605482D0,    0000329P   3061
25.80310056466802D0,11.92958634466918D0,-2.947784952948979D0,    0000329P   3062
31.19975103698585D0,14.3222044860421D0,-2.037102824873301D0,     0000329P   3063
35.87588704720115D0,15.96131643897701D0,-1.128785557047721D0,    0000329P   3064
39.75208839877731D0,18.2589315802355D0,1.339236838108356D0,      0000329P   3065
42.39317059884946D0,20.00647770010414D0,4.46681169728182D0,      0000329P   3066
39.65991656517679D0,20.9869653626937D0,7.077864774170123D0,      0000329P   3067
35.87636947379131D0,21.98720587241006D0,10.75781180462093D0,     0000329P   3068
31.20714326165771D0,22.69546171145136D0,15.59719664246901D0,     0000329P   3069
27.10323713888238D0,22.89486757369639D0,19.75407920998543D0,     0000329P   3070
25.93414800188677D0,22.92672938202955D0,21.82550236471975D0,     0000329P   3071
25.68164502855067D0,0.0D0,56.8044098427681D0,0.0D0,0.0D0,0.0D0;  0000329P   3072
126,12,3,0,0,1,0,0.0D0,0.0D0,0.0D0,0.0D0,10.67298157898501D0,    0000331P   3073
16.22641640180833D0,21.80428849921608D0,26.48117313808624D0,     0000331P   3074
29.45721996414616D0,32.72468603944753D0,37.95102859071105D0,     0000331P   3075
44.25689859943903D0,50.54341141511376D0,56.8044098427681D0,      0000331P   3076
56.8044098427681D0,56.8044098427681D0,56.8044098427681D0,1.0D0,  0000331P   3077
1.0D0,1.0D0,1.0D0,1.0D0,1.0D0,1.0D0,1.0D0,1.0D0,1.0D0,1.0D0,     0000331P   3078
1.0D0,1.0D0,-13.62975172920844D0,15.87857447636405D0,            0000331P   3079
125.3581586867248D0,-15.72013642235247D0,17.59409386836482D0,    0000331P   3080
123.0463988655208D0,-18.00381884166721D0,20.34033054634356D0,    0000331P   3081
118.1811251449927D0,-16.4191907013934D0,22.04167318619934D0,     0000331P   3082
111.0958836827811D0,-13.8084839986972D0,22.89132743782077D0,     0000331P   3083
106.5261452154228D0,-11.39840132342397D0,23.55431954061719D0,    0000331P   3084
103.0206341055813D0,-9.431963157979467D0,26.13778469247927D0,    0000331P   3085
100.2270139061863D0,-10.71687483288164D0,30.25953753533024D0,    0000331P   3086
101.517934137471D0,-12.62780269287843D0,33.81577635112852D0,     0000331P   3087
103.9253607756985D0,-14.65705793701196D0,38.48439561178998D0,    0000331P   3088
107.1549554867132D0,-15.56669804328618D0,43.84800553879701D0,    0000331P   3089
110.4967455511625D0,-14.45842173320746D0,47.70225576929542D0,    0000331P   3090
112.1100290257825D0,-13.63636943558619D0,49.51235471708139D0,    0000331P   3091
112.7451184931357D0,0.0D0,56.8044098427681D0,0.0D0,0.0D0,0.0D0;  0000331P   3092
126,12,3,0,0,1,0,0.0D0,0.0D0,0.0D0,0.0D0,10.67298157898501D0,    0000333P   3093
16.22641640180833D0,21.80428849921608D0,26.48117313808624D0,     0000333P   3094
29.45721996414616D0,32.72468603944753D0,37.95102859071105D0,     0000333P   3095
44.25689859943903D0,50.54341141511376D0,56.8044098427681D0,      0000333P   3096
56.8044098427681D0,56.8044098427681D0,56.8044098427681D0,1.0D0,  0000333P   3097
1.0D0,1.0D0,1.0D0,1.0D0,1.0D0,1.0D0,1.0D0,1.0D0,1.0D0,1.0D0,     0000333P   3098
1.0D0,1.0D0,-40.16893517959164D0,-36.85450694114341D0,           0000333P   3099
77.29551767190192D0,-36.78642911853849D0,-37.94756053615316D0,   0000333P   3100
77.43986103326566D0,-31.21262990522247D0,-39.43188356443105D0,   0000333P   3101
79.21678453662349D0,-26.89403686930601D0,-39.89201296779216D0,   0000333P   3102
85.2784917896404D0,-24.97658812320508D0,-39.31150400996054D0,    0000333P   3103
90.21879655258861D0,-23.67382889781105D0,-38.59199139378975D0,   0000333P   3104
94.25881946923981D0,-21.15895760143309D0,-36.63413442470003D0,   0000333P   3105
97.12023581767832D0,-18.28755887273061D0,-34.28191163462612D0,   0000333P   3106
94.56515522402717D0,-16.15040141062592D0,-32.2996595446841D0,    0000333P   3107
90.87768760333671D0,-13.58896956059894D0,-29.35782316688927D0,   0000333P   3108
86.28107686843353D0,-11.06564302784902D0,-25.18317073082757D0,   0000333P   3109
82.16180294526609D0,-9.596100292882142D0,-21.32066815586154D0,   0000333P   3110
80.89384285253938D0,-8.971321948648047D0,-19.35449602993516D0,   0000333P   3111
80.57858739398299D0,0.0D0,56.8044098427681D0,0.0D0,0.0D0,0.0D0;  0000333P   3112
126,12,3,0,0,1,0,0.0D0,0.0D0,0.0D0,0.0D0,10.67298157898501D0,    0000335P   3113
16.22641640180833D0,21.80428849921608D0,26.48117313808624D0,     0000335P   3114
29.45721996414616D0,32.72468603944753D0,37.95102859071105D0,     0000335P   3115
44.25689859943903D0,50.54341141511376D0,56.8044098427681D0,      0000335P   3116
56.8044098427681D0,56.8044098427681D0,56.8044098427681D0,1.0D0,  0000335P   3117
1.0D0,1.0D0,1.0D0,1.0D0,1.0D0,1.0D0,1.0D0,1.0D0,1.0D0,1.0D0,     0000335P   3118
1.0D0,1.0D0,-25.90270097087825D0,51.15171880469837D0,            0000335P   3119
76.68793291830843D0,-22.8578144898667D0,50.8013288751096D0,      0000335P   3120
78.49426667362349D0,-18.13953695394539D0,51.59754478607386D0,    0000335P   3121
82.17282712257247D0,-15.43793715373278D0,56.21819500065588D0,    0000335P   3122
87.36486042494596D0,-14.62470180278501D0,60.48495814934457D0,    0000335P   3123
90.45574896900843D0,-14.17586690260775D0,64.1131004610161D0,     0000335P   3124
92.72990722425074D0,-12.09888237547187D0,67.73527263911748D0,    0000335P   3125
93.68462658306588D0,-8.387636608469297D0,67.52521706766311D0,    0000335P   3126
91.13730425026299D0,-5.183498574725611D0,66.16249120507496D0,    0000335P   3127
87.97966897941548D0,-1.213548460345386D0,64.76073106326012D0,    0000335P   3128
83.66472642609818D0,2.806427692659163D0,64.51574029182851D0,     0000335P   3129
78.71062825810927D0,5.117265520014357D0,66.15731837472711D0,     0000335P   3130
75.44697160924561D0,6.100171758608429D0,67.23469743073974D0,     0000335P   3131
73.95408296365227D0,0.0D0,56.8044098427681D0,0.0D0,0.0D0,0.0D0;  0000335P   3132
126,12,3,0,0,1,0,0.0D0,0.0D0,0.0D0,0.0D0,10.67298157898501D0,    0000337P   3133
16.22641640180833D0,21.80428849921608D0,26.48117313808624D0,     0000337P   3134
29.45721996414616D0,32.72468603944753D0,37.95102859071105D0,     0000337P   3135
44.25689859943903D0,50.54341141511376D0,56.8044098427681D0,      0000337P   3136
56.8044098427681D0,56.8044098427681D0,56.8044098427681D0,1.0D0,  0000337P   3137
1.0D0,1.0D0,1.0D0,1.0D0,1.0D0,1.0D0,1.0D0,1.0D0,1.0D0,1.0D0,     0000337P   3138
1.0D0,1.0D0,28.12482285515291D0,34.82613974397934D0,             0000337P   3139
285.7530009627596D0,29.7583430129805D0,37.35762805919701D0,      0000337P   3140
283.8608785501017D0,33.01783262495157D0,42.11686363461982D0,     0000337P   3141
282.0851212844523D0,37.49665565961203D0,47.48319533566438D0,     0000337P   3142
284.6829834820179D0,40.05083014623088D0,50.85400578741533D0,     0000337P   3143
287.9286022342942D0,41.88705265449562D0,53.47931741724963D0,     0000337P   3144
290.8048308270252D0,42.3099725221758D0,57.29862357209153D0,      0000337P   3145
292.6967939210041D0,39.56622241806294D0,59.96442419609568D0,     0000337P   3146
290.3152687893648D0,36.37390130208897D0,61.50731241877075D0,     0000337P   3147
287.2293710845815D0,31.98827598181119D0,63.5309542808556D0,      0000337P   3148
283.6216947121179D0,26.84066601991719D0,66.15976455845318D0,     0000337P   3149
280.9097239136964D0,23.27697483047547D0,68.60419422127949D0,     0000337P   3150
280.8044931289866D0,21.61643692497657D0,69.84060053836178D0,     0000337P   3151
281.0680839023905D0,0.0D0,56.8044098427681D0,0.0D0,0.0D0,0.0D0;  0000337P   3152
126,12,3,0,0,1,0,0.0D0,0.0D0,0.0D0,0.0D0,10.67298157898501D0,    0000339P   3153
16.22641640180833D0,21.80428849921608D0,26.48117313808624D0,     0000339P   3154
29.45721996414616D0,32.72468603944753D0,37.95102859071105D0,     0000339P   3155
44.25689859943903D0,50.54341141511376D0,56.8044098427681D0,      0000339P   3156
56.8044098427681D0,56.8044098427681D0,56.8044098427681D0,1.0D0,  0000339P   3157
1.0D0,1.0D0,1.0D0,1.0D0,1.0D0,1.0D0,1.0D0,1.0D0,1.0D0,1.0D0,     0000339P   3158
1.0D0,1.0D0,-7.915947741257753D0,27.83674819475704D0,            0000339P   3159
247.0556670020432D0,-10.31896244413289D0,30.44929427354285D0,    0000339P   3160
247.2945639350114D0,-13.15047417045227D0,35.69327713142997D0,    0000339P   3161
248.2490767894697D0,-11.94774436923484D0,42.71758982237458D0,    0000339P   3162
250.4442378186607D0,-9.720788652858516D0,47.08753146963016D0,    0000339P   3163
252.5333739395814D0,-7.681315960314635D0,50.40429269679905D0,    0000339P   3164
254.3708480943824D0,-7.14548872197696D0,53.1994501671134D0,      0000339P   3165
257.5717025044848D0,-10.62059221659527D0,52.34497519324971D0,    0000339P   3166
260.3102874993539D0,-14.43364234511751D0,50.39457648139185D0,    0000339P   3167
262.246979628142D0,-19.05050898428695D0,47.72268376113691D0,     0000339P   3168
265.0558399614176D0,-23.1346696388716D0,44.8922772633385D0,      0000339P   3169
269.0647984560451D0,-24.51902570563132D0,43.48389569139428D0,    0000339P   3170
272.9100844553557D0,-24.9052288266798D0,42.91729509507168D0,     0000339P   3171
274.881220606382D0,0.0D0,56.8044098427681D0,0.0D0,0.0D0,0.0D0;   0000339P   3172
126,12,3,0,0,1,0,0.0D0,0.0D0,0.0D0,0.0D0,10.67298157898501D0,    0000341P   3173
16.22641640180833D0,21.80428849921608D0,26.48117313808624D0,     0000341P   3174
29.45721996414616D0,32.72468603944753D0,37.95102859071105D0,     0000341P   3175
44.25689859943903D0,50.54341141511376D0,56.8044098427681D0,      0000341P   3176
56.8044098427681D0,56.8044098427681D0,56.8044098427681D0,1.0D0,  0000341P   3177
1.0D0,1.0D0,1.0D0,1.0D0,1.0D0,1.0D0,1.0D0,1.0D0,1.0D0,1.0D0,     0000341P   3178
1.0D0,1.0D0,10.9640057377255D0,-29.15257948042932D0,             0000341P   3179
168.4577852198256D0,11.77243260802901D0,-25.80623379676028D0,    0000341P   3180
169.35520651518D0,13.65438687203593D0,-20.82946551975103D0,      0000341P   3181
172.2044055823855D0,17.01821479228383D0,-18.54102883090957D0,    0000341P   3182
178.4537238606544D0,19.04308950734907D0,-18.390481116576D0,      0000341P   3183
183.3829661217787D0,20.50711855794138D0,-18.57280950068638D0,    0000341P   3184
187.4277208078647D0,20.22934917341688D0,-17.59562747161137D0,    0000341P   3185
191.5886635518764D0,16.72043463665599D0,-14.77457529389365D0,    0000341P   3186
191.7770857843552D0,12.96440094743338D0,-12.20059768551833D0,    0000341P   3187
190.6104525872632D0,7.890130408850837D0,-9.203917548032152D0,    0000341P   3188
189.3392911895069D0,2.029504852912666D0,-6.691738782223823D0,    0000341P   3189
189.0147247886133D0,-1.99260825457884D0,-5.92226108225443D0,     0000341P   3190
190.3991795578475D0,-3.857609864032099D0,-5.742531671422569D0,   0000341P   3191
191.3184364033277D0,0.0D0,56.8044098427681D0,0.0D0,0.0D0,0.0D0;  0000341P   3192
126,12,3,0,0,1,0,0.0D0,0.0D0,0.0D0,0.0D0,10.67298157898501D0,    0000343P   3193
16.22641640180833D0,21.80428849921608D0,26.48117313808624D0,     0000343P   3194
29.45721996414616D0,32.72468603944753D0,37.95102859071105D0,     0000343P   3195
44.25689859943903D0,50.54341141511376D0,56.8044098427681D0,      0000343P   3196
56.8044098427681D0,56.8044098427681D0,56.8044098427681D0,1.0D0,  0000343P   3197
1.0D0,1.0D0,1.0D0,1.0D0,1.0D0,1.0D0,1.0D0,1.0D0,1.0D0,1.0D0,     0000343P   3198
1.0D0,1.0D0,-5.464098305537842D0,-3.788986463155283D0,           0000343P   3199
100.7073409113446D0,-5.960348178343892D0,-6.338418005856965D0,   0000343P   3200
103.1386128610476D0,-7.011516028857965D0,-9.418766167665751D0,   0000343P   3201
108.2213691026463D0,-8.790428865725104D0,-8.493340443636853D0,   0000343P   3202
115.40366094071D0,-9.62374190293432D0,-6.328504435006053D0,      0000343P   3203
120.2035865581137D0,-10.12304967666893D0,-4.293309565736635D0,   0000343P   3204
123.9646155080731D0,-8.87193752804901D0,-3.386493438159704D0,    0000343P   3205
127.9593480360669D0,-5.34396424113422D0,-6.114866647402408D0,    0000343P   3206
128.6040988959285D0,-1.893211376266251D0,-9.22920227787057D0,    0000343P   3207
127.9059577454785D0,2.826649213701714D0,-12.8728653573496D0,     0000343P   3208
127.0166883718995D0,8.51695693608408D0,-15.73332815453465D0,     0000343P   3209
126.5678364838577D0,12.76760900258217D0,-16.14225248704497D0,    0000343P   3210
127.2393591477471D0,14.79787005983533D0,-16.05261598477217D0,    0000343P   3211
127.7143035120731D0,0.0D0,56.8044098427681D0,0.0D0,0.0D0,0.0D0;  0000343P   3212
126,12,3,0,0,1,0,0.0D0,0.0D0,0.0D0,0.0D0,10.67298157898501D0,    0000345P   3213
16.22641640180833D0,21.80428849921608D0,26.48117313808624D0,     0000345P   3214
29.45721996414616D0,32.72468603944753D0,37.95102859071105D0,     0000345P   3215
44.25689859943903D0,50.54341141511376D0,56.8044098427681D0,      0000345P   3216
56.8044098427681D0,56.8044098427681D0,56.8044098427681D0,1.0D0,  0000345P   3217
1.0D0,1.0D0,1.0D0,1.0D0,1.0D0,1.0D0,1.0D0,1.0D0,1.0D0,1.0D0,     0000345P   3218
1.0D0,1.0D0,-35.74449662960444D0,-19.1827832210524D0,            0000345P   3219
223.0730400825467D0,-37.26715039008567D0,-16.15057136541394D0,   0000345P   3220
224.1426966670693D0,-38.36034462185069D0,-10.4732064633601D0,    0000345P   3221
225.8748524914648D0,-35.0187554710416D0,-3.88716087307369D0,     0000345P   3222
226.9063781231604D0,-31.32392665500964D0,-0.1028373476493627D0,  0000345P   3223
227.5752181413976D0,-28.10330470385324D0,2.693489850223699D0,    0000345P   3224
228.1624264701958D0,-25.72769472115411D0,5.244179052008477D0,    0000345P   3225
230.6515923694216D0,-27.79000222483077D0,5.030730947194542D0,    0000345P   3226
234.6525481577577D0,-30.70293465108364D0,3.831273383850323D0,    0000345P   3227
238.1411451613354D0,-34.09074111102896D0,2.063259310074116D0,    0000345P   3228
242.8038759351587D0,-36.52485623512098D0,0.003537775794015374D0, 0000345P   3229
248.3352363619228D0,-36.37220464616894D0,-1.197133658646599D0,   0000345P   3230
252.4850906228781D0,-35.97853944306553D0,-1.72489170265483D0,    0000345P   3231
254.4655112769801D0,0.0D0,56.8044098427681D0,0.0D0,0.0D0,0.0D0;  0000345P   3232
126,12,3,0,0,1,0,0.0D0,0.0D0,0.0D0,0.0D0,10.67298157898501D0,    0000347P   3233
16.22641640180833D0,21.80428849921608D0,26.48117313808624D0,     0000347P   3234
29.45721996414616D0,32.72468603944753D0,37.95102859071105D0,     0000347P   3235
44.25689859943903D0,50.54341141511376D0,56.8044098427681D0,      0000347P   3236
56.8044098427681D0,56.8044098427681D0,56.8044098427681D0,1.0D0,  0000347P   3237
1.0D0,1.0D0,1.0D0,1.0D0,1.0D0,1.0D0,1.0D0,1.0D0,1.0D0,1.0D0,     0000347P   3238
1.0D0,1.0D0,-5.62344831659243D0,9.604876054198172D0,             0000347P   3239
194.4185464183633D0,-2.887043773101183D0,9.665029649904255D0,    0000347P   3240
196.6913024853178D0,2.570925314825843D0,10.10242005611106D0,     0000347P   3241
199.2304308253619D0,9.681194125920484D0,11.71056424992433D0,     0000347P   3242
197.6606507818971D0,14.23262154092586D0,12.63804495010917D0,     0000347P   3243
195.0444513377458D0,17.75091998605335D0,13.25751401692023D0,     0000347P   3244
192.6414325493209D0,21.53825267436974D0,11.98480297407004D0,     0000347P   3245
191.098123514394D0,22.30594311161659D0,8.104256370785976D0,      0000347P   3246
193.2564397576007D0,21.79135468222366D0,4.300726366693702D0,     0000347P   3247
195.9698400369282D0,21.08044900911744D0,-0.8225540928108259D0,   0000347P   3248
199.0667376945012D0,20.66196529013399D0,-6.820174726241675D0,    0000347P   3249
201.2153966998515D0,21.14540602608616D0,-11.11019541571575D0,    0000347P   3250
200.9958236437471D0,21.49585538522744D0,-13.1274381163977D0,     0000347P   3251
200.591492163936D0,0.0D0,56.8044098427681D0,0.0D0,0.0D0,0.0D0;   0000347P   3252
126,12,3,0,0,1,0,0.0D0,0.0D0,0.0D0,0.0D0,10.67298157898501D0,    0000349P   3253
16.22641640180833D0,21.80428849921608D0,26.48117313808624D0,     0000349P   3254
29.45721996414616D0,32.72468603944753D0,37.95102859071105D0,     0000349P   3255
44.25689859943903D0,50.54341141511376D0,56.8044098427681D0,      0000349P   3256
56.8044098427681D0,56.8044098427681D0,56.8044098427681D0,1.0D0,  0000349P   3257
1.0D0,1.0D0,1.0D0,1.0D0,1.0D0,1.0D0,1.0D0,1.0D0,1.0D0,1.0D0,     0000349P   3258
1.0D0,1.0D0,9.251597292073463D0,25.66744400155416D0,             0000349P   3259
194.7098443293517D0,8.608363052792981D0,27.21301194538329D0,     0000349P   3260
197.8490190401666D0,6.86400028487153D0,30.9493075669845D0,       0000349P   3261
202.2564222689758D0,3.212364681159052D0,37.33970890822356D0,     0000349P   3262
203.4541650688167D0,0.8449870733656368D0,42.06187691410152D0,    0000349P   3263
202.7352324702816D0,-0.9218466398160743D0,45.88253971236465D0,   0000349P   3264
201.8310756347837D0,-0.8854686327044519D0,50.16514758858089D0,   0000349P   3265
201.8896545306352D0,2.783466414977944D0,51.15520574998833D0,     0000349P   3266
204.3114348687972D0,6.78126613041475D0,50.78525400756097D0,      0000349P   3267
206.7557989912385D0,12.12706996103282D0,50.47978882233564D0,     0000349P   3268
209.5258598334298D0,18.15268930169959D0,51.03875326401275D0,     0000349P   3269
211.5612437581982D0,22.10489664356976D0,52.78497183749771D0,     0000349P   3270
211.6915610968164D0,23.90504610224609D0,53.82712303111204D0,     0000349P   3271
211.5214151934896D0,0.0D0,56.8044098427681D0,0.0D0,0.0D0,0.0D0;  0000349P   3272
126,12,3,0,0,1,0,0.0D0,0.0D0,0.0D0,0.0D0,10.67298157898501D0,    0000351P   3273
16.22641640180833D0,21.80428849921608D0,26.48117313808624D0,     0000351P   3274
29.45721996414616D0,32.72468603944753D0,37.95102859071105D0,     0000351P   3275
44.25689859943903D0,50.54341141511376D0,56.8044098427681D0,      0000351P   3276
56.8044098427681D0,56.8044098427681D0,56.8044098427681D0,1.0D0,  0000351P   3277
1.0D0,1.0D0,1.0D0,1.0D0,1.0D0,1.0D0,1.0D0,1.0D0,1.0D0,1.0D0,     0000351P   3278
1.0D0,1.0D0,11.66684061710323D0,-28.72557562159973D0,            0000351P   3279
101.9925837459028D0,14.83768341998086D0,-29.1711002287863D0,     0000351P   3280
103.5431359586402D0,19.77955197079929D0,-28.62546593569262D0,    0000351P   3281
106.9648501641308D0,22.7219236579464D0,-24.50686587055716D0,     0000351P   3282
112.440783149214D0,23.64355207452824D0,-20.5739305155781D0,      0000351P   3283
115.9196956301713D0,24.16058104105489D0,-17.19926701604403D0,    0000351P   3284
118.5428602235451D0,26.20967373681831D0,-13.63654056020955D0,    0000351P   3285
119.7485485717247D0,29.73872766470607D0,-13.45262185407782D0,    0000351P   3286
116.9524312928924D0,32.74780681694261D0,-14.36454958412747D0,    0000351P   3287
113.458434542709D0,36.44105005051588D0,-15.16623336716629D0,     0000351P   3288
108.7614757208803D0,40.11140117468343D0,-14.74805302236102D0,    0000351P   3289
103.554080476478D0,42.14870179929248D0,-12.69175903466778D0,     0000351P   3290
100.3435873695854D0,42.99869533692065D0,-11.42910698538454D0,    0000351P   3291
98.91572617157827D0,0.0D0,56.8044098427681D0,0.0D0,0.0D0,0.0D0;  0000351P   3292
126,12,3,0,0,1,0,0.0D0,0.0D0,0.0D0,0.0D0,10.67298157898501D0,    0000353P   3293
16.22641640180833D0,21.80428849921608D0,26.48117313808624D0,     0000353P   3294
29.45721996414616D0,32.72468603944753D0,37.95102859071105D0,     0000353P   3295
44.25689859943903D0,50.54341141511376D0,56.8044098427681D0,      0000353P   3296
56.8044098427681D0,56.8044098427681D0,56.8044098427681D0,1.0D0,  0000353P   3297
1.0D0,1.0D0,1.0D0,1.0D0,1.0D0,1.0D0,1.0D0,1.0D0,1.0D0,1.0D0,     0000353P   3298
1.0D0,1.0D0,17.06523046845735D0,-48.70463095315461D0,            0000353P   3299
22.82225903070529D0,16.39332085293558D0,-46.69291138147871D0,    0000353P   3300
25.67856263048252D0,16.83205923121693D0,-43.14265230034606D0,    0000353P   3301
30.53974342856873D0,21.79293997451403D0,-39.4298827812885D0,     0000353P   3302
34.68838952677021D0,26.35400861999598D0,-37.72575515123127D0,    0000353P   3303
36.85929102765241D0,30.19642909471946D0,-36.62854242609534D0,    0000353P   3304
38.4619744968598D0,33.14454072552829D0,-36.68470303293934D0,     0000353P   3305
41.56857535091212D0,31.06918217143285D0,-38.8165905406489D0,     0000353P   3306
44.95298993541633D0,27.91604758159246D0,-41.21275411915059D0,    0000353P   3307
47.48485193461055D0,24.14534475478179D0,-44.65113462076282D0,    0000353P   3308
50.69475915481048D0,21.21017824725227D0,-49.04341844417122D0,    0000353P   3309
54.28027972992709D0,21.00738980811949D0,-52.50146882676946D0,    0000353P   3310
56.86619720514299D0,21.23192690212012D0,-54.18629918769867D0,    0000353P   3311
58.07718711453624D0,0.0D0,56.8044098427681D0,0.0D0,0.0D0,0.0D0;  0000353P   3312
126,12,3,0,0,1,0,0.0D0,0.0D0,0.0D0,0.0D0,10.67298157898501D0,    0000355P   3313
16.22641640180833D0,21.80428849921608D0,26.48117313808624D0,     0000355P   3314
29.45721996414616D0,32.72468603944753D0,37.95102859071105D0,     0000355P   3315
44.25689859943903D0,50.54341141511376D0,56.8044098427681D0,      0000355P   3316
56.8044098427681D0,56.8044098427681D0,56.8044098427681D0,1.0D0,  0000355P   3317
1.0D0,1.0D0,1.0D0,1.0D0,1.0D0,1.0D0,1.0D0,1.0D0,1.0D0,1.0D0,     0000355P   3318
1.0D0,1.0D0,63.17389147555849D0,-4.760852277553425D0,            0000355P   3319
171.3963263046822D0,59.62547400263822D0,-4.52655939186161D0,     0000355P   3320
171.2924576270979D0,53.91884826002548D0,-2.577545861058411D0,    0000355P   3321
171.0401115355498D0,49.84405221662696D0,3.628552671133463D0,     0000355P   3322
170.3425171602781D0,48.33540410096466D0,8.740051001922581D0,     0000355P   3323
170.2129904359916D0,47.42733779537435D0,12.94835896014445D0,     0000355P   3324
170.2601591190677D0,45.69218409089577D0,16.4137680945621D0,      0000355P   3325
172.0838000433723D0,43.56821661557066D0,14.75314675899449D0,     0000355P   3326
175.694536602166D0,42.0014185974974D0,11.83815062910375D0,       0000355P   3327
179.0325186801336D0,40.28555001450209D0,8.299803663063813D0,     0000355P   3328
183.6019891525278D0,38.98511641702592D0,5.496924973062505D0,     0000355P   3329
189.1891226675402D0,38.68540473676725D0,5.282035406498181D0,     0000355P   3330
193.4961169989921D0,38.66060511370659D0,5.48032738979532D0,      0000355P   3331
195.5735269441882D0,0.0D0,56.8044098427681D0,0.0D0,0.0D0,0.0D0;  0000355P   3332
126,12,3,0,0,1,0,0.0D0,0.0D0,0.0D0,0.0D0,10.67298157898501D0,    0000357P   3333
16.22641640180833D0,21.80428849921608D0,26.48117313808624D0,     0000357P   3334
29.45721996414616D0,32.72468603944753D0,37.95102859071105D0,     0000357P   3335
44.25689859943903D0,50.54341141511376D0,56.8044098427681D0,      0000357P   3336
56.8044098427681D0,56.8044098427681D0,56.8044098427681D0,1.0D0,  0000357P   3337
1.0D0,1.0D0,1.0D0,1.0D0,1.0D0,1.0D0,1.0D0,1.0D0,1.0D0,1.0D0,     0000357P   3338
1.0D0,1.0D0,-50.98306046788396D0,-23.97687960576049D0,           0000357P   3339
143.6889345205994D0,-50.36737848894846D0,-20.59693442379664D0,   0000357P   3340
144.6129770998825D0,-48.10264491053238D0,-15.03158408706142D0,   0000357P   3341
145.183737213783D0,-42.71754807592059D0,-10.57357879846204D0,    0000357P   3342
142.5888999110498D0,-38.29437181765879D0,-8.786591803141455D0,   0000357P   3343
140.2093199561502D0,-34.61629446663251D0,-7.681026096622233D0,   0000357P   3344
138.2635202131959D0,-30.51501486094207D0,-6.450413911685587D0,   0000357P   3345
138.3664003089543D0,-29.72215162353763D0,-5.790319299706525D0,   0000357P   3346
142.7529664538333D0,-30.2002133111115D0,-5.640720449849141D0,    0000357P   3347
147.426643809679D0,-30.53249571254163D0,-5.809502836253095D0,    0000357P   3348
153.4437249588756D0,-29.76662931214439D0,-6.666712216019995D0,   0000357P   3349
159.7240082441156D0,-27.6370035030222D0,-7.862342271730185D0,    0000357P   3350
163.2907108489404D0,-26.37238878335224D0,-8.532076857226834D0,   0000357P   3351
164.8098461319639D0,0.0D0,56.8044098427681D0,0.0D0,0.0D0,0.0D0;  0000357P   3352
126,12,3,0,0,1,0,0.0D0,0.0D0,0.0D0,0.0D0,10.67298157898501D0,    0000359P   3353
16.22641640180833D0,21.80428849921608D0,26.48117313808624D0,     0000359P   3354
29.45721996414616D0,32.72468603944753D0,37.95102859071105D0,     0000359P   3355
44.25689859943903D0,50.54341141511376D0,56.8044098427681D0,      0000359P   3356
56.8044098427681D0,56.8044098427681D0,56.8044098427681D0,1.0D0,  0000359P   3357
1.0D0,1.0D0,1.0D0,1.0D0,1.0D0,1.0D0,1.0D0,1.0D0,1.0D0,1.0D0,     0000359P   3358
1.0D0,1.0D0,-47.66865008247478D0,-47.78644920746297D0,           0000359P   3359
171.3713442878916D0,-49.9726898820233D0,-45.70730317781465D0,    0000359P   3360
173.1107409678036D0,-52.64180790464926D0,-41.19364165577691D0,   0000359P   3361
176.0991482869609D0,-51.44476873642242D0,-34.27165670061993D0,   0000359P   3362
178.6010438102177D0,-49.06970206526154D0,-29.74296452139851D0,   0000359P   3363
180.1077677226367D0,-46.84301275003759D0,-26.259788992072D0,     0000359P   3364
181.3102684904591D0,-45.19642555827033D0,-23.68424994689207D0,   0000359P   3365
184.3104075396586D0,-46.78076857625371D0,-25.40487192798513D0,   0000359P   3366
188.1621132336254D0,-48.90338474373843D0,-28.19659155343003D0,   0000359P   3367
191.2918073014199D0,-51.21020927473378D0,-31.91826713774876D0,   0000359P   3368
195.4357011312086D0,-52.45696547692279D0,-35.79151026864486D0,   0000359P   3369
200.3557523533152D0,-51.62462795471916D0,-37.74640330150041D0,   0000359P   3370
204.120299107904D0,-50.93752014410884D0,-38.53496644271756D0,    0000359P   3371
205.9262940805591D0,0.0D0,56.8044098427681D0,0.0D0,0.0D0,0.0D0;  0000359P   3372
126,12,3,0,0,1,0,0.0D0,0.0D0,0.0D0,0.0D0,10.67298157898501D0,    0000361P   3373
16.22641640180833D0,21.80428849921608D0,26.48117313808624D0,     0000361P   3374
29.45721996414616D0,32.72468603944753D0,37.95102859071105D0,     0000361P   3375
44.25689859943903D0,50.54341141511376D0,56.8044098427681D0,      0000361P   3376
56.8044098427681D0,56.8044098427681D0,56.8044098427681D0,1.0D0,  0000361P   3377
1.0D0,1.0D0,1.0D0,1.0D0,1.0D0,1.0D0,1.0D0,1.0D0,1.0D0,1.0D0,     0000361P   3378
1.0D0,1.0D0,-17.08255618301409D0,-66.26689913905203D0,           0000361P   3379
24.16132491642558D0,-17.34508903200167D0,-63.73838822576053D0,   0000361P   3380
26.65023180202076D0,-18.39118151064616D0,-58.6158681543744D0,    0000361P   3381
29.66575635071763D0,-21.28888019666836D0,-51.79333361340896D0,   0000361P   3382
28.85173886850977D0,-23.21431131819895D0,-47.30120815060589D0,   0000361P   3383
26.72248188131134D0,-24.64734416106D0,-43.78678100727005D0,      0000361P   3384
24.68977828838126D0,-24.17671748637096D0,-39.74385810377041D0,   0000361P   3385
23.35607292462989D0,-20.26584466371639D0,-38.47406414389921D0,   0000361P   3386
25.19971513988927D0,-16.16368530403811D0,-38.51515357934315D0,   0000361P   3387
27.49422664904509D0,-10.69433387817426D0,-38.55071584795242D0,   0000361P   3388
30.02979265089343D0,-4.51502884177604D0,-38.08696372741922D0,    0000361P   3389
31.567466427976D0,-0.4079931407622546D0,-36.86835583202514D0,    0000361P   3390
30.99000877918944D0,1.471357904168347D0,-36.15418569969077D0,    0000361P   3391
30.43003781177853D0,0.0D0,56.8044098427681D0,0.0D0,0.0D0,0.0D0;  0000361P   3392
126,12,3,0,0,1,0,0.0D0,0.0D0,0.0D0,0.0D0,10.67298157898501D0,    0000363P   3393
16.22641640180833D0,21.80428849921608D0,26.48117313808624D0,     0000363P   3394
29.45721996414616D0,32.72468603944753D0,37.95102859071105D0,     0000363P   3395
44.25689859943903D0,50.54341141511376D0,56.8044098427681D0,      0000363P   3396
56.8044098427681D0,56.8044098427681D0,56.8044098427681D0,1.0D0,  0000363P   3397
1.0D0,1.0D0,1.0D0,1.0D0,1.0D0,1.0D0,1.0D0,1.0D0,1.0D0,1.0D0,     0000363P   3398
1.0D0,1.0D0,-5.098577817715864D0,-66.42457882979393D0,           0000363P   3399
227.9679231645674D0,-6.008852255312377D0,-63.43653601839412D0,   0000363P   3400
226.2649994944944D0,-6.749896858353821D0,-57.69321961651741D0,   0000363P   3401
224.5640940698276D0,-4.84601177733532D0,-50.71980285722404D0,    0000363P   3402
226.3951975618407D0,-3.088470088751706D0,-46.45991295946997D0,   0000363P   3403
229.075607375052D0,-1.670061898595151D0,-43.22108021871625D0,    0000363P   3404
231.5321793472855D0,-2.335905918015413D0,-39.76442955539495D0,   0000363P   3405
233.9722004540453D0,-6.771286158171421D0,-39.05608556039448D0,   0000363P   3406
233.6089230622766D0,-11.31935627010657D0,-39.54267536148502D0,   0000363P   3407
232.5261158578553D0,-17.22600045170745D0,-40.28344952512565D0,   0000363P   3408
231.5737646649019D0,-23.57207896799918D0,-40.92068263036924D0,   0000363P   3409
231.8645203037552D0,-27.44284772554334D0,-40.81541369759509D0,   0000363P   3410
233.7860489831334D0,-29.14806460416563D0,-40.68067206913115D0,   0000363P   3411
234.9817274109575D0,0.0D0,56.8044098427681D0,0.0D0,0.0D0,0.0D0;  0000363P   3412
126,12,3,0,0,1,0,0.0D0,0.0D0,0.0D0,0.0D0,10.67298157898501D0,    0000365P   3413
16.22641640180833D0,21.80428849921608D0,26.48117313808624D0,     0000365P   3414
29.45721996414616D0,32.72468603944753D0,37.95102859071105D0,     0000365P   3415
44.25689859943903D0,50.54341141511376D0,56.8044098427681D0,      0000365P   3416
56.8044098427681D0,56.8044098427681D0,56.8044098427681D0,1.0D0,  0000365P   3417
1.0D0,1.0D0,1.0D0,1.0D0,1.0D0,1.0D0,1.0D0,1.0D0,1.0D0,1.0D0,     0000365P   3418
1.0D0,1.0D0,34.46945716024008D0,-8.713826021217415D0,            0000365P   3419
158.619190962717D0,31.28670912302283D0,-8.396812930399335D0,     0000365P   3420
160.1769348609347D0,26.05585328342021D0,-6.345577761038356D0,    0000365P   3421
162.3811333830047D0,21.85580284422828D0,-0.1989346182975567D0,   0000365P   3422
162.810800792779D0,20.23278334635531D0,4.877260211606739D0,      0000365P   3423
162.6756517889621D0,19.26319296432096D0,9.069881418208979D0,     0000365P   3424
162.5396845860751D0,18.43925208544862D0,12.8158626354606D0,      0000365P   3425
164.4460505572335D0,18.35240778285154D0,11.77172315747075D0,     0000365P   3426
168.8288065818144D0,18.68446076024061D0,9.431269367751923D0,     0000365P   3427
172.8915888425253D0,19.49585161758411D0,6.662026091269354D0,     0000365P   3428
178.1847071291832D0,21.1201240711587D0,4.759302517383276D0,      0000365P   3429
184.058777217701D0,22.90163619774463D0,5.195913887433079D0,      0000365P   3430
187.9730830108949D0,23.85249523243629D0,5.70156176456365D0,      0000365P   3431
189.7607502430279D0,0.0D0,56.8044098427681D0,0.0D0,0.0D0,0.0D0;  0000365P   3432
126,12,3,0,0,1,0,0.0D0,0.0D0,0.0D0,0.0D0,10.67298157898501D0,    0000367P   3433
16.22641640180833D0,21.80428849921608D0,26.48117313808624D0,     0000367P   3434
29.45721996414616D0,32.72468603944753D0,37.95102859071105D0,     0000367P   3435
44.25689859943903D0,50.54341141511376D0,56.8044098427681D0,      0000367P   3436
56.8044098427681D0,56.8044098427681D0,56.8044098427681D0,1.0D0,  0000367P   3437
1.0D0,1.0D0,1.0D0,1.0D0,1.0D0,1.0D0,1.0D0,1.0D0,1.0D0,1.0D0,     0000367P   3438
1.0D0,1.0D0,36.60610631628209D0,-16.78468824980268D0,            0000367P   3439
27.3961013406442D0,34.23093931338848D0,-14.24956691133435D0,     0000367P   3440
28.1633626574084D0,30.65266525447642D0,-10.26749127601121D0,     0000367P   3441
30.95028534261278D0,29.0183117061258D0,-7.533721202136416D0,     0000367P   3442
37.69281078647739D0,28.64644918555421D0,-6.890468419808602D0,    0000367P   3443
42.9718405854724D0,28.46456294771817D0,-6.703515330185969D0,     0000367P   3444
47.26935511249979D0,26.36389915752479D0,-7.1200280379913D0,      0000367P   3445
50.97869654632292D0,22.13757308593785D0,-8.021577834649896D0,    0000367P   3446
49.7013181943225D0,18.3482654839892D0,-8.996575528748197D0,      0000367P   3447
47.09657056473016D0,13.51234145721824D0,-10.67631782969477D0,    0000367P   3448
43.91278834008181D0,8.331431599422643D0,-13.43911392691645D0,    0000367P   3449
41.40511049445332D0,5.052125983683357D0,-16.25316027911372D0,    0000367P   3450
41.28890982953823D0,3.58875661044058D0,-17.72415244245455D0,     0000367P   3451
41.51318409285943D0,0.0D0,56.8044098427681D0,0.0D0,0.0D0,0.0D0;  0000367P   3452
126,12,3,0,0,1,0,0.0D0,0.0D0,0.0D0,0.0D0,10.67298157898501D0,    0000369P   3453
16.22641640180833D0,21.80428849921608D0,26.48117313808624D0,     0000369P   3454
29.45721996414616D0,32.72468603944753D0,37.95102859071105D0,     0000369P   3455
44.25689859943903D0,50.54341141511376D0,56.8044098427681D0,      0000369P   3456
56.8044098427681D0,56.8044098427681D0,56.8044098427681D0,1.0D0,  0000369P   3457
1.0D0,1.0D0,1.0D0,1.0D0,1.0D0,1.0D0,1.0D0,1.0D0,1.0D0,1.0D0,     0000369P   3458
1.0D0,1.0D0,-21.3775435041542D0,-30.34590968316186D0,            0000369P   3459
161.6886976994905D0,-18.65065143196441D0,-28.64094508715588D0,   0000369P   3460
160.1674798408031D0,-13.50537842729052D0,-25.67842339188481D0,   0000369P   3461
159.0823344257336D0,-7.371576760139178D0,-23.10534017294958D0,   0000369P   3462
162.4530879847269D0,-3.886920579191042D0,-21.51879478710719D0,   0000369P   3463
166.162569961243D0,-1.33945276731167D0,-20.24656606448465D0,     0000369P   3464
169.3918898580662D0,0.545312515939699D0,-17.19537388600641D0,    0000369P   3465
171.7335497789159D0,-0.549909188263598D0,-13.38928924640657D0,   0000369P   3466
169.5840082724001D0,-2.477285430947944D0,-10.32351757803324D0,   0000369P   3467
166.5872687581805D0,-5.220228984165857D0,-6.253922952730287D0,   0000369P   3468
163.0860082860302D0,-8.457526804126857D0,-1.387263943258748D0,   0000369P   3469
160.5171855367366D0,-10.57580175155425D0,2.380523397910228D0,    0000369P   3470
160.5709869037173D0,-11.54671723281495D0,4.195087674068779D0,    0000369P   3471
160.9177525713962D0,0.0D0,56.8044098427681D0,0.0D0,0.0D0,0.0D0;  0000369P   3472
126,12,3,0,0,1,0,0.0D0,0.0D0,0.0D0,0.0D0,10.67298157898501D0,    0000371P   3473
16.22641640180833D0,21.80428849921608D0,26.48117313808624D0,     0000371P   3474
29.45721996414616D0,32.72468603944753D0,37.95102859071105D0,     0000371P   3475
44.25689859943903D0,50.54341141511376D0,56.8044098427681D0,      0000371P   3476
56.8044098427681D0,56.8044098427681D0,56.8044098427681D0,1.0D0,  0000371P   3477
1.0D0,1.0D0,1.0D0,1.0D0,1.0D0,1.0D0,1.0D0,1.0D0,1.0D0,1.0D0,     0000371P   3478
1.0D0,1.0D0,-62.59857163324212D0,-17.81360942601513D0,           0000371P   3479
240.9975342669666D0,-59.26053100762358D0,-17.39965910520588D0,   0000371P   3480
239.8386217015775D0,-53.25852102161294D0,-16.93831313813423D0,   0000371P   3481
239.4016483775412D0,-47.00449275214807D0,-17.48724139039925D0,   0000371P   3482
243.4255852405624D0,-43.58536185806726D0,-17.77887088311665D0,   0000371P   3483
247.5053778410477D0,-41.09143816825925D0,-17.9176596891882D0,    0000371P   3484
251.012192274115D0,-38.33137405538751D0,-16.12412462116065D0,    0000371P   3485
253.752769425093D0,-37.4466657860362D0,-12.11840576329004D0,     0000371P   3486
251.8878760599831D0,-37.53838084783803D0,-8.369432696753805D0,   0000371P   3487
249.0539790764329D0,-37.87529659828281D0,-3.336521270401462D0,   0000371P   3488
245.7523953661704D0,-38.40897155687683D0,2.580611808831506D0,    0000371P   3489
243.4144380166665D0,-38.68795937050037D0,6.887304310841671D0,    0000371P   3490
243.6609543066752D0,-38.81173710303595D0,8.923434202887911D0,    0000371P   3491
244.1018862152364D0,0.0D0,56.8044098427681D0,0.0D0,0.0D0,0.0D0;  0000371P   3492
126,12,3,0,0,1,0,0.0D0,0.0D0,0.0D0,0.0D0,10.67298157898501D0,    0000373P   3493
16.22641640180833D0,21.80428849921608D0,26.48117313808624D0,     0000373P   3494
29.45721996414616D0,32.72468603944753D0,37.95102859071105D0,     0000373P   3495
44.25689859943903D0,50.54341141511376D0,56.8044098427681D0,      0000373P   3496
56.8044098427681D0,56.8044098427681D0,56.8044098427681D0,1.0D0,  0000373P   3497
1.0D0,1.0D0,1.0D0,1.0D0,1.0D0,1.0D0,1.0D0,1.0D0,1.0D0,1.0D0,     0000373P   3498
1.0D0,1.0D0,34.93460176411737D0,0.4549795024607022D0,            0000373P   3499
275.932807091066D0,35.97607440846133D0,-1.495884378180278D0,     0000373P   3500
278.719635623805D0,38.35303438725984D0,-3.422207241271309D0,     0000373P   3501
283.9222552664223D0,41.98921901658738D0,-1.027217940366683D0,    0000373P   3502
289.9760513720882D0,44.82352709047318D0,1.958957619903231D0,     0000373P   3503
293.3627407231223D0,47.18836493323298D0,4.583011337066182D0,     0000373P   3504
295.8241527646422D0,50.88628677297942D0,5.713379549486376D0,     0000373P   3505
297.666196965889D0,53.64811741368322D0,2.294573581008024D0,      0000373P   3506
296.6710201899561D0,55.41043893940031D0,-1.670014913084486D0,    0000373P   3507
294.8625833699224D0,57.92266835502873D0,-6.494627951607072D0,    0000373P   3508
292.2633571319728D0,61.51527427385948D0,-10.75613532157686D0,    0000373P   3509
289.1495082187211D0,65.04007550533453D0,-12.14141968383217D0,    0000373P   3510
287.0655292594839D0,66.85436482727131D0,-12.50828372630428D0,    0000373P   3511
286.1015106689005D0,0.0D0,56.8044098427681D0,0.0D0,0.0D0,0.0D0;  0000373P   3512
126,12,3,0,0,1,0,0.0D0,0.0D0,0.0D0,0.0D0,10.67298157898501D0,    0000375P   3513
16.22641640180833D0,21.80428849921608D0,26.48117313808624D0,     0000375P   3514
29.45721996414616D0,32.72468603944753D0,37.95102859071105D0,     0000375P   3515
44.25689859943903D0,50.54341141511376D0,56.8044098427681D0,      0000375P   3516
56.8044098427681D0,56.8044098427681D0,56.8044098427681D0,1.0D0,  0000375P   3517
1.0D0,1.0D0,1.0D0,1.0D0,1.0D0,1.0D0,1.0D0,1.0D0,1.0D0,1.0D0,     0000375P   3518
1.0D0,1.0D0,68.5596069584446D0,-13.74627053212642D0,             0000375P   3519
20.47177117172135D0,65.48491209438902D0,-14.59090358111779D0,    0000375P   3520
22.04967957403645D0,60.54741287847813D0,-14.68050075559682D0,    0000375P   3521
25.51969160551829D0,56.91083343117585D0,-10.71835309087785D0,    0000375P   3522
30.68524438381819D0,55.72383331672832D0,-7.13559985109438D0,     0000375P   3523
34.45023063159896D0,55.11163264660219D0,-4.168521162742692D0,    0000375P   3524
37.50936769421504D0,54.69319589243679D0,-3.008900246875207D0,    0000375P   3525
41.61127884416895D0,54.70410125282149D0,-6.934974235822878D0,    0000375P   3526
43.8230979280484D0,55.00743658921932D0,-11.51559122488564D0,     0000375P   3527
44.83310708283448D0,55.80363485511533D0,-17.30378697669997D0,    0000375P   3528
46.31871231449582D0,57.50788392206324D0,-22.95349836941651D0,    0000375P   3529
48.75584458495203D0,59.48533746930885D0,-25.58194575333101D0,    0000375P   3530
51.56068800424291D0,60.55125887003715D0,-26.57850730573996D0,    0000375P   3531
53.05274814112516D0,0.0D0,56.8044098427681D0,0.0D0,0.0D0,0.0D0;  0000375P   3532
126,12,3,0,0,1,0,0.0D0,0.0D0,0.0D0,0.0D0,10.67298157898501D0,    0000377P   3533
16.22641640180833D0,21.80428849921608D0,26.48117313808624D0,     0000377P   3534
29.45721996414616D0,32.72468603944753D0,37.95102859071105D0,     0000377P   3535
44.25689859943903D0,50.54341141511376D0,56.8044098427681D0,      0000377P   3536
56.8044098427681D0,56.8044098427681D0,56.8044098427681D0,1.0D0,  0000377P   3537
1.0D0,1.0D0,1.0D0,1.0D0,1.0D0,1.0D0,1.0D0,1.0D0,1.0D0,1.0D0,     0000377P   3538
1.0D0,1.0D0,20.06030351593159D0,1.627877234354216D0,             0000377P   3539
252.1902241251707D0,18.82277931199522D0,4.023368945112907D0,     0000377P   3540
249.8692110427102D0,18.08438796795315D0,8.819905053282881D0,     0000377P   3541
246.2809065342425D0,21.51490871940075D0,15.02346078521144D0,     0000377P   3542
243.9671037436563D0,24.88862359191754D0,19.13316703669636D0,     0000377P   3543
243.5816507889132D0,27.72968978018466D0,22.36810749983903D0,     0000377P   3544
243.5946232618018D0,28.79339349831943D0,26.45277930314182D0,     0000377P   3545
244.3222740896028D0,24.88159599022475D0,28.37225315963838D0,     0000377P   3546
245.4710908388194D0,20.36721538340541D0,29.0288219205099D0,      0000377P   3547
246.6039933141326D0,14.71288272638768D0,29.93241648643937D0,     0000377P   3548
248.4897832569635D0,9.302174789591675D0,31.47249228478708D0,     0000377P   3549
251.5090089134719D0,6.919948163926307D0,33.4198751159513D0,      0000377P   3550
254.5452732631488D0,6.052925289794246D0,34.47019970847356D0,     0000377P   3551
256.1266196510152D0,0.0D0,56.8044098427681D0,0.0D0,0.0D0,0.0D0;  0000377P   3552
126,12,3,0,0,1,0,0.0D0,0.0D0,0.0D0,0.0D0,10.67298157898501D0,    0000379P   3553
16.22641640180833D0,21.80428849921608D0,26.48117313808624D0,     0000379P   3554
29.45721996414616D0,32.72468603944753D0,37.95102859071105D0,     0000379P   3555
44.25689859943903D0,50.54341141511376D0,56.8044098427681D0,      0000379P   3556
56.8044098427681D0,56.8044098427681D0,56.8044098427681D0,1.0D0,  0000379P   3557
1.0D0,1.0D0,1.0D0,1.0D0,1.0D0,1.0D0,1.0D0,1.0D0,1.0D0,1.0D0,     0000379P   3558
1.0D0,1.0D0,-14.42215773519555D0,-45.86090207328674D0,           0000379P   3559
282.1656474427064D0,-10.93657373562287D0,-46.51873862742976D0,   0000379P   3560
281.8919620931698D0,-5.013937264282056D0,-47.0772121122681D0,    0000379P   3561
282.9109784102619D0,0.1574759910506138D0,-46.18016944704713D0,   0000379P   3562
288.2079642605662D0,2.670896135261934D0,-44.69751421064915D0,    0000379P   3563
292.6694286080098D0,4.432722046277998D0,-43.27546742469037D0,    0000379P   3564
296.3314523066034D0,7.041795079802815D0,-40.65736932958202D0,    0000379P   3565
298.4956577815973D0,9.162972979745511D0,-38.36269237297379D0,    0000379P   3566
295.2489084018337D0,10.45177134703425D0,-36.67540178105956D0,    0000379P   3567
291.0553142337648D0,11.8930582777153D0,-34.12115126289201D0,     0000379P   3568
285.7881839982224D0,13.19665577999407D0,-30.29276646350547D0,    0000379P   3569
280.8477972940501D0,13.92274612909948D0,-26.49856433212935D0,    0000379P   3570
278.9079447791775D0,14.21928983454121D0,-24.53572050259126D0,    0000379P   3571
278.2638386202639D0,0.0D0,56.8044098427681D0,0.0D0,0.0D0,0.0D0;  0000379P   3572
126,12,3,0,0,1,0,0.0D0,0.0D0,0.0D0,0.0D0,10.67298157898501D0,    0000381P   3573
16.22641640180833D0,21.80428849921608D0,26.48117313808624D0,     0000381P   3574
29.45721996414616D0,32.72468603944753D0,37.95102859071105D0,     0000381P   3575
44.25689859943903D0,50.54341141511376D0,56.8044098427681D0,      0000381P   3576
56.8044098427681D0,56.8044098427681D0,56.8044098427681D0,1.0D0,  0000381P   3577
1.0D0,1.0D0,1.0D0,1.0D0,1.0D0,1.0D0,1.0D0,1.0D0,1.0D0,1.0D0,     0000381P   3578
1.0D0,1.0D0,12.60580802428854D0,-64.80741332185585D0,            0000381P   3579
143.1560568651034D0,13.88431609023306D0,-63.9038605848331D0,     0000381P   3580
146.3507333741302D0,16.15281466772285D0,-60.9411472592322D0,     0000381P   3581
151.0945876735009D0,18.19018930438175D0,-54.13431816994006D0,    0000381P   3582
153.3578689282385D0,19.58029267596395D0,-48.98786453897839D0,    0000381P   3583
153.4007540717357D0,20.7393593861824D0,-44.85356254552633D0,     0000381P   3584
153.0833008319555D0,23.68551296636605D0,-41.74525553133162D0,    0000381P   3585
153.1472668803636D0,27.45600708452151D0,-43.89144066317121D0,    0000381P   3586
154.3652911158433D0,30.53860301686255D0,-47.25344884341658D0,    0000381P   3587
155.5004942401462D0,34.68107612865165D0,-51.50738433186854D0,    0000381P   3588
156.5436212805734D0,39.72814650212018D0,-55.41507734658387D0,    0000381P   3589
156.6862163537132D0,43.7142405334421D0,-56.71697895710687D0,     0000381P   3590
155.6363061869665D0,45.64766363943519D0,-57.08148276776748D0,    0000381P   3591
154.9401891870525D0,0.0D0,56.8044098427681D0,0.0D0,0.0D0,0.0D0;  0000381P   3592
126,12,3,0,0,1,0,0.0D0,0.0D0,0.0D0,0.0D0,10.67298157898501D0,    0000383P   3593
16.22641640180833D0,21.80428849921608D0,26.48117313808624D0,     0000383P   3594
29.45721996414616D0,32.72468603944753D0,37.95102859071105D0,     0000383P   3595
44.25689859943903D0,50.54341141511376D0,56.8044098427681D0,      0000383P   3596
56.8044098427681D0,56.8044098427681D0,56.8044098427681D0,1.0D0,  0000383P   3597
1.0D0,1.0D0,1.0D0,1.0D0,1.0D0,1.0D0,1.0D0,1.0D0,1.0D0,1.0D0,     0000383P   3598
1.0D0,1.0D0,-2.992413628025695D0,18.88209785423413D0,            0000383P   3599
51.06084469660868D0,-3.273857377197018D0,21.89317733325566D0,    0000383P   3600
52.93464783665905D0,-2.499952355364179D0,27.41901556258412D0,    0000383P   3601
55.23553734723922D0,1.661668722706352D0,33.56469830425078D0,     0000383P   3602
54.5159865565921D0,5.558824558239721D0,36.94512285297753D0,      0000383P   3603
53.17243984776897D0,8.894288201211751D0,39.39351996825151D0,     0000383P   3604
51.98218818380256D0,12.54916789989758D0,41.46051079566276D0,     0000383P   3605
52.8276989024821D0,13.02475632815104D0,40.98157397582187D0,      0000383P   3606
57.28311748247008D0,12.39114496763816D0,39.64946215807214D0,     0000383P   3607
61.74609827655716D0,11.94031826149782D0,37.66502816255467D0,     0000383P   3608
67.4208618524907D0,12.71757329994156D0,35.22086482865746D0,      0000383P   3609
73.26767787570617D0,14.97679272918548D0,33.56959763365671D0,     0000383P   3610
76.56243871824115D0,16.32533566967692D0,32.80060846631632D0,     0000383P   3611
77.95730588414162D0,0.0D0,56.8044098427681D0,0.0D0,0.0D0,0.0D0;  0000383P   3612
126,12,3,0,0,1,0,0.0D0,0.0D0,0.0D0,0.0D0,10.67298157898501D0,    0000385P   3613
16.22641640180833D0,21.80428849921608D0,26.48117313808624D0,     0000385P   3614
29.45721996414616D0,32.72468603944753D0,37.95102859071105D0,     0000385P   3615
44.25689859943903D0,50.54341141511376D0,56.8044098427681D0,      0000385P   3616
56.8044098427681D0,56.8044098427681D0,56.8044098427681D0,1.0D0,  0000385P   3617
1.0D0,1.0D0,1.0D0,1.0D0,1.0D0,1.0D0,1.0D0,1.0D0,1.0D0,1.0D0,     0000385P   3618
1.0D0,1.0D0,41.05642303086219D0,5.724682306466207D0,             0000385P   3619
201.225432813109D0,39.08721313630485D0,6.620149991661208D0,      0000385P   3620
204.0498439794486D0,36.62045143569094D0,9.459252621700557D0,     0000385P   3621
208.770277500632D0,36.83190024765513D0,15.8906097278346D0,       0000385P   3622
212.5384594060446D0,38.35125158681461D0,20.64353447814563D0,     0000385P   3623
214.4150225733617D0,39.89434505312121D0,24.42386307574603D0,     0000385P   3624
215.7805420421543D0,41.7974351083305D0,26.87919139846002D0,      0000385P   3625
218.7292868831522D0,42.20538445246113D0,24.13627160592773D0,     0000385P   3626
222.2812283097171D0,42.14304747144908D0,20.33583499376732D0,     0000385P   3627
225.0465453760403D0,42.51873690448836D0,15.44618562437637D0,     0000385P   3628
228.5528755285779D0,44.16415633594518D0,10.63963619942101D0,     0000385P   3629
232.4197857844447D0,46.76822493376108D0,8.488683900742529D0,     0000385P   3630
235.1176434039161D0,48.23759201008156D0,7.690454298633881D0,     0000385P   3631
236.3663854548162D0,0.0D0,56.8044098427681D0,0.0D0,0.0D0,0.0D0;  0000385P   3632
126,12,3,0,0,1,0,0.0D0,0.0D0,0.0D0,0.0D0,10.67298157898501D0,    0000387P   3633
16.22641640180833D0,21.80428849921608D0,26.48117313808624D0,     0000387P   3634
29.45721996414616D0,32.72468603944753D0,37.95102859071105D0,     0000387P   3635
44.25689859943903D0,50.54341141511376D0,56.8044098427681D0,      0000387P   3636
56.8044098427681D0,56.8044098427681D0,56.8044098427681D0,1.0D0,  0000387P   3637
1.0D0,1.0D0,1.0D0,1.0D0,1.0D0,1.0D0,1.0D0,1.0D0,1.0D0,1.0D0,     0000387P   3638
1.0D0,1.0D0,-32.87577511978122D0,19.40005573603844D0,            0000387P   3639
260.0072497331793D0,-29.62889424141862D0,20.34396776330652D0,    0000387P   3640
258.9010205222575D0,-23.88679330910118D0,22.17421093060156D0,    0000387P   3641
258.574835772349D0,-18.10407790895693D0,24.19940057516689D0,     0000387P   3642
262.8251380208321D0,-15.12948261710385D0,25.76918087425461D0,    0000387P   3643
266.9612937428931D0,-13.02926493299144D0,27.11190663912417D0,    0000387P   3644
270.4716838025505D0,-11.04671242357595D0,30.14738904487486D0,    0000387P   3645
272.752213824203D0,-10.94128014008258D0,33.6730299289385D0,      0000387P   3646
269.9477424045579D0,-11.62533323892983D0,36.47905222772722D0,    0000387P   3647
266.2393070153125D0,-12.79994902744672D0,40.31413767310315D0,    0000387P   3648
261.7385779610026D0,-14.46584430235169D0,45.16188025179866D0,    0000387P   3649
257.9323327993459D0,-15.76406802848151D0,49.18881089060001D0,    0000387P   3650
257.0465283200971D0,-16.40189099347361D0,51.17316113404024D0,    0000387P   3651
256.9411585472459D0,0.0D0,56.8044098427681D0,0.0D0,0.0D0,0.0D0;  0000387P   3652
126,12,3,0,0,1,0,0.0D0,0.0D0,0.0D0,0.0D0,10.67298157898501D0,    0000389P   3653
16.22641640180833D0,21.80428849921608D0,26.48117313808624D0,     0000389P   3654
29.45721996414616D0,32.72468603944753D0,37.95102859071105D0,     0000389P   3655
44.25689859943903D0,50.54341141511376D0,56.8044098427681D0,      0000389P   3656
56.8044098427681D0,56.8044098427681D0,56.8044098427681D0,1.0D0,  0000389P   3657
1.0D0,1.0D0,1.0D0,1.0D0,1.0D0,1.0D0,1.0D0,1.0D0,1.0D0,1.0D0,     0000389P   3658
1.0D0,1.0D0,-48.2613917684376D0,16.94526519717536D0,             0000389P   3659
151.32144950136D0,-45.69560975472614D0,18.83905824287801D0,      0000389P   3660
149.7443448825227D0,-40.94238181893213D0,22.36801557155008D0,    0000389P   3661
148.5691027703504D0,-35.46578315177551D0,26.17047603039063D0,    0000389P   3662
151.9089262981485D0,-32.49515093148388D0,28.66013463752837D0,    0000389P   3663
155.5691388229243D0,-30.37449326971522D0,30.65030088043886D0,    0000389P   3664
158.7438379548747D0,-29.09132311380442D0,34.19088579690436D0,    0000389P   3665
160.7842344526532D0,-30.54707044825042D0,37.52569443572716D0,    0000389P   3666
158.1260074882885D0,-32.66535919960607D0,39.91519376842767D0,    0000389P   3667
154.6767570589265D0,-35.69236823297927D0,43.11540802525916D0,    0000389P   3668
150.5609327591627D0,-39.38130091594642D0,47.13511372196417D0,    0000389P   3669
147.2447513438452D0,-41.99447255373858D0,50.53861683818825D0,    0000389P   3670
146.7215828073751D0,-43.2264059475982D0,52.22183050083013D0,     0000389P   3671
146.7901298082764D0,0.0D0,56.8044098427681D0,0.0D0,0.0D0,0.0D0;  0000389P   3672
126,12,3,0,0,1,0,0.0D0,0.0D0,0.0D0,0.0D0,10.67298157898501D0,    0000391P   3673
16.22641640180833D0,21.80428849921608D0,26.48117313808624D0,     0000391P   3674
29.45721996414616D0,32.72468603944753D0,37.95102859071105D0,     0000391P   3675
44.25689859943903D0,50.54341141511376D0,56.8044098427681D0,      0000391P   3676
56.8044098427681D0,56.8044098427681D0,56.8044098427681D0,1.0D0,  0000391P   3677
1.0D0,1.0D0,1.0D0,1.0D0,1.0D0,1.0D0,1.0D0,1.0D0,1.0D0,1.0D0,     0000391P   3678
1.0D0,1.0D0,-23.31063114941312D0,-31.37903098299114D0,           0000391P   3679
44.2537252831473D0,-24.91504600312227D0,-32.8850740198524D0,     0000391P   3680
47.04919228687208D0,-26.33818683399462D0,-34.93349525790498D0,   0000391P   3681
52.54524089168109D0,-23.9209295476166D0,-35.03021147967193D0,    0000391P   3682
59.59887632901982D0,-20.83449751173106D0,-34.64104707770093D0,   0000391P   3683
63.92816031727395D0,-18.06392790778455D0,-34.29940495516448D0,   0000391P   3684
67.20594766562978D0,-15.50096046815418D0,-36.02015348090734D0,   0000391P   3685
70.17507337573676D0,-16.25419576207385D0,-40.44552611115896D0,   0000391P   3686
69.78133078367483D0,-17.80383738736734D0,-44.61624784525517D0,   0000391P   3687
68.26545682141911D0,-19.37187575858435D0,-50.04114851292277D0,   0000391P   3688
66.15456292152564D0,-19.74185801149449D0,-56.01499066814841D0,   0000391P   3689
63.93203273188511D0,-18.20561064544624D0,-59.9241799504828D0,    0000391P   3690
62.91007971268487D0,-17.17673388163866D0,-61.6967745118702D0,    0000391P   3691
62.51652166337069D0,0.0D0,56.8044098427681D0,0.0D0,0.0D0,0.0D0;  0000391P   3692
126,12,3,0,0,1,0,0.0D0,0.0D0,0.0D0,0.0D0,10.67298157898501D0,    0000393P   3693
16.22641640180833D0,21.80428849921608D0,26.48117313808624D0,     0000393P   3694
29.45721996414616D0,32.72468603944753D0,37.95102859071105D0,     0000393P   3695
44.25689859943903D0,50.54341141511376D0,56.8044098427681D0,      0000393P   3696
56.8044098427681D0,56.8044098427681D0,56.8044098427681D0,1.0D0,  0000393P   3697
1.0D0,1.0D0,1.0D0,1.0D0,1.0D0,1.0D0,1.0D0,1.0D0,1.0D0,1.0D0,     0000393P   3698
1.0D0,1.0D0,2.485254939142493D0,24.87191922948172D0,             0000393P   3699
110.9709288488777D0,0.8819584076388338D0,26.46839776788784D0,    0000393P   3700
108.2254516719426D0,-0.5445380570621055D0,30.09112983524362D0,   0000393P   3701
103.6136375100566D0,2.089437954384913D0,35.76210876324204D0,     0000393P   3702
99.55058101668848D0,4.988864111582849D0,39.91193574447333D0,     0000393P   3703
97.87951085668416D0,7.472138984457864D0,43.27645319398431D0,     0000393P   3704
96.85479947832991D0,8.139371001144887D0,47.48737704447288D0,     0000393P   3705
96.44442546701279D0,4.114720806806268D0,49.28808059033307D0,     0000393P   3706
97.37500437636253D0,-0.3769165052565953D0,49.81687700642188D0,   0000393P   3707
98.65553216862864D0,-5.986442396759763D0,50.67796583596001D0,    0000393P   3708
100.6892258388939D0,-11.36040829144681D0,52.46558950523074D0,    0000393P   3709
103.6368027397883D0,-13.76861258110817D0,54.91484465489066D0,    0000393P   3710
106.2612848028594D0,-14.65553203045842D0,56.25792995973974D0,    0000393P   3711
107.5898413754622D0,0.0D0,56.8044098427681D0,0.0D0,0.0D0,0.0D0;  0000393P   3712
126,12,3,0,0,1,0,0.0D0,0.0D0,0.0D0,0.0D0,10.67298157898501D0,    0000395P   3713
16.22641640180833D0,21.80428849921608D0,26.48117313808624D0,     0000395P   3714
29.45721996414616D0,32.72468603944753D0,37.95102859071105D0,     0000395P   3715
44.25689859943903D0,50.54341141511376D0,56.8044098427681D0,      0000395P   3716
56.8044098427681D0,56.8044098427681D0,56.8044098427681D0,1.0D0,  0000395P   3717
1.0D0,1.0D0,1.0D0,1.0D0,1.0D0,1.0D0,1.0D0,1.0D0,1.0D0,1.0D0,     0000395P   3718
1.0D0,1.0D0,1.552019688996339D0,-59.59088438377771D0,            0000395P   3719
100.8251031941848D0,2.784135744632962D0,-58.87045554202226D0,    0000395P   3720
104.0839098361941D0,3.770255112906057D0,-56.51319661298731D0,    0000395P   3721
109.5518901390505D0,1.248861675880406D0,-51.30918962120505D0,    0000395P   3722
114.2600900141818D0,-1.271144095040739D0,-47.07286357838839D0,   0000395P   3723
116.2906869875699D0,-3.375210276950796D0,-43.55124333704362D0,   0000395P   3724
117.5975004972714D0,-3.46980969018648D0,-39.44302905787858D0,    0000395P   3725
118.8054373562793D0,0.8843936788714615D0,-38.29612179765125D0,   0000395P   3726
118.9838646824158D0,5.570003000536019D0,-38.39808384398162D0,    0000395P   3727
118.6249052900216D0,11.54053700846129D0,-38.25060348182937D0,    0000395P   3728
117.8032375668731D0,17.60900656200361D0,-36.99423701098691D0,    0000395P   3729
116.2674843394451D0,20.84237787688906D0,-34.59845076070256D0,    0000395P   3730
114.6889651057058D0,22.17340647261712D0,-33.22319659252258D0,    0000395P   3731
113.8567357727686D0,0.0D0,56.8044098427681D0,0.0D0,0.0D0,0.0D0;  0000395P   3732
126,12,3,0,0,1,0,0.0D0,0.0D0,0.0D0,0.0D0,10.67298157898501D0,    0000397P   3733
16.22641640180833D0,21.80428849921608D0,26.48117313808624D0,     0000397P   3734
29.45721996414616D0,32.72468603944753D0,37.95102859071105D0,     0000397P   3735
44.25689859943903D0,50.54341141511376D0,56.8044098427681D0,      0000397P   3736
56.8044098427681D0,56.8044098427681D0,56.8044098427681D0,1.0D0,  0000397P   3737
1.0D0,1.0D0,1.0D0,1.0D0,1.0D0,1.0D0,1.0D0,1.0D0,1.0D0,1.0D0,     0000397P   3738
1.0D0,1.0D0,51.61196552928814D0,-46.65421278154939D0,            0000397P   3739
173.337266867385D0,52.47749793430864D0,-45.13925175654988D0,     0000397P   3740
176.4377015416181D0,52.78131696886987D0,-41.57196988815238D0,    0000397P   3741
181.2967244603811D0,49.48922867535157D0,-35.69865058671553D0,    0000397P   3742
184.5018039835803D0,46.51730085619627D0,-31.34982542012148D0,    0000397P   3743
185.3237384110042D0,44.07407125496198D0,-27.81856997271517D0,    0000397P   3744
185.6360351481961D0,43.59828365312097D0,-23.56885308708257D0,    0000397P   3745
185.878970567132D0,47.83192282974431D0,-22.04716063402178D0,     0000397P   3746
186.1379511722896D0,52.52709426651057D0,-21.82889921289384D0,    0000397P   3747
186.1816541581275D0,58.5266648545923D0,-21.36048445726823D0,     0000397P   3748
185.8212307687454D0,64.61991977106177D0,-19.9613240089864D0,     0000397P   3749
184.5258883546451D0,67.82728809762654D0,-17.70304173094222D0,    0000397P   3750
182.7095309122122D0,69.13983983272482D0,-16.43494377574862D0,    0000397P   3751
181.6972550945283D0,0.0D0,56.8044098427681D0,0.0D0,0.0D0,0.0D0;  0000397P   3752
126,12,3,0,0,1,0,0.0D0,0.0D0,0.0D0,0.0D0,10.67298157898501D0,    0000399P   3753
16.22641640180833D0,21.80428849921608D0,26.48117313808624D0,     0000399P   3754
29.45721996414616D0,32.72468603944753D0,37.95102859071105D0,     0000399P   3755
44.25689859943903D0,50.54341141511376D0,56.8044098427681D0,      0000399P   3756
56.8044098427681D0,56.8044098427681D0,56.8044098427681D0,1.0D0,  0000399P   3757
1.0D0,1.0D0,1.0D0,1.0D0,1.0D0,1.0D0,1.0D0,1.0D0,1.0D0,1.0D0,     0000399P   3758
1.0D0,1.0D0,-18.15540865160866D0,-30.82087195682222D0,           0000399P   3759
63.63566767419766D0,-21.43015572685256D0,-31.93071489510473D0,   0000399P   3760
64.47306164725974D0,-26.92939125075142D0,-32.57159047779834D0,   0000399P   3761
66.87630878386886D0,-31.67429202880829D0,-29.36898916305651D0,   0000399P   3762
71.65496143123619D0,-33.73163710822958D0,-26.30846294470163D0,   0000399P   3763
75.5047305133759D0,-35.0606520477546D0,-23.75726991962262D0,     0000399P   3764
78.70813473553591D0,-36.31103248497704D0,-23.12277458334979D0,   0000399P   3765
82.75528799410291D0,-36.53198450066147D0,-27.28990961974429D0,   0000399P   3766
84.45601882189676D0,-36.20477925745317D0,-31.95095182951614D0,   0000399P   3767
84.96768772567331D0,-35.42651980572897D0,-37.85615650259749D0,   0000399P   3768
85.89883467384911D0,-33.94657843319692D0,-43.71831660615082D0,   0000399P   3769
87.95021710066726D0,-32.41601187997763D0,-46.62161418251142D0,   0000399P   3770
90.7634774863276D0,-31.60762794457315D0,-47.76722047373638D0,    0000399P   3771
92.30933273531733D0,0.0D0,56.8044098427681D0,0.0D0,0.0D0,0.0D0;  0000399P   3772
126,12,3,0,0,1,0,0.0D0,0.0D0,0.0D0,0.0D0,10.67298157898501D0,    0000401P   3773
16.22641640180833D0,21.80428849921608D0,26.48117313808624D0,     0000401P   3774
29.45721996414616D0,32.72468603944753D0,37.95102859071105D0,     0000401P   3775
44.25689859943903D0,50.54341141511376D0,56.8044098427681D0,      0000401P   3776
56.8044098427681D0,56.8044098427681D0,56.8044098427681D0,1.0D0,  0000401P   3777
1.0D0,1.0D0,1.0D0,1.0D0,1.0D0,1.0D0,1.0D0,1.0D0,1.0D0,1.0D0,     0000401P   3778
1.0D0,1.0D0,5.291549590127516D0,-62.60191494357868D0,            0000401P   3779
34.64989302233004D0,7.230035698580778D0,-64.96377499184581D0,    0000401P   3780
36.47220944390128D0,10.15335855660362D0,-68.02024505617621D0,    0000401P   3781
40.77802921173147D0,11.43756877146075D0,-68.06703743311664D0,    0000401P   3782
48.1234273831377D0,11.79459032244836D0,-66.60697178767552D0,     0000401P   3783
53.2382055228021D0,12.0215578069155D0,-65.0949643663298D0,       0000401P   3784
57.26300172758503D0,14.22946476922009D0,-63.57552260646032D0,    0000401P   3785
60.60394899625626D0,18.52256117912573D0,-63.93839018420081D0,    0000401P   3786
59.28335447496288D0,22.37257482145289D0,-64.69376073840284D0,    0000401P   3787
56.69472682709829D0,27.36029784284409D0,-65.20840328667751D0,    0000401P   3788
53.34779886945321D0,32.87905992602616D0,-64.52996768962014D0,    0000401P   3789
50.20991620485911D0,36.57462076815744D0,-62.55259272468849D0,    0000401P   3790
49.15207732373014D0,38.26425244599358D0,-61.36583549929697D0,    0000401P   3791
48.84823708021884D0,0.0D0,56.8044098427681D0,0.0D0,0.0D0,0.0D0;  0000401P   3792
126,12,3,0,0,1,0,0.0D0,0.0D0,0.0D0,0.0D0,10.67298157898501D0,    0000403P   3793
16.22641640180833D0,21.80428849921608D0,26.48117313808624D0,     0000403P   3794
29.45721996414616D0,32.72468603944753D0,37.95102859071105D0,     0000403P   3795
44.25689859943903D0,50.54341141511376D0,56.8044098427681D0,      0000403P   3796
56.8044098427681D0,56.8044098427681D0,56.8044098427681D0,1.0D0,  0000403P   3797
1.0D0,1.0D0,1.0D0,1.0D0,1.0D0,1.0D0,1.0D0,1.0D0,1.0D0,1.0D0,     0000403P   3798
1.0D0,1.0D0,-35.9250602909562D0,-6.59965278691493D0,             0000403P   3799
263.3563572253948D0,-34.0687792837893D0,-5.293053419378651D0,    0000403P   3800
260.6170202005329D0,-29.70954862759024D0,-3.753325286484767D0,   0000403P   3801
256.7370388832771D0,-22.41346577255618D0,-4.592730623421602D0,   0000403P   3802
255.445205553555D0,-17.22712801910862D0,-5.667728882249008D0,    0000403P   3803
256.0505905100399D0,-13.09915971394719D0,-6.559372018571452D0,   0000403P   3804
256.8881556479706D0,-9.072059916140944D0,-5.357801604530437D0,   0000403P   3805
257.7153078869692D0,-9.202303148602908D0,-0.8732011146531704D0,  0000403P   3806
257.2937456733157D0,-10.72105494893609D0,3.537258424116914D0,    0000403P   3807
256.7145890059048D0,-12.6034563252054D0,9.256887825598852D0,     0000403P   3808
256.4203625410868D0,-13.93917613722485D0,15.44687415917521D0,    0000403P   3809
257.2347575194602D0,-13.58742344439821D0,19.32313856889303D0,    0000403P   3810
259.1154619240131D0,-13.20840558146222D0,21.04940775613406D0,    0000403P   3811
260.2253749679498D0,0.0D0,56.8044098427681D0,0.0D0,0.0D0,0.0D0;  0000403P   3812
126,12,3,0,0,1,0,0.0D0,0.0D0,0.0D0,0.0D0,10.67298157898501D0,    0000405P   3813
16.22641640180833D0,21.80428849921608D0,26.48117313808624D0,     0000405P   3814
29.45721996414616D0,32.72468603944753D0,37.95102859071105D0,     0000405P   3815
44.25689859943903D0,50.54341141511376D0,56.8044098427681D0,      0000405P   3816
56.8044098427681D0,56.8044098427681D0,56.8044098427681D0,1.0D0,  0000405P   3817
1.0D0,1.0D0,1.0D0,1.0D0,1.0D0,1.0D0,1.0D0,1.0D0,1.0D0,1.0D0,     0000405P   3818
1.0D0,1.0D0,-39.78141677274931D0,20.55799387199836D0,            0000405P   3819
184.7974550792576D0,-40.94857826932514D0,21.89077576061383D0,    0000405P   3820
187.8826414429776D0,-41.40647687060587D0,24.56301050037894D0,    0000405P   3821
193.2749878734253D0,-37.42618565407327D0,28.32080673016522D0,    0000405P   3822
198.3388311792532D0,-33.37049285167444D0,30.40553468787316D0,    0000405P   3823
201.1002577543728D0,-29.87987466978257D0,31.87330129358055D0,    0000405P   3824
203.1491381976055D0,-27.11751682633283D0,31.80355697925945D0,    0000405P   3825
206.4217518233214D0,-28.90530836919424D0,28.78147385582619D0,    0000405P   3826
209.2461339765937D0,-31.66215427136464D0,25.45982866891832D0,    0000405P   3827
211.1064180257453D0,-34.859326595515D0,20.90104732169182D0,      0000405P   3828
213.4172114830112D0,-37.07416940592017D0,15.50167972079315D0,    0000405P   3829
216.0065392418022D0,-36.73902484293598D0,11.66688721951123D0,    0000405P   3830
217.9733258042626D0,-36.25630287726759D0,9.864512853116096D0,    0000405P   3831
218.9082017102342D0,0.0D0,56.8044098427681D0,0.0D0,0.0D0,0.0D0;  0000405P   3832
126,12,3,0,0,1,0,0.0D0,0.0D0,0.0D0,0.0D0,10.67298157898501D0,    0000407P   3833
16.22641640180833D0,21.80428849921608D0,26.48117313808624D0,     0000407P   3834
29.45721996414616D0,32.72468603944753D0,37.95102859071105D0,     0000407P   3835
44.25689859943903D0,50.54341141511376D0,56.8044098427681D0,      0000407P   3836
56.8044098427681D0,56.8044098427681D0,56.8044098427681D0,1.0D0,  0000407P   3837
1.0D0,1.0D0,1.0D0,1.0D0,1.0D0,1.0D0,1.0D0,1.0D0,1.0D0,1.0D0,     0000407P   3838
1.0D0,1.0D0,-42.59838468032399D0,28.02117482979196D0,            0000407P   3839
119.7499019488595D0,-39.89953173400002D0,26.83500712935283D0,    0000407P   3840
121.7414208117248D0,-34.82817186398048D0,26.32163436219169D0,    0000407P   3841
124.9733965433968D0,-29.08588925446206D0,30.29719504234414D0,    0000407P   3842
127.5863196976111D0,-25.52262151384984D0,34.18446450828705D0,    0000407P   3843
128.3689247082747D0,-22.76620446073055D0,37.47485023668224D0,    0000407P   3844
128.7038753895571D0,-18.94613726816449D0,39.28270642560666D0,    0000407P   3845
128.0080106668428D0,-16.52956185825179D0,35.96092663358358D0,    0000407P   3846
126.1553742063082D0,-15.26563453932827D0,31.846441843969D0,      0000407P   3847
124.266542432947D0,-13.63210966561341D0,26.77958019966916D0,     0000407P   3848
121.4376426099143D0,-11.48006435669309D0,22.23097972400856D0,    0000407P   3849
117.5079795062809D0,-9.389214346506385D0,20.70131579139468D0,    0000407P   3850
114.0475345527492D0,-8.321649864968144D0,20.27453705999088D0,    0000407P   3851
112.3057731441393D0,0.0D0,56.8044098427681D0,0.0D0,0.0D0,0.0D0;  0000407P   3852
126,12,3,0,0,1,0,0.0D0,0.0D0,0.0D0,0.0D0,10.67298157898501D0,    0000409P   3853
16.22641640180833D0,21.80428849921608D0,26.48117313808624D0,     0000409P   3854
29.45721996414616D0,32.72468603944753D0,37.95102859071105D0,     0000409P   3855
44.25689859943903D0,50.54341141511376D0,56.8044098427681D0,      0000409P   3856
56.8044098427681D0,56.8044098427681D0,56.8044098427681D0,1.0D0,  0000409P   3857
1.0D0,1.0D0,1.0D0,1.0D0,1.0D0,1.0D0,1.0D0,1.0D0,1.0D0,1.0D0,     0000409P   3858
1.0D0,1.0D0,-14.87180844764633D0,-4.570163888389626D0,           0000409P   3859
61.28672278456291D0,-11.98840513337047D0,-2.612823536350703D0,   0000409P   3860
60.57135400267626D0,-6.7710174614158D0,0.4058181903943137D0,     0000409P   3861
60.87888882267749D0,-1.132100813759092D0,1.956833473700847D0,    0000409P   3862
65.50525136042903D0,1.844017417360975D0,2.529278510510331D0,     0000409P   3863
69.89105099665073D0,3.953537792637634D0,2.932905851254933D0,     0000409P   3864
73.62249494334766D0,5.503540499686233D0,5.29088476061543D0,      0000409P   3865
76.84474759312906D0,4.658084562723745D0,9.524860078258001D0,     0000409P   3866
75.55440778453665D0,3.099908714818893D0,13.26205432953379D0,     0000409P   3867
73.16701381311367D0,0.7883916765927221D0,18.1129318135068D0,     0000409P   3868
70.43387619093825D0,-2.137477395692896D0,23.52536378540819D0,    0000409P   3869
68.72853524899585D0,-4.275451645430421D0,27.21768109462244D0,    0000409P   3870
69.42284338217367D0,-5.296728719641733D0,28.91793644105829D0,    0000409P   3871
70.07222132062708D0,0.0D0,56.8044098427681D0,0.0D0,0.0D0,0.0D0;  0000409P   3872
126,12,3,0,0,1,0,0.0D0,0.0D0,0.0D0,0.0D0,10.67298157898501D0,    0000411P   3873
16.22641640180833D0,21.80428849921608D0,26.48117313808624D0,     0000411P   3874
29.45721996414616D0,32.72468603944753D0,37.95102859071105D0,     0000411P   3875
44.25689859943903D0,50.54341141511376D0,56.8044098427681D0,      0000411P   3876
56.8044098427681D0,56.8044098427681D0,56.8044098427681D0,1.0D0,  0000411P   3877
1.0D0,1.0D0,1.0D0,1.0D0,1.0D0,1.0D0,1.0D0,1.0D0,1.0D0,1.0D0,     0000411P   3878
1.0D0,1.0D0,-37.25583394301555D0,40.06370755918311D0,            0000411P   3879
218.8248162637175D0,-37.03074169674866D0,38.68546484982998D0,    0000411P   3880
222.096930096606D0,-35.27845160374974D0,37.14284254914092D0,     0000411P   3881
227.6626919965456D0,-29.8776708726617D0,38.31314907739383D0,     0000411P   3882
232.6695083326635D0,-25.27155891565965D0,39.72375204691713D0,    0000411P   3883
234.9529582219299D0,-21.41993945640417D0,40.90624703233482D0,    0000411P   3884
236.4706532907073D0,-17.48191015486071D0,39.99722446432115D0,    0000411P   3885
237.8887817259689D0,-17.43591946560636D0,35.49441411099943D0,    0000411P   3886
238.0587915254235D0,-18.65133427117286D0,30.97477570564125D0,    0000411P   3887
237.623110042261D0,-19.91186572948035D0,25.14924998272878D0,     0000411P   3888
236.7184138841067D0,-20.08380369970172D0,18.96115761634728D0,    0000411P   3889
235.1559582506855D0,-18.46245136886583D0,15.24662317954244D0,    0000411P   3890
233.6527432543045D0,-17.40842412239653D0,13.62348695368409D0,    0000411P   3891
232.8717040950109D0,0.0D0,56.8044098427681D0,0.0D0,0.0D0,0.0D0;  0000411P   3892
126,12,3,0,0,1,0,0.0D0,0.0D0,0.0D0,0.0D0,10.67298157898501D0,    0000413P   3893
16.22641640180833D0,21.80428849921608D0,26.48117313808624D0,     0000413P   3894
29.45721996414616D0,32.72468603944753D0,37.95102859071105D0,     0000413P   3895
44.25689859943903D0,50.54341141511376D0,56.8044098427681D0,      0000413P   3896
56.8044098427681D0,56.8044098427681D0,56.8044098427681D0,1.0D0,  0000413P   3897
1.0D0,1.0D0,1.0D0,1.0D0,1.0D0,1.0D0,1.0D0,1.0D0,1.0D0,1.0D0,     0000413P   3898
1.0D0,1.0D0,-30.38197579835094D0,20.44996211889829D0,            0000413P   3899
161.724383985179D0,-26.90125074760149D0,20.7201382925154D0,      0000413P   3900
161.0399087285848D0,-20.89526005143398D0,21.1440432801527D0,     0000413P   3901
161.4597777300953D0,-15.32825066972392D0,21.15971153289022D0,    0000413P   3902
166.4210699759512D0,-12.5677083821447D0,21.42617537182057D0,     0000413P   3903
170.97393882931D0,-10.63294656122751D0,21.76428197756663D0,      0000413P   3904
174.8052631161222D0,-8.288653523950817D0,23.91699831923787D0,    0000413P   3905
177.6715477453151D0,-7.06889694550495D0,27.64336753065725D0,     0000413P   3906
175.4505826526328D0,-6.672484508177354D0,30.98264876788022D0,    0000413P   3907
172.1663413676763D0,-6.427368673641809D0,35.53142049112746D0,    0000413P   3908
168.2175746384654D0,-6.507660358979789D0,41.08366980227144D0,    0000413P   3909
165.066479870127D0,-6.751333699237389D0,45.38379880616336D0,     0000413P   3910
164.6980797596548D0,-6.907364127670442D0,47.45991143364321D0,    0000413P   3911
164.8429164807065D0,0.0D0,56.8044098427681D0,0.0D0,0.0D0,0.0D0;  0000413P   3912
126,12,3,0,0,1,0,0.0D0,0.0D0,0.0D0,0.0D0,10.67298157898501D0,    0000415P   3913
16.22641640180833D0,21.80428849921608D0,26.48117313808624D0,     0000415P   3914
29.45721996414616D0,32.72468603944753D0,37.95102859071105D0,     0000415P   3915
44.25689859943903D0,50.54341141511376D0,56.8044098427681D0,      0000415P   3916
56.8044098427681D0,56.8044098427681D0,56.8044098427681D0,1.0D0,  0000415P   3917
1.0D0,1.0D0,1.0D0,1.0D0,1.0D0,1.0D0,1.0D0,1.0D0,1.0D0,1.0D0,     0000415P   3918
1.0D0,1.0D0,50.87015479570464D0,-39.54647436449368D0,            0000415P   3919
166.7771856863618D0,50.49413085297988D0,-36.54371572555354D0,    0000415P   3920
168.6477457552617D0,51.13027303952539D0,-31.01546601555243D0,    0000415P   3921
170.9847711983825D0,55.24209495072675D0,-24.82090724814395D0,    0000415P   3922
170.4132627149214D0,59.14137393129225D0,-21.39279595776591D0,    0000415P   3923
169.203350359683D0,62.48505341701775D0,-18.90344903766203D0,     0000415P   3924
168.1264916970198D0,66.08692963292215D0,-16.79717647916507D0,    0000415P   3925
169.0937500402224D0,66.42458378369442D0,-17.28233426507808D0,    0000415P   3926
173.5610681563436D0,65.6632274104109D0,-18.63326503741087D0,     0000415P   3927
177.9983539642192D0,65.05309771264335D0,-20.63756554565336D0,    0000415P   3928
183.6512015536061D0,65.67008031959884D0,-23.08802387686902D0,    0000415P   3929
189.5144688881708D0,67.84106625871387D0,-24.72207149888028D0,    0000415P   3930
192.8764494368095D0,69.15282842677982D0,-25.47929906490052D0,    0000415P   3931
194.31222561715D0,0.0D0,56.8044098427681D0,0.0D0,0.0D0,0.0D0;    0000415P   3932
126,12,3,0,0,1,0,0.0D0,0.0D0,0.0D0,0.0D0,10.67298157898501D0,    0000417P   3933
16.22641640180833D0,21.80428849921608D0,26.48117313808624D0,     0000417P   3934
29.45721996414616D0,32.72468603944753D0,37.95102859071105D0,     0000417P   3935
44.25689859943903D0,50.54341141511376D0,56.8044098427681D0,      0000417P   3936
56.8044098427681D0,56.8044098427681D0,56.8044098427681D0,1.0D0,  0000417P   3937
1.0D0,1.0D0,1.0D0,1.0D0,1.0D0,1.0D0,1.0D0,1.0D0,1.0D0,1.0D0,     0000417P   3938
1.0D0,1.0D0,24.6132130628021D0,-9.544173615151763D0,             0000417P   3939
128.9517455766983D0,23.07273400083847D0,-6.765938838876458D0,    0000417P   3940
130.5533960404828D0,21.87280779418509D0,-1.385243709491192D0,    0000417P   3941
133.0102653252882D0,24.85397649813278D0,5.349805258787015D0,     0000417P   3942
134.1756014366649D0,28.32525810589971D0,9.368972621990281D0,     0000417P   3943
134.6411217917478D0,31.38801556928672D0,12.37360760230681D0,     0000417P   3944
134.9993822092798D0,33.95098710291668D0,14.88947349156872D0,     0000417P   3945
137.333280410342D0,32.5976348613295D0,14.13713202026223D0,       0000417P   3946
141.5651522862538D0,30.39431449409864D0,12.37780339728414D0,     0000417P   3947
145.3260464585571D0,27.95860115482961D0,9.907245183908572D0,     0000417P   3948
150.2563413064852D0,26.62532407013541D0,7.153161898824948D0,     0000417P   3949
155.8599753845756D0,27.54662627414886D0,5.602825912486665D0,     0000417P   3950
159.7885712363533D0,28.29860003067112D0,4.936050720757578D0,     0000417P   3951
161.6176456267321D0,0.0D0,56.8044098427681D0,0.0D0,0.0D0,0.0D0;  0000417P   3952
126,12,3,0,0,1,0,0.0D0,0.0D0,0.0D0,0.0D0,10.67298157898501D0,    0000419P   3953
16.22641640180833D0,21.80428849921608D0,26.48117313808624D0,     0000419P   3954
29.45721996414616D0,32.72468603944753D0,37.95102859071105D0,     0000419P   3955
44.25689859943903D0,50.54341141511376D0,56.8044098427681D0,      0000419P   3956
56.8044098427681D0,56.8044098427681D0,56.8044098427681D0,1.0D0,  0000419P   3957
1.0D0,1.0D0,1.0D0,1.0D0,1.0D0,1.0D0,1.0D0,1.0D0,1.0D0,1.0D0,     0000419P   3958
1.0D0,1.0D0,-31.17536414768377D0,34.5564611536742D0,             0000419P   3959
19.41251717140303D0,-27.66597548548111D0,34.46225896722364D0,    0000419P   3960
18.83609233999296D0,-21.65981089193145D0,34.49744111776733D0,    0000419P   3961
19.42994312166921D0,-16.25374091696424D0,34.84185001323263D0,    0000419P   3962
24.55459429394072D0,-13.61252273892602D0,35.58065849065821D0,    0000419P   3963
29.12606452402428D0,-11.76775738750493D0,36.34345971379354D0,    0000419P   3964
32.94072574927409D0,-9.343287274932601D0,38.72070338742632D0,    0000419P   3965
35.55150001322081D0,-7.768559702602884D0,41.97214664922855D0,    0000419P   3966
32.85805067424757D0,-7.014442351417534D0,44.74400263692834D0,    0000419P   3967
29.1375259500126D0,-6.296072738395857D0,48.62022120392551D0,     0000419P   3968
24.57649104944121D0,-5.845234076390626D0,53.6292682045968D0,     0000419P   3969
20.64336124573651D0,-5.736356579667008D0,57.83203740881952D0,    0000419P   3970
19.63783576370985D0,-5.731296147140925D0,59.91225194356226D0,    0000419P   3971
19.46976228629288D0,0.0D0,56.8044098427681D0,0.0D0,0.0D0,0.0D0;  0000419P   3972
126,12,3,0,0,1,0,0.0D0,0.0D0,0.0D0,0.0D0,10.67298157898501D0,    0000421P   3973
16.22641640180833D0,21.80428849921608D0,26.48117313808624D0,     0000421P   3974
29.45721996414616D0,32.72468603944753D0,37.95102859071105D0,     0000421P   3975
44.25689859943903D0,50.54341141511376D0,56.8044098427681D0,      0000421P   3976
56.8044098427681D0,56.8044098427681D0,56.8044098427681D0,1.0D0,  0000421P   3977
1.0D0,1.0D0,1.0D0,1.0D0,1.0D0,1.0D0,1.0D0,1.0D0,1.0D0,1.0D0,     0000421P   3978
1.0D0,1.0D0,-41.48245612511011D0,-8.449286955350807D0,           0000421P   3979
42.85247430410797D0,-38.78763024513846D0,-9.798615051850518D0,   0000421P   3980
44.74302332098807D0,-34.58369409699162D0,-10.89902193753932D0,   0000421P   3981
48.93157142357172D0,-32.13929795565842D0,-8.555623601955986D0,   0000421P   3982
55.57534079374117D0,-31.29156891564469D0,-5.61319304758625D0,    0000421P   3983
59.93924608628413D0,-30.75867421183041D0,-2.965805784246626D0,   0000421P   3984
63.29245784276459D0,-28.4373274945572D0,-0.1727427841895803D0,   0000421P   3985
65.56305986949391D0,-24.44903258543803D0,-0.1656246972125288D0,  0000421P   3986
63.46549637721964D0,-21.00440733592029D0,-0.9776066173215554D0,  0000421P   3987
60.37204764298295D0,-16.64601843880896D0,-1.591496231647547D0,   0000421P   3988
56.25236920805189D0,-12.01422817013366D0,-0.9310635314945799D0,  0000421P   3989
51.90798605707908D0,-9.087530089825568D0,1.250535108773946D0,    0000421P   3990
49.59254430489437D0,-7.784156260330123D0,2.566721496412136D0,    0000421P   3991
48.63106790584673D0,0.0D0,56.8044098427681D0,0.0D0,0.0D0,0.0D0;  0000421P   3992
126,12,3,0,0,1,0,0.0D0,0.0D0,0.0D0,0.0D0,10.67298157898501D0,    0000423P   3993
16.22641640180833D0,21.80428849921608D0,26.48117313808624D0,     0000423P   3994
29.45721996414616D0,32.72468603944753D0,37.95102859071105D0,     0000423P   3995
44.25689859943903D0,50.54341141511376D0,56.8044098427681D0,      0000423P   3996
56.8044098427681D0,56.8044098427681D0,56.8044098427681D0,1.0D0,  0000423P   3997
1.0D0,1.0D0,1.0D0,1.0D0,1.0D0,1.0D0,1.0D0,1.0D0,1.0D0,1.0D0,     0000423P   3998
1.0D0,1.0D0,-40.89082171963426D0,-10.11350096392586D0,           0000423P   3999
169.3099379168573D0,-39.13458130503102D0,-10.60085449708527D0,   0000423P   4000
172.3652700690833D0,-37.12038020148654D0,-10.27321307810203D0,   0000423P   4001
178.0453717120534D0,-38.3393075057989D0,-6.802205587078603D0,    0000423P   4002
184.5317098872522D0,-40.04714251082481D0,-3.345391278811974D0,   0000423P   4003
188.2132782933296D0,-41.53003630223847D0,-0.3436660304068226D0,  0000423P   4004
190.9201836680553D0,-40.98432858835994D0,3.121330245296278D0,    0000423P   4005
193.378127721171D0,-36.54702113358653D0,3.877023640596377D0,     0000423P   4006
193.1647042044204D0,-32.00217351031748D0,3.618031114593848D0,    0000423P   4007
191.9936082338484D0,-26.23118203281734D0,3.670775652709651D0,    0000423P   4008
190.2508976943162D0,-20.33918471889044D0,4.99935125496593D0,     0000423P   4009
188.1814601067939D0,-17.11146796904953D0,7.585132101700381D0,    0000423P   4010
186.9237690542224D0,-15.7644313290256D0,9.076460051529622D0,     0000423P   4011
186.3607414804442D0,0.0D0,56.8044098427681D0,0.0D0,0.0D0,0.0D0;  0000423P   4012
126,12,3,0,0,1,0,0.0D0,0.0D0,0.0D0,0.0D0,10.67298157898501D0,    0000425P   4013
16.22641640180833D0,21.80428849921608D0,26.48117313808624D0,     0000425P   4014
29.45721996414616D0,32.72468603944753D0,37.95102859071105D0,     0000425P   4015
44.25689859943903D0,50.54341141511376D0,56.8044098427681D0,      0000425P   4016
56.8044098427681D0,56.8044098427681D0,56.8044098427681D0,1.0D0,  0000425P   4017
1.0D0,1.0D0,1.0D0,1.0D0,1.0D0,1.0D0,1.0D0,1.0D0,1.0D0,1.0D0,     0000425P   4018
1.0D0,1.0D0,-37.64905832385304D0,-43.51254623612189D0,           0000425P   4019
252.5072751770478D0,-37.58224414235043D0,-46.97367459303567D0,   0000425P   4020
253.3276865267452D0,-36.9590549982359D0,-52.29128085346829D0,    0000425P   4021
256.1138323608841D0,-35.17189175273933D0,-55.3163189208214D0,    0000425P   4022
262.6911761958977D0,-33.32677325248734D0,-56.00296757500763D0,   0000425P   4023
267.6453928686511D0,-31.67233402046449D0,-56.24501839851291D0,   0000425P   4024
271.6128741096438D0,-28.63749835601456D0,-57.49265832239993D0,   0000425P   4025
274.3658093028469D0,-25.87950689714956D0,-59.99712415843914D0,   0000425P   4026
271.8305669983856D0,-23.86007072925573D0,-62.13598676819683D0,   0000425P   4027
268.1643254460691D0,-20.93358655686682D0,-64.57010986265556D0,   0000425P   4028
263.4894030088456D0,-16.79580169932742D0,-66.52169086211379D0,   0000425P   4029
259.0359340820252D0,-12.88481511149547D0,-67.02921079665586D0,   0000425P   4030
257.2659588804752D0,-10.88671443002459D0,-67.10873897770028D0,   0000425P   4031
256.6686015774574D0,0.0D0,56.8044098427681D0,0.0D0,0.0D0,0.0D0;  0000425P   4032
126,12,3,0,0,1,0,0.0D0,0.0D0,0.0D0,0.0D0,10.67298157898501D0,    0000427P   4033
16.22641640180833D0,21.80428849921608D0,26.48117313808624D0,     0000427P   4034
29.45721996414616D0,32.72468603944753D0,37.95102859071105D0,     0000427P   4035
44.25689859943903D0,50.54341141511376D0,56.8044098427681D0,      0000427P   4036
56.8044098427681D0,56.8044098427681D0,56.8044098427681D0,1.0D0,  0000427P   4037
1.0D0,1.0D0,1.0D0,1.0D0,1.0D0,1.0D0,1.0D0,1.0D0,1.0D0,1.0D0,     0000427P   4038
1.0D0,1.0D0,-5.652238275276622D0,16.82012742523278D0,            0000427P   4039
39.07632603443399D0,-3.212336369916351D0,18.36991445050847D0,    0000427P   4040
41.15044929236763D0,1.926535483341091D0,20.31788548191355D0,     0000427P   4041
43.64550732696902D0,9.323347890251302D0,20.24908203587973D0,     0000427P   4042
42.70280270632998D0,14.22873154502717D0,19.02148348719448D0,     0000427P   4043
41.01448268406546D0,18.05079042622218D0,17.73973087837344D0,     0000427P   4044
39.50264892015363D0,21.77766652655882D0,15.67286276563448D0,     0000427P   4045
39.93152629791152D0,21.74962549929501D0,14.33022442877594D0,     0000427P   4046
44.23302086963629D0,20.40716380216718D0,13.45331200726644D0,     0000427P   4047
48.65150522700328D0,18.64534725618482D0,11.88823505910432D0,     0000427P   4048
54.20044217464569D0,17.15907878295442D0,9.030149857488951D0,     0000427P   4049
59.71276223181504D0,17.06727890360635D0,5.759294423144777D0,     0000427P   4050
62.53752457545274D0,17.17973639607325D0,4.011280042044433D0,     0000427P   4051
63.67214603135677D0,0.0D0,56.8044098427681D0,0.0D0,0.0D0,0.0D0;  0000427P   4052
126,12,3,0,0,1,0,0.0D0,0.0D0,0.0D0,0.0D0,10.67298157898501D0,    0000429P   4053
16.22641640180833D0,21.80428849921608D0,26.48117313808624D0,     0000429P   4054
29.45721996414616D0,32.72468603944753D0,37.95102859071105D0,     0000429P   4055
44.25689859943903D0,50.54341141511376D0,56.8044098427681D0,      0000429P   4056
56.8044098427681D0,56.8044098427681D0,56.8044098427681D0,1.0D0,  0000429P   4057
1.0D0,1.0D0,1.0D0,1.0D0,1.0D0,1.0D0,1.0D0,1.0D0,1.0D0,1.0D0,     0000429P   4058
1.0D0,1.0D0,33.01270143343478D0,27.13634940741409D0,             0000429P   4059
130.5291504237761D0,30.95572273783883D0,29.66890415963193D0,     0000429P   4060
131.9475838883694D0,28.21929065778512D0,33.54107551155657D0,     0000429P   4061
135.6820367468228D0,28.19831967373523D0,35.86818274579248D0,     0000429P   4062
142.7665545029708D0,29.01311333261191D0,36.17626814615487D0,     0000429P   4063
148.0259657033233D0,29.78211052570442D0,36.08846087874284D0,     0000429P   4064
152.2612459032688D0,28.52968023940512D0,35.47960012908133D0,     0000429P   4065
156.3117016842091D0,24.09663757222863D0,34.75739246414473D0,     0000429P   4066
155.9471905690293D0,19.79688072505546D0,34.03812543487697D0,     0000429P   4067
154.1896557001446D0,14.32452191507494D0,32.67667576266656D0,     0000429P   4068
152.0580111497696D0,8.624539300755721D0,30.19863309239553D0,     0000429P   4069
150.5975933576096D0,5.299917791130554D0,27.47203538085763D0,     0000429P   4070
151.043420146211D0,3.868941297012938D0,26.02268542058471D0,      0000429P   4071
151.4986758746572D0,0.0D0,56.8044098427681D0,0.0D0,0.0D0,0.0D0;  0000429P   4072
126,12,3,0,0,1,0,0.0D0,0.0D0,0.0D0,0.0D0,10.67298157898501D0,    0000431P   4073
16.22641640180833D0,21.80428849921608D0,26.48117313808624D0,     0000431P   4074
29.45721996414616D0,32.72468603944753D0,37.95102859071105D0,     0000431P   4075
44.25689859943903D0,50.54341141511376D0,56.8044098427681D0,      0000431P   4076
56.8044098427681D0,56.8044098427681D0,56.8044098427681D0,1.0D0,  0000431P   4077
1.0D0,1.0D0,1.0D0,1.0D0,1.0D0,1.0D0,1.0D0,1.0D0,1.0D0,1.0D0,     0000431P   4078
1.0D0,1.0D0,24.65289898632365D0,-34.38045329024074D0,            0000431P   4079
240.5715661902449D0,27.77394908673004D0,-36.0219961688593D0,     0000431P   4080
241.0420251884633D0,32.82066451906341D0,-38.39502200807675D0,    0000431P   4081
243.350124270149D0,36.39184267249476D0,-39.49381928344357D0,     0000431P   4082
249.8034637810598D0,37.89077738539586D0,-39.17935272957669D0,    0000431P   4083
254.9097850603973D0,38.89737411826707D0,-38.63649668598127D0,    0000431P   4084
259.060536258018D0,41.41520423814902D0,-37.09062036786277D0,     0000431P   4085
262.1615494737857D0,44.87469963214448D0,-35.28460481235894D0,    0000431P   4086
259.9084362974023D0,47.66173519983411D0,-33.73491893951959D0,    0000431P   4087
256.4551640435097D0,51.11419106097785D0,-31.32180151585969D0,    0000431P   4088
252.1422094331805D0,54.68970006700157D0,-27.68088543624829D0,    0000431P   4089
248.3051815656829D0,56.90228336834119D0,-24.13509872674324D0,    0000431P   4090
247.2015165197604D0,57.87558690438534D0,-22.30531994133D0,       0000431P   4091
246.9562480229677D0,0.0D0,56.8044098427681D0,0.0D0,0.0D0,0.0D0;  0000431P   4092
126,12,3,0,0,1,0,0.0D0,0.0D0,0.0D0,0.0D0,10.67298157898501D0,    0000433P   4093
16.22641640180833D0,21.80428849921608D0,26.48117313808624D0,     0000433P   4094
29.45721996414616D0,32.72468603944753D0,37.95102859071105D0,     0000433P   4095
44.25689859943903D0,50.54341141511376D0,56.8044098427681D0,      0000433P   4096
56.8044098427681D0,56.8044098427681D0,56.8044098427681D0,1.0D0,  0000433P   4097
1.0D0,1.0D0,1.0D0,1.0D0,1.0D0,1.0D0,1.0D0,1.0D0,1.0D0,1.0D0,     0000433P   4098
1.0D0,1.0D0,-25.95227175911159D0,-30.88999768236712D0,           0000433P   4099
80.0514595423673D0,-23.11429573738296D0,-29.40996913612273D0,    0000433P   4100
78.49828343419736D0,-17.59330671087239D0,-27.33810497660804D0,   0000433P   4101
77.21221627689485D0,-10.64728401784043D0,-27.02816073900937D0,   0000433P   4102
79.90720477713853D0,-6.443847409381185D0,-27.2178048556305D0,    0000433P   4103
83.18063833879077D0,-3.278559817766606D0,-27.38988424706393D0,   0000433P   4104
86.09405700363449D0,-0.4417786017243586D0,-25.5153603395948D0,   0000433P   4105
88.69872925182744D0,-0.8656763630367479D0,-21.13274982279687D0,  0000433P   4106
87.73989907948385D0,-2.374288339072457D0,-17.05598701526966D0,   0000433P   4107
85.95152614956282D0,-4.494046482437732D0,-11.73643807383574D0,   0000433P   4108
84.06653566746417D0,-6.782333439940352D0,-5.81929260652803D0,    0000433P   4109
83.34928415946567D0,-7.920996773079956D0,-1.864775288660994D0,   0000433P   4110
84.67270525069621D0,-8.381232643292947D0,-0.05639723160316379D0, 0000433P   4111
85.60732739833898D0,0.0D0,56.8044098427681D0,0.0D0,0.0D0,0.0D0;  0000433P   4112
126,12,3,0,0,1,0,0.0D0,0.0D0,0.0D0,0.0D0,10.67298157898501D0,    0000435P   4113
16.22641640180833D0,21.80428849921608D0,26.48117313808624D0,     0000435P   4114
29.45721996414616D0,32.72468603944753D0,37.95102859071105D0,     0000435P   4115
44.25689859943903D0,50.54341141511376D0,56.8044098427681D0,      0000435P   4116
56.8044098427681D0,56.8044098427681D0,56.8044098427681D0,1.0D0,  0000435P   4117
1.0D0,1.0D0,1.0D0,1.0D0,1.0D0,1.0D0,1.0D0,1.0D0,1.0D0,1.0D0,     0000435P   4118
1.0D0,1.0D0,22.93293631932133D0,-25.42640021043912D0,            0000435P   4119
75.32723952863348D0,26.45433515031931D0,-25.80395585656167D0,    0000435P   4120
74.9893779775184D0,32.39827444826726D0,-26.15962736664233D0,     0000435P   4121
75.9747677778771D0,37.48865812306887D0,-25.89261391034256D0,     0000435P   4122
81.41746541383384D0,39.89075316038314D0,-25.0698666389038D0,     0000435P   4123
86.10502745117329D0,41.54859746054998D0,-24.21215729039446D0,    0000435P   4124
89.98478931514497D0,43.97822872119066D0,-21.86048157675427D0,    0000435P   4125
92.61385727605101D0,45.95446824503853D0,-18.89673427357284D0,    0000435P   4126
89.85396618750127D0,47.14146865758016D0,-16.41394438869357D0,    0000435P   4127
86.0433274972399D0,48.4271953352257D0,-12.87953575640184D0,      0000435P   4128
81.33174313795597D0,49.49253577345208D0,-8.160493370389952D0,    0000435P   4129
77.16532907828957D0,49.97678535507359D0,-4.044076535215464D0,    0000435P   4130
75.93780328627862D0,50.14754540065951D0,-1.983333889072289D0,    0000435P   4131
75.65540717167777D0,0.0D0,56.8044098427681D0,0.0D0,0.0D0,0.0D0;  0000435P   4132
126,12,3,0,0,1,0,0.0D0,0.0D0,0.0D0,0.0D0,10.67298157898501D0,    0000437P   4133
16.22641640180833D0,21.80428849921608D0,26.48117313808624D0,     0000437P   4134
29.45721996414616D0,32.72468603944753D0,37.95102859071105D0,     0000437P   4135
44.25689859943903D0,50.54341141511376D0,56.8044098427681D0,      0000437P   4136
56.8044098427681D0,56.8044098427681D0,56.8044098427681D0,1.0D0,  0000437P   4137
1.0D0,1.0D0,1.0D0,1.0D0,1.0D0,1.0D0,1.0D0,1.0D0,1.0D0,1.0D0,     0000437P   4138
1.0D0,1.0D0,17.68630567009077D0,-50.31586276895763D0,            0000437P   4139
200.3301922177193D0,17.5652312099815D0,-49.06035891834756D0,     0000437P   4140
203.6567519236027D0,16.80799570533424D0,-45.63705761309211D0,    0000437P   4141
208.5695425993146D0,14.30088654785004D0,-38.96656242578763D0,    0000437P   4142
210.7661666744781D0,12.63380079375763D0,-33.90286473488436D0,    0000437P   4143
210.7676761441267D0,11.40303140625224D0,-29.7905917929497D0,     0000437P   4144
210.4343847745159D0,12.10223256653961D0,-25.59210564934227D0,    0000437P   4145
210.9132552238644D0,16.07726259115307D0,-25.41992081620771D0,    0000437P   4146
213.0288658307695D0,20.16890345573296D0,-26.63454011932444D0,    0000437P   4147
214.9979665908492D0,25.62569234849572D0,-28.01610054516459D0,    0000437P   4148
217.156417520069D0,31.82022168973204D0,-28.56196022448495D0,     0000437P   4149
218.6031935421046D0,35.98994780990611D0,-27.42695314159366D0,    0000437P   4150
218.4966675228158D0,37.90704034846341D0,-26.64131387155021D0,    0000437P   4151
218.2454824350482D0,0.0D0,56.8044098427681D0,0.0D0,0.0D0,0.0D0;  0000437P   4152
126,12,3,0,0,1,0,0.0D0,0.0D0,0.0D0,0.0D0,10.67298157898501D0,    0000439P   4153
16.22641640180833D0,21.80428849921608D0,26.48117313808624D0,     0000439P   4154
29.45721996414616D0,32.72468603944753D0,37.95102859071105D0,     0000439P   4155
44.25689859943903D0,50.54341141511376D0,56.8044098427681D0,      0000439P   4156
56.8044098427681D0,56.8044098427681D0,56.8044098427681D0,1.0D0,  0000439P   4157
1.0D0,1.0D0,1.0D0,1.0D0,1.0D0,1.0D0,1.0D0,1.0D0,1.0D0,1.0D0,     0000439P   4158
1.0D0,1.0D0,39.91006011800033D0,-32.80074078438412D0,            0000439P   4159
24.92220183795034D0,43.30308922411356D0,-33.73435684914928D0,    0000439P   4160
25.44437321716952D0,48.81060552224216D0,-34.64050409713446D0,    0000439P   4161
27.74090779131394D0,52.82899959053495D0,-33.68619572549978D0,    0000439P   4162
33.94961654134551D0,54.48427953800194D0,-32.02404585775848D0,    0000439P   4163
38.73684095717739D0,55.56794729482031D0,-30.43374464204859D0,    0000439P   4164
42.58823958720635D0,57.89520032083385D0,-27.84290056930931D0,    0000439P   4165
45.08161188422349D0,60.84137942300812D0,-25.991138301185D0,      0000439P   4166
42.21851482794811D0,63.11876753987099D0,-24.76098759693837D0,    0000439P   4167
38.29494305855698D0,65.84536757252215D0,-22.77054147986303D0,    0000439P   4168
33.30015165538076D0,68.48440065188069D0,-19.4763819813147D0,     0000439P   4169
28.50981398345637D0,69.93496607006388D0,-15.92205798865072D0,    0000439P   4170
26.52264370615124D0,70.53373799053666D0,-14.04734551716545D0,    0000439P   4171
25.82802715808012D0,0.0D0,56.8044098427681D0,0.0D0,0.0D0,0.0D0;  0000439P   4172
126,12,3,0,0,1,0,0.0D0,0.0D0,0.0D0,0.0D0,10.67298157898501D0,    0000441P   4173
16.22641640180833D0,21.80428849921608D0,26.48117313808624D0,     0000441P   4174
29.45721996414616D0,32.72468603944753D0,37.95102859071105D0,     0000441P   4175
44.25689859943903D0,50.54341141511376D0,56.8044098427681D0,      0000441P   4176
56.8044098427681D0,56.8044098427681D0,56.8044098427681D0,1.0D0,  0000441P   4177
1.0D0,1.0D0,1.0D0,1.0D0,1.0D0,1.0D0,1.0D0,1.0D0,1.0D0,1.0D0,     0000441P   4178
1.0D0,1.0D0,-12.76360862705133D0,22.43595562844972D0,            0000441P   4179
208.4704486480974D0,-9.679414486908698D0,24.11792969924628D0,    0000441P   4180
207.9086140179146D0,-4.198171524042667D0,26.58117307534989D0,    0000441P   4181
208.471034955947D0,1.428421811273253D0,27.38056652757734D0,      0000441P   4182
213.2989410493269D0,4.316112283701209D0,27.48472322417928D0,     0000441P   4183
217.7789641087383D0,6.344368475218154D0,27.53304136112209D0,     0000441P   4184
221.5763984202782D0,8.026211410251179D0,29.59992418019382D0,     0000441P   4185
224.9297377741128D0,7.645964509007356D0,33.94305388032261D0,     0000441P   4186
223.7900201532331D0,6.539656398003501D0,37.90539385187576D0,     0000441P   4187
221.5162287967298D0,4.805443400805359D0,43.0639271721146D0,      0000441P   4188
218.9227361885638D0,2.485933297493155D0,48.80411799370125D0,     0000441P   4189
217.3628004144732D0,0.7075747492907709D0,52.66457077435192D0,    0000441P   4190
218.1505503688767D0,-0.1576313309967894D0,54.43357633394785D0,   0000441P   4191
218.8416397850129D0,0.0D0,56.8044098427681D0,0.0D0,0.0D0,0.0D0;  0000441P   4192
126,12,3,0,0,1,0,0.0D0,0.0D0,0.0D0,0.0D0,10.67298157898501D0,    0000443P   4193
16.22641640180833D0,21.80428849921608D0,26.48117313808624D0,     0000443P   4194
29.45721996414616D0,32.72468603944753D0,37.95102859071105D0,     0000443P   4195
44.25689859943903D0,50.54341141511376D0,56.8044098427681D0,      0000443P   4196
56.8044098427681D0,56.8044098427681D0,56.8044098427681D0,1.0D0,  0000443P   4197
1.0D0,1.0D0,1.0D0,1.0D0,1.0D0,1.0D0,1.0D0,1.0D0,1.0D0,1.0D0,     0000443P   4198
1.0D0,1.0D0,-58.7855008602337D0,27.07984753933524D0,             0000443P   4199
84.80576522181279D0,-55.26754409392973D0,26.75690158514507D0,    0000443P   4200
84.38548612206687D0,-49.30083037719501D0,26.4454146157009D0,     0000443P   4201
85.23942578610649D0,-44.1033461246904D0,26.60853520963577D0,     0000443P   4202
90.58412491849761D0,-41.61548935343875D0,27.31670496161676D0,    0000443P   4203
95.24559204623455D0,-39.88866768946852D0,28.07535609287512D0,    0000443P   4204
99.11588926649148D0,-37.43367808600872D0,30.37525640496152D0,    0000443P   4205
101.7671096777812D0,-35.54981641929967D0,33.44693952760527D0,    0000443P   4206
99.06116297317675D0,-34.47082745328975D0,36.06037740041421D0,    0000443P   4207
95.30617853702439D0,-33.32411329511166D0,39.75379330579416D0,    0000443P   4208
90.68147419689657D0,-32.40059691607803D0,44.61167119829274D0,    0000443P   4209
86.64272967834715D0,-31.99053957087009D0,48.7696194892879D0,     0000443P   4210
85.53389074896553D0,-31.85008499415478D0,50.84004469769098D0,    0000443P   4211
85.31212785614511D0,0.0D0,56.8044098427681D0,0.0D0,0.0D0,0.0D0;  0000443P   4212
126,12,3,0,0,1,0,0.0D0,0.0D0,0.0D0,0.0D0,10.67298157898501D0,    0000445P   4213
16.22641640180833D0,21.80428849921608D0,26.48117313808624D0,     0000445P   4214
29.45721996414616D0,32.72468603944753D0,37.95102859071105D0,     0000445P   4215
44.25689859943903D0,50.54341141511376D0,56.8044098427681D0,      0000445P   4216
56.8044098427681D0,56.8044098427681D0,56.8044098427681D0,1.0D0,  0000445P   4217
1.0D0,1.0D0,1.0D0,1.0D0,1.0D0,1.0D0,1.0D0,1.0D0,1.0D0,1.0D0,     0000445P   4218
1.0D0,1.0D0,-3.250521737883709D0,38.35790674975042D0,            0000445P   4219
248.2611698477478D0,0.0836275262566275D0,37.11936790011546D0,    0000445P   4220
248.3412861567753D0,5.582539820199319D0,35.29233449621105D0,     0000445P   4221
250.0300200564668D0,9.846481408636173D0,34.25405175705419D0,     0000445P   4222
256.0588699287848D0,11.75983894906978D0,34.42641121064148D0,     0000445P   4223
261.0317530599352D0,13.06949168225556D0,34.8223265293239D0,      0000445P   4224
265.1139982693925D0,15.6471323467974D0,36.48102887501824D0,      0000445P   4225
268.1056466780058D0,18.62586039982406D0,38.87722186997285D0,     0000445P   4226
265.7199061492742D0,20.86184477282414D0,41.00985358467727D0,     0000445P   4227
262.1778109116096D0,23.56581761579244D0,44.14193564821269D0,     0000445P   4228
257.7934343931014D0,26.27961503877292D0,48.47300637557588D0,     0000445P   4229
253.9671506466334D0,27.91263211108239D0,52.34727622204792D0,     0000445P   4230
252.9624152652897D0,28.61897904950611D0,54.30262868609018D0,     0000445P   4231
252.7801035643855D0,0.0D0,56.8044098427681D0,0.0D0,0.0D0,0.0D0;  0000445P   4232
126,12,3,0,0,1,0,0.0D0,0.0D0,0.0D0,0.0D0,10.67298157898501D0,    0000447P   4233
16.22641640180833D0,21.80428849921608D0,26.48117313808624D0,     0000447P   4234
29.45721996414616D0,32.72468603944753D0,37.95102859071105D0,     0000447P   4235
44.25689859943903D0,50.54341141511376D0,56.8044098427681D0,      0000447P   4236
56.8044098427681D0,56.8044098427681D0,56.8044098427681D0,1.0D0,  0000447P   4237
1.0D0,1.0D0,1.0D0,1.0D0,1.0D0,1.0D0,1.0D0,1.0D0,1.0D0,1.0D0,     0000447P   4238
1.0D0,1.0D0,36.61024196686245D0,-6.032029804488602D0,            0000447P   4239
222.3760975057014D0,39.32822991930483D0,-3.803033486325859D0,    0000447P   4240
221.8274033061788D0,44.54041839152852D0,-0.7773113796184248D0,   0000447P   4241
222.1529900418184D0,50.95905313342608D0,-0.5005293358637175D0,   0000447P   4242
225.9385916385718D0,54.7074063465047D0,-1.209523323852892D0,     0000447P   4243
229.6624857307626D0,57.48058880034934D0,-1.913389232725393D0,    0000447P   4244
232.8797356482015D0,59.62807324243336D0,-0.634264764838548D0,    0000447P   4245
236.3579012903943D0,58.59780421402114D0,3.740544448976891D0,     0000447P   4246
236.6833388807245D0,56.65764340004786D0,7.959835154865885D0,     0000447P   4247
235.9570161049072D0,53.92371447205308D0,13.30455643819265D0,     0000447P   4248
235.4058794027146D0,50.78371890419909D0,18.81994004934853D0,     0000447P   4249
236.1017880623339D0,48.84914830384152D0,21.98062596365256D0,     0000447P   4250
238.3274802988332D0,47.98375763983471D0,23.32867172448516D0,     0000447P   4251
239.6651792327097D0,0.0D0,56.8044098427681D0,0.0D0,0.0D0,0.0D0;  0000447P   4252
126,12,3,0,0,1,0,0.0D0,0.0D0,0.0D0,0.0D0,10.67298157898501D0,    0000449P   4253
16.22641640180833D0,21.80428849921608D0,26.48117313808624D0,     0000449P   4254
29.45721996414616D0,32.72468603944753D0,37.95102859071105D0,     0000449P   4255
44.25689859943903D0,50.54341141511376D0,56.8044098427681D0,      0000449P   4256
56.8044098427681D0,56.8044098427681D0,56.8044098427681D0,1.0D0,  0000449P   4257
1.0D0,1.0D0,1.0D0,1.0D0,1.0D0,1.0D0,1.0D0,1.0D0,1.0D0,1.0D0,     0000449P   4258
1.0D0,1.0D0,4.377922831653893D0,2.569084951799162D0,             0000449P   4259
255.4427952655484D0,7.861001645514331D0,2.900345665122245D0,     0000449P   4260
254.7982979910467D0,13.84636317911859D0,3.503947159346055D0,     0000449P   4261
255.2871969659334D0,19.33042062053856D0,3.898725869273651D0,     0000449P   4262
260.3246093421812D0,22.00937333037159D0,4.449847048025038D0,     0000449P   4263
264.9005998709811D0,23.87269108240949D0,5.016936775298682D0,     0000449P   4264
268.7402771187984D0,26.11361226324641D0,7.362251330769176D0,     0000449P   4265
271.5372856931587D0,27.2714801861284D0,11.01295336401624D0,      0000449P   4266
269.1628307891867D0,27.63360704347842D0,14.20577062253929D0,     0000449P   4267
265.7322382875315D0,27.82369876323463D0,18.5714778030312D0,      0000449P   4268
261.579091216146D0,27.6495369627971D0,23.96749647865777D0,       0000449P   4269
258.170870635485D0,27.29986502306916D0,28.23784833364298D0,      0000449P   4270
257.5981321633602D0,27.08747723950581D0,30.31352009448072D0,     0000449P   4271
257.6433536515837D0,0.0D0,56.8044098427681D0,0.0D0,0.0D0,0.0D0;  0000449P   4272
126,12,3,0,0,1,0,0.0D0,0.0D0,0.0D0,0.0D0,10.67298157898501D0,    0000451P   4273
16.22641640180833D0,21.80428849921608D0,26.48117313808624D0,     0000451P   4274
29.45721996414616D0,32.72468603944753D0,37.95102859071105D0,     0000451P   4275
44.25689859943903D0,50.54341141511376D0,56.8044098427681D0,      0000451P   4276
56.8044098427681D0,56.8044098427681D0,56.8044098427681D0,1.0D0,  0000451P   4277
1.0D0,1.0D0,1.0D0,1.0D0,1.0D0,1.0D0,1.0D0,1.0D0,1.0D0,1.0D0,     0000451P   4278
1.0D0,1.0D0,3.010433568275431D0,-50.94771865792328D0,            0000451P   4279
150.0079794479484D0,2.965063323793828D0,-53.30415827688438D0,    0000451P   4280
152.6729526717727D0,2.698459227944426D0,-55.99441161435917D0,    0000451P   4281
158.0691892210454D0,1.659607500192891D0,-54.56506181413832D0,    0000451P   4282
165.3137738147497D0,1.209114018470331D0,-52.05038808945491D0,    0000451P   4283
169.9928424374745D0,0.9846254335865012D0,-49.73359341365477D0,   0000451P   4284
173.614821520336D0,2.600616198762751D0,-48.41205394062143D0,     0000451P   4285
177.3548204957302D0,6.361138389496148D0,-50.85464920798816D0,    0000451P   4286
177.8003771882277D0,9.924546190276146D0,-53.80123226005588D0,    0000451P   4287
176.955418028175D0,14.76239873353489D0,-57.21323623827398D0,     0000451P   4288
175.816305976362D0,20.55576757271015D0,-59.74935606941756D0,     0000451P   4289
174.9397838133585D0,24.87265556008389D0,-59.83905362567481D0,    0000451P   4290
175.1462716849891D0,26.93147794932901D0,-59.58527197090305D0,    0000451P   4291
175.3752084744916D0,0.0D0,56.8044098427681D0,0.0D0,0.0D0,0.0D0;  0000451P   4292
126,12,3,0,0,1,0,0.0D0,0.0D0,0.0D0,0.0D0,10.67298157898501D0,    0000453P   4293
16.22641640180833D0,21.80428849921608D0,26.48117313808624D0,     0000453P   4294
29.45721996414616D0,32.72468603944753D0,37.95102859071105D0,     0000453P   4295
44.25689859943903D0,50.54341141511376D0,56.8044098427681D0,      0000453P   4296
56.8044098427681D0,56.8044098427681D0,56.8044098427681D0,1.0D0,  0000453P   4297
1.0D0,1.0D0,1.0D0,1.0D0,1.0D0,1.0D0,1.0D0,1.0D0,1.0D0,1.0D0,     0000453P   4298
1.0D0,1.0D0,-52.13863490744451D0,-42.35309748497721D0,           0000453P   4299
105.6907711559402D0,-48.67481781559684D0,-42.17903306470907D0,   0000453P   4300
104.8979148307365D0,-42.65738394292417D0,-41.77183976666975D0,   0000453P   4301
105.1272461750121D0,-36.96546660420753D0,-41.34463979085079D0,   0000453P   4302
109.925770624138D0,-34.08781061192144D0,-40.68054508734387D0,    0000453P   4303
114.3640457068351D0,-32.05360557502989D0,-40.00483733110951D0,   0000453P   4304
118.0979570699093D0,-29.62264048580816D0,-37.61592357196275D0,   0000453P   4305
120.6919857617734D0,-28.43535312082115D0,-34.12344717032046D0,   0000453P   4306
118.1036896329845D0,-28.10085110634672D0,-31.10789543807554D0,   0000453P   4307
114.5136006407703D0,-27.92655436237363D0,-26.94861447052957D0,   0000453P   4308
110.1530769196645D0,-28.0505244228437D0,-21.71311539460712D0,    0000453P   4309
106.5010229418316D0,-28.27502870738243D0,-17.46389798982429D0,   0000453P   4310
105.7394757920272D0,-28.41354703862507D0,-15.38199822061054D0,   0000453P   4311
105.6939473920903D0,0.0D0,56.8044098427681D0,0.0D0,0.0D0,0.0D0;  0000453P   4312
126,12,3,0,0,1,0,0.0D0,0.0D0,0.0D0,0.0D0,10.67298157898501D0,    0000455P   4313
16.22641640180833D0,21.80428849921608D0,26.48117313808624D0,     0000455P   4314
29.45721996414616D0,32.72468603944753D0,37.95102859071105D0,     0000455P   4315
44.25689859943903D0,50.54341141511376D0,56.8044098427681D0,      0000455P   4316
56.8044098427681D0,56.8044098427681D0,56.8044098427681D0,1.0D0,  0000455P   4317
1.0D0,1.0D0,1.0D0,1.0D0,1.0D0,1.0D0,1.0D0,1.0D0,1.0D0,1.0D0,     0000455P   4318
1.0D0,1.0D0,-40.16858335676781D0,-48.24554722679269D0,           0000455P   4319
206.4767758100856D0,-39.47071816316713D0,-46.17544275604092D0,   0000455P   4320
203.6688228061468D0,-36.87054402130769D0,-42.54715834956449D0,   0000455P   4321
199.6064889502027D0,-30.39316086231275D0,-39.23846045283358D0,   0000455P   4322
197.9626260183502D0,-25.45476866892301D0,-37.26067622277517D0,   0000455P   4323
198.3102804134829D0,-21.48795234488855D0,-35.71079254727693D0,   0000455P   4324
198.9418609824074D0,-18.76174299722013D0,-32.47201911314917D0,   0000455P   4325
199.5927175740952D0,-21.36650653938747D0,-28.81267155075052D0,   0000455P   4326
199.2311904515265D0,-25.09327504255512D0,-25.98444472708856D0,   0000455P   4327
198.7767541223599D0,-29.83278297864243D0,-22.26121697515719D0,   0000455P   4328
198.6396254408598D0,-34.32625178600927D0,-17.82618900806629D0,   0000455P   4329
199.589668816304D0,-36.08830990943585D0,-14.37067453356774D0,    0000455P   4330
201.4977504902525D0,-36.67546155278168D0,-12.70460039181246D0,   0000455P   4331
202.6090635488611D0,0.0D0,56.8044098427681D0,0.0D0,0.0D0,0.0D0;  0000455P   4332
126,12,3,0,0,1,0,0.0D0,0.0D0,0.0D0,0.0D0,10.67298157898501D0,    0000457P   4333
16.22641640180833D0,21.80428849921608D0,26.48117313808624D0,     0000457P   4334
29.45721996414616D0,32.72468603944753D0,37.95102859071105D0,     0000457P   4335
44.25689859943903D0,50.54341141511376D0,56.8044098427681D0,      0000457P   4336
56.8044098427681D0,56.8044098427681D0,56.8044098427681D0,1.0D0,  0000457P   4337
1.0D0,1.0D0,1.0D0,1.0D0,1.0D0,1.0D0,1.0D0,1.0D0,1.0D0,1.0D0,     0000457P   4338
1.0D0,1.0D0,39.17515497109138D0,7.604604055560616D0,             0000457P   4339
81.39930334670932D0,42.35425373442477D0,8.566542906624962D0,     0000457P   4340
80.12456685614352D0,48.1521147196051D0,10.11984368125662D0,      0000457P   4341
79.49213159504846D0,54.46468540561961D0,11.00389539740206D0,     0000457P   4342
83.3620364512732D0,57.94627329105615D0,11.61087393781852D0,      0000457P   4343
87.35331874426012D0,60.48081558216825D0,12.15865692176134D0,     0000457P   4344
90.7902787888798D0,62.89784646026323D0,14.60362629369477D0,      0000457P   4345
93.34479862096428D0,62.97645933682951D0,18.58211511712854D0,     0000457P   4346
91.23014350704132D0,62.12851437849654D0,22.06597923314069D0,     0000457P   4347
88.19075820926314D0,60.78884780453595D0,26.73366977285449D0,     0000457P   4348
84.61834681912958D0,59.10508030569533D0,32.29028909968947D0,     0000457P   4349
81.96274404887669D0,58.02024108581765D0,36.47469590349674D0,     0000457P   4350
81.97101178903135D0,57.52085402427615D0,38.47444247493782D0,     0000457P   4351
82.29841524826467D0,0.0D0,56.8044098427681D0,0.0D0,0.0D0,0.0D0;  0000457P   4352
126,12,3,0,0,1,0,0.0D0,0.0D0,0.0D0,0.0D0,10.67298157898501D0,    0000459P   4353
16.22641640180833D0,21.80428849921608D0,26.48117313808624D0,     0000459P   4354
29.45721996414616D0,32.72468603944753D0,37.95102859071105D0,     0000459P   4355
44.25689859943903D0,50.54341141511376D0,56.8044098427681D0,      0000459P   4356
56.8044098427681D0,56.8044098427681D0,56.8044098427681D0,1.0D0,  0000459P   4357
1.0D0,1.0D0,1.0D0,1.0D0,1.0D0,1.0D0,1.0D0,1.0D0,1.0D0,1.0D0,     0000459P   4358
1.0D0,1.0D0,-50.10640166796637D0,-47.76766692934573D0,           0000459P   4359
52.35960145455688D0,-50.18272271171578D0,-44.33015658468224D0,   0000459P   4360
53.27319115962547D0,-48.8605312783678D0,-38.51265942272905D0,    0000459P   4361
54.18776551071551D0,-43.57893633213875D0,-33.40572291342113D0,   0000459P   4362
52.91096716608671D0,-38.94180302949212D0,-31.07121238797403D0,   0000459P   4363
51.69965926347984D0,-35.04718832089156D0,-29.50685785090394D0,   0000459P   4364
50.73974451458525D0,-31.30550797119291D0,-27.7495491704873D0,    0000459P   4365
51.86098464510206D0,-31.79012178958556D0,-26.96225680856381D0,   0000459P   4366
56.27138595759844D0,-33.50256056401349D0,-26.84544281098253D0,   0000459P   4367
60.64723910336951D0,-35.39143694644515D0,-27.01626537255601D0,   0000459P   4368
66.36974994290718D0,-36.21413475963913D0,-27.72414848667815D0,   0000459P   4369
72.66144186255721D0,-34.97254933620131D0,-28.60712929881058D0,   0000459P   4370
76.70681147607503D0,-34.0818258872911D0,-29.09553254949882D0,    0000459P   4371
78.52989699645579D0,0.0D0,56.8044098427681D0,0.0D0,0.0D0,0.0D0;  0000459P   4372
126,12,3,0,0,1,0,0.0D0,0.0D0,0.0D0,0.0D0,10.67298157898501D0,    0000461P   4373
16.22641640180833D0,21.80428849921608D0,26.48117313808624D0,     0000461P   4374
29.45721996414616D0,32.72468603944753D0,37.95102859071105D0,     0000461P   4375
44.25689859943903D0,50.54341141511376D0,56.8044098427681D0,      0000461P   4376
56.8044098427681D0,56.8044098427681D0,56.8044098427681D0,1.0D0,  0000461P   4377
1.0D0,1.0D0,1.0D0,1.0D0,1.0D0,1.0D0,1.0D0,1.0D0,1.0D0,1.0D0,     0000461P   4378
1.0D0,1.0D0,-23.31521458973907D0,18.44335607241842D0,            0000461P   4379
64.63587264265736D0,-20.01796010907327D0,18.48487063024344D0,    0000461P   4380
65.97128937604538D0,-14.92520036736169D0,19.91539591248699D0,    0000461P   4381
68.87737011984581D0,-12.00920059910781D0,24.99738984503482D0,    0000461P   4382
73.49002041225597D0,-11.22008281725403D0,29.44654331474882D0,    0000461P   4383
76.31889616494459D0,-10.83972773973757D0,33.19025984042834D0,    0000461P   4384
78.41092431045473D0,-9.052093937012405D0,37.04446469729754D0,    0000461P   4385
78.95402225420912D0,-5.755224931230288D0,37.11961617788455D0,    0000461P   4386
75.88297576041116D0,-2.921052954407678D0,35.97194215856447D0,    0000461P   4387
72.31303229157012D0,0.5000689758857035D0,34.81863949124416D0,    0000461P   4388
67.48499103865043D0,3.750347037297262D0,34.7943647455546D0,      0000461P   4389
61.98968206943757D0,5.363376909320607D0,36.5349453461978D0,      0000461P   4390
58.37655065847483D0,5.992766584326688D0,37.64785183840962D0,     0000461P   4391
56.72704328082177D0,0.0D0,56.8044098427681D0,0.0D0,0.0D0,0.0D0;  0000461P   4392
126,12,3,0,0,1,0,0.0D0,0.0D0,0.0D0,0.0D0,10.67298157898501D0,    0000463P   4393
16.22641640180833D0,21.80428849921608D0,26.48117313808624D0,     0000463P   4394
29.45721996414616D0,32.72468603944753D0,37.95102859071105D0,     0000463P   4395
44.25689859943903D0,50.54341141511376D0,56.8044098427681D0,      0000463P   4396
56.8044098427681D0,56.8044098427681D0,56.8044098427681D0,1.0D0,  0000463P   4397
1.0D0,1.0D0,1.0D0,1.0D0,1.0D0,1.0D0,1.0D0,1.0D0,1.0D0,1.0D0,     0000463P   4398
1.0D0,1.0D0,-24.08237233385279D0,-23.22433390602942D0,           0000463P   4399
123.5763321815086D0,-24.96310385521346D0,-22.76616867208502D0,   0000463P   4400
126.9926672099098D0,-24.88459783323447D0,-22.01744081997734D0,   0000463P   4401
132.9810854541054D0,-20.23122294860107D0,-21.19182460009095D0,   0000463P   4402
138.7491631009047D0,-15.85451909677408D0,-21.14446499516682D0,   0000463P   4403
141.79258748079D0,-12.15842583436742D0,-21.2927304011604D0,      0000463P   4404
143.9956710325924D0,-9.560574299858814D0,-23.08638993737159D0,   0000463P   4405
146.8903969161054D0,-12.07400997228766D0,-26.37806585246901D0,   0000463P   4406
148.6662996003535D0,-15.57966039425739D0,-29.39804756312562D0,   0000463P   4407
149.493528955365D0,-19.81643340324604D0,-33.59737119599296D0,    0000463P   4408
150.3650793790491D0,-23.30492418238228D0,-38.88474692941929D0,   0000463P   4409
151.1634573248484D0,-23.93216821172211D0,-43.12328382963574D0,   0000463P   4410
151.7357987102311D0,-23.9113907572949D0,-45.19401314351626D0,    0000463P   4411
151.9950576895678D0,0.0D0,56.8044098427681D0,0.0D0,0.0D0,0.0D0;  0000463P   4412
126,12,3,0,0,1,0,0.0D0,0.0D0,0.0D0,0.0D0,10.67298157898501D0,    0000465P   4413
16.22641640180833D0,21.80428849921608D0,26.48117313808624D0,     0000465P   4414
29.45721996414616D0,32.72468603944753D0,37.95102859071105D0,     0000465P   4415
44.25689859943903D0,50.54341141511376D0,56.8044098427681D0,      0000465P   4416
56.8044098427681D0,56.8044098427681D0,56.8044098427681D0,1.0D0,  0000465P   4417
1.0D0,1.0D0,1.0D0,1.0D0,1.0D0,1.0D0,1.0D0,1.0D0,1.0D0,1.0D0,     0000465P   4418
1.0D0,1.0D0,-55.4553485897578D0,-18.28221301322688D0,            0000465P   4419
37.17981265336454D0,-54.85790717192694D0,-15.06961174627732D0,   0000465P   4420
38.58665495883066D0,-52.76367592276711D0,-9.544314155432716D0,   0000465P   4421
39.81677351696767D0,-47.96165795357874D0,-4.390295123259214D0,   0000465P   4422
37.37076228670592D0,-43.97509169493078D0,-1.961083508754506D0,   0000465P   4423
34.79657661115321D0,-40.64027074661907D0,-0.3209322723763677D0,  0000465P   4424
32.62274627376402D0,-36.61560182896731D0,1.130242541717081D0,    0000465P   4425
32.41874423921828D0,-35.26653319470081D0,1.104688293655151D0,    0000465P   4426
36.71824192544097D0,-35.11647100049069D0,0.4496052473659518D0,   0000465P   4427
41.37039522900729D0,-34.62829279901491D0,-0.7317267904958413D0,  0000465P   4428
47.2619401286242D0,-32.98961241871355D0,-2.565348942832067D0,    0000465P   4429
53.1539579341438D0,-30.35249306533843D0,-4.198178122823251D0,    0000465P   4430
56.16488390023537D0,-28.86879331471055D0,-5.029198293058649D0,   0000465P   4431
57.37468030417779D0,0.0D0,56.8044098427681D0,0.0D0,0.0D0,0.0D0;  0000465P   4432
126,12,3,0,0,1,0,0.0D0,0.0D0,0.0D0,0.0D0,10.67298157898501D0,    0000467P   4433
16.22641640180833D0,21.80428849921608D0,26.48117313808624D0,     0000467P   4434
29.45721996414616D0,32.72468603944753D0,37.95102859071105D0,     0000467P   4435
44.25689859943903D0,50.54341141511376D0,56.8044098427681D0,      0000467P   4436
56.8044098427681D0,56.8044098427681D0,56.8044098427681D0,1.0D0,  0000467P   4437
1.0D0,1.0D0,1.0D0,1.0D0,1.0D0,1.0D0,1.0D0,1.0D0,1.0D0,1.0D0,     0000467P   4438
1.0D0,1.0D0,-38.88256956875003D0,0.6190184329118438D0,           0000467P   4439
245.2553220512026D0,-40.50432452140618D0,1.364332168359397D0,    0000467P   4440
248.3328806176451D0,-42.46591568923299D0,3.993869081862357D0,    0000467P   4441
253.3990039254864D0,-42.08175606611596D0,10.36647848131818D0,    0000467P   4442
257.2523830302353D0,-40.56822949945368D0,15.16227744280812D0,    0000467P   4443
259.0214961266299D0,-39.04987855986829D0,18.99636077172258D0,    0000467P   4444
260.2588645529466D0,-36.89985828145015D0,21.50114649780588D0,    0000467P   4445
262.9881403427249D0,-35.88992624451086D0,18.72718492028082D0,    0000467P   4446
266.3927686631982D0,-35.39635516367429D0,14.88509260107014D0,    0000467P   4447
269.0552669295589D0,-34.31679471527926D0,9.966683861937469D0,    0000467P   4448
272.3700775361187D0,-31.93680583793582D0,5.192373098206787D0,    0000467P   4449
275.8779154859005D0,-28.89507930260814D0,3.138785229639979D0,    0000467P   4450
278.1619648151882D0,-27.23566971793394D0,2.399230210267746D0,    0000467P   4451
279.1890894502525D0,0.0D0,56.8044098427681D0,0.0D0,0.0D0,0.0D0;  0000467P   4452
126,12,3,0,0,1,0,0.0D0,0.0D0,0.0D0,0.0D0,10.67298157898501D0,    0000469P   4453
16.22641640180833D0,21.80428849921608D0,26.48117313808624D0,     0000469P   4454
29.45721996414616D0,32.72468603944753D0,37.95102859071105D0,     0000469P   4455
44.25689859943903D0,50.54341141511376D0,56.8044098427681D0,      0000469P   4456
56.8044098427681D0,56.8044098427681D0,56.8044098427681D0,1.0D0,  0000469P   4457
1.0D0,1.0D0,1.0D0,1.0D0,1.0D0,1.0D0,1.0D0,1.0D0,1.0D0,1.0D0,     0000469P   4458
1.0D0,1.0D0,-63.02203304957609D0,8.800503199144174D0,            0000469P   4459
178.8693204408233D0,-59.94387132605368D0,9.263063269781071D0,    0000469P   4460
180.5920818884674D0,-55.2626749762677D0,11.53083282934412D0,     0000469P   4461
183.6533776302887D0,-52.85486661962364D0,17.76818497759706D0,    0000469P   4462
186.9555219026276D0,-52.32363830685935D0,22.85778935989774D0,    0000469P   4463
188.4501573786682D0,-52.11711095244451D0,27.05328998187997D0,    0000469P   4464
189.3945016771474D0,-50.29803362965512D0,30.91498070823002D0,    0000469P   4465
189.0426672052641D0,-46.60410168241521D0,30.12047227019619D0,    0000469P   4466
186.5870730481519D0,-43.33833645015517D0,28.00622994938115D0,    0000469P   4467
183.9490928215039D0,-39.3162605799068D0,25.52423907425663D0,     0000469P   4468
180.2065279744984D0,-35.33330253550039D0,23.92492319493002D0,    0000469P   4469
175.4798429478106D0,-33.17583738977498D0,24.54786440099383D0,    0000469P   4470
171.786132998853D0,-32.28641000650263D0,25.13554715034877D0,     0000469P   4471
169.9919438426214D0,0.0D0,56.8044098427681D0,0.0D0,0.0D0,0.0D0;  0000469P   4472
126,12,3,0,0,1,0,0.0D0,0.0D0,0.0D0,0.0D0,10.67298157898501D0,    0000471P   4473
16.22641640180833D0,21.80428849921608D0,26.48117313808624D0,     0000471P   4474
29.45721996414616D0,32.72468603944753D0,37.95102859071105D0,     0000471P   4475
44.25689859943903D0,50.54341141511376D0,56.8044098427681D0,      0000471P   4476
56.8044098427681D0,56.8044098427681D0,56.8044098427681D0,1.0D0,  0000471P   4477
1.0D0,1.0D0,1.0D0,1.0D0,1.0D0,1.0D0,1.0D0,1.0D0,1.0D0,1.0D0,     0000471P   4478
1.0D0,1.0D0,-3.248036861391341D0,-6.99537948488306D0,            0000471P   4479
221.5769111720556D0,-3.344796067611782D0,-7.306623815102228D0,   0000471P   4480
225.1196097259143D0,-2.082819924206802D0,-7.152564370141974D0,   0000471P   4481
231.0197446023658D0,3.06210321613176D0,-4.802328481812765D0,     0000471P   4482
235.8790055387839D0,7.610608598433686D0,-3.019553013629917D0,    0000471P   4483
238.012786669095D0,11.43942841255659D0,-1.646923926355271D0,     0000471P   4484
239.4244145913862D0,15.19258004956114D0,-2.2957534111097D0,      0000471P   4485
241.3835874161348D0,14.86571457123725D0,-6.521129201684928D0,    0000471P   4486
242.9151480387974D0,13.32163830781744D0,-10.87786286150009D0,    0000471P   4487
243.7688945642526D0,11.65787749563782D0,-16.61671400660012D0,    0000471P   4488
244.5699264852871D0,11.09002088962842D0,-22.96465407497139D0,    0000471P   4489
244.9500753643607D0,12.50084864800246D0,-27.04754781595729D0,    0000471P   4490
244.7896118972406D0,13.46901995289303D0,-28.88959507793419D0,    0000471P   4491
244.6312672687455D0,0.0D0,56.8044098427681D0,0.0D0,0.0D0,0.0D0;  0000471P   4492
126,12,3,0,0,1,0,0.0D0,0.0D0,0.0D0,0.0D0,10.67298157898501D0,    0000473P   4493
16.22641640180833D0,21.80428849921608D0,26.48117313808624D0,     0000473P   4494
29.45721996414616D0,32.72468603944753D0,37.95102859071105D0,     0000473P   4495
44.25689859943903D0,50.54341141511376D0,56.8044098427681D0,      0000473P   4496
56.8044098427681D0,56.8044098427681D0,56.8044098427681D0,1.0D0,  0000473P   4497
1.0D0,1.0D0,1.0D0,1.0D0,1.0D0,1.0D0,1.0D0,1.0D0,1.0D0,1.0D0,     0000473P   4498
1.0D0,1.0D0,5.826604091629893D0,-41.92475908093987D0,            0000473P   4499
32.83617747137556D0,3.815751793811472D0,-41.37915547229585D0,    0000473P   4500
35.71987963338672D0,1.76757664659042D0,-39.90088505512877D0,     0000473P   4501
41.20144918958671D0,3.884135465044558D0,-36.76526650899491D0,    0000473P   4502
47.62751601153516D0,6.846710758196981D0,-34.79295720331744D0,    0000473P   4503
51.59656566226978D0,9.521083387611906D0,-33.34826533557735D0,    0000473P   4504
54.64570679012314D0,11.4806769449495D0,-33.72916064375769D0,     0000473P   4505
58.43521822593084D0,9.641861544726453D0,-37.44337877701988D0,    0000473P   4506
60.20430305595987D0,7.128716454952126D0,-41.37555116188864D0,    0000473P   4507
60.76671297138496D0,4.29652390588566D0,-46.65346624870661D0,     0000473P   4508
61.44969345838906D0,2.486803115027083D0,-52.6854309127191D0,     0000473P   4509
62.50023158626535D0,3.010113283850629D0,-56.76414908865634D0,    0000473P   4510
63.83305164041586D0,3.566758174648143D0,-58.64393732104404D0,    0000473P   4511
64.5486698900917D0,0.0D0,56.8044098427681D0,0.0D0,0.0D0,0.0D0;   0000473P   4512
126,12,3,0,0,1,0,0.0D0,0.0D0,0.0D0,0.0D0,10.67298157898501D0,    0000475P   4513
16.22641640180833D0,21.80428849921608D0,26.48117313808624D0,     0000475P   4514
29.45721996414616D0,32.72468603944753D0,37.95102859071105D0,     0000475P   4515
44.25689859943903D0,50.54341141511376D0,56.8044098427681D0,      0000475P   4516
56.8044098427681D0,56.8044098427681D0,56.8044098427681D0,1.0D0,  0000475P   4517
1.0D0,1.0D0,1.0D0,1.0D0,1.0D0,1.0D0,1.0D0,1.0D0,1.0D0,1.0D0,     0000475P   4518
1.0D0,1.0D0,16.54136631122596D0,-7.692183180781097D0,            0000475P   4519
60.45920919009664D0,18.75346204322189D0,-5.487498163836655D0,    0000475P   4520
58.75540612954624D0,23.07715058530734D0,-1.526182619258968D0,    0000475P   4521
57.32655826964296D0,28.68589029247173D0,2.390505260649036D0,     0000475P   4522
60.29436126978301D0,31.94106607215369D0,4.787614253187428D0,     0000475P   4523
63.76969011985163D0,34.32420626311508D0,6.664241395644432D0,     0000475P   4524
66.82510802411009D0,35.63172811369715D0,10.11176780313569D0,     0000475P   4525
69.00465691040995D0,33.63173770978906D0,13.53458743965063D0,     0000475P   4526
66.8620734993024D0,30.93407551211089D0,16.0330881251473D0,       0000475P   4527
63.93388364696349D0,27.19860122675699D0,19.3236074743125D0,      0000475P   4528
60.53346030265681D0,22.85952395599573D0,23.31300596367933D0,     0000475P   4529
58.07980475668391D0,19.98744780833344D0,26.54158987497922D0,     0000475P   4530
58.19654942673613D0,18.66937508994792D0,28.11596091378161D0,     0000475P   4531
58.57018956586927D0,0.0D0,56.8044098427681D0,0.0D0,0.0D0,0.0D0;  0000475P   4532
126,12,3,0,0,1,0,0.0D0,0.0D0,0.0D0,0.0D0,10.67298157898501D0,    0000477P   4533
16.22641640180833D0,21.80428849921608D0,26.48117313808624D0,     0000477P   4534
29.45721996414616D0,32.72468603944753D0,37.95102859071105D0,     0000477P   4535
44.25689859943903D0,50.54341141511376D0,56.8044098427681D0,      0000477P   4536
56.8044098427681D0,56.8044098427681D0,56.8044098427681D0,1.0D0,  0000477P   4537
1.0D0,1.0D0,1.0D0,1.0D0,1.0D0,1.0D0,1.0D0,1.0D0,1.0D0,1.0D0,     0000477P   4538
1.0D0,1.0D0,43.54697194306339D0,17.00911552015515D0,             0000477P   4539
277.6925590299874D0,45.65953855409725D0,19.84450108059885D0,     0000477P   4540
277.2993676539794D0,49.3452665110439D0,24.5365519474715D0,       0000477P   4541
278.2093004808878D0,53.06859248701159D0,28.14361271079929D0,     0000477P   4542
283.5695445075462D0,54.73361572771764D0,29.87802741448805D0,     0000477P   4543
288.3276654327007D0,55.79124270944476D0,31.12477864142488D0,     0000477P   4544
292.3105917083049D0,55.76251949431875D0,33.97995619868361D0,     0000477P   4545
295.5031801818337D0,53.78255703851038D0,37.58975493981018D0,     0000477P   4546
293.6713992791218D0,51.53711746264226D0,40.44699775104811D0,     0000477P   4547
290.6900661128513D0,48.28494364555527D0,44.06377033742483D0,     0000477P   4548
287.1282567178718D0,44.07194732142819D0,48.01708085937518D0,     0000477P   4549
284.4106630586189D0,40.69977401462439D0,50.72100601912385D0,     0000477P   4550
284.3520055133354D0,39.04792338837203D0,51.96322709354533D0,     0000477P   4551
284.6415622835139D0,0.0D0,56.8044098427681D0,0.0D0,0.0D0,0.0D0;  0000477P   4552
126,12,3,0,0,1,0,0.0D0,0.0D0,0.0D0,0.0D0,10.67298157898501D0,    0000479P   4553
16.22641640180833D0,21.80428849921608D0,26.48117313808624D0,     0000479P   4554
29.45721996414616D0,32.72468603944753D0,37.95102859071105D0,     0000479P   4555
44.25689859943903D0,50.54341141511376D0,56.8044098427681D0,      0000479P   4556
56.8044098427681D0,56.8044098427681D0,56.8044098427681D0,1.0D0,  0000479P   4557
1.0D0,1.0D0,1.0D0,1.0D0,1.0D0,1.0D0,1.0D0,1.0D0,1.0D0,1.0D0,     0000479P   4558
1.0D0,1.0D0,-35.14901879582084D0,-46.51547988385833D0,           0000479P   4559
225.0495891329705D0,-36.69338526856839D0,-43.58344370723583D0,   0000479P   4560
226.3438242265393D0,-37.85063421396387D0,-38.020912256175D0,     0000479P   4561
228.3802250696358D0,-34.6629536937281D0,-31.36677048491448D0,    0000479P   4562
229.4606647430357D0,-31.05643508058716D0,-27.48365601378194D0,   0000479P   4563
230.0391601985102D0,-27.89614130191435D0,-24.6006791223739D0,    0000479P   4564
230.5266565034543D0,-25.44114275556097D0,-22.0678045860703D0,    0000479P   4565
232.9562683631178D0,-27.2186107489151D0,-22.51148251346304D0,    0000479P   4566
237.0733154824421D0,-29.84699952865358D0,-23.94962597936924D0,   0000479P   4567
240.6951242313362D0,-32.85056378359732D0,-26.01857904500514D0,   0000479P   4568
245.4953533532528D0,-34.83459214718374D0,-28.37939770626251D0,   0000479P   4569
251.0858349164124D0,-34.36112359831202D0,-29.73657837838097D0,   0000479P   4570
255.1626097378512D0,-33.81674242933437D0,-30.32776268307764D0,   0000479P   4571
257.0886723207093D0,0.0D0,56.8044098427681D0,0.0D0,0.0D0,0.0D0;  0000479P   4572
126,12,3,0,0,1,0,0.0D0,0.0D0,0.0D0,0.0D0,10.67298157898501D0,    0000481P   4573
16.22641640180833D0,21.80428849921608D0,26.48117313808624D0,     0000481P   4574
29.45721996414616D0,32.72468603944753D0,37.95102859071105D0,     0000481P   4575
44.25689859943903D0,50.54341141511376D0,56.8044098427681D0,      0000481P   4576
56.8044098427681D0,56.8044098427681D0,56.8044098427681D0,1.0D0,  0000481P   4577
1.0D0,1.0D0,1.0D0,1.0D0,1.0D0,1.0D0,1.0D0,1.0D0,1.0D0,1.0D0,     0000481P   4578
1.0D0,1.0D0,5.960425957457616D0,-43.43215977163504D0,            0000481P   4579
113.2296572688194D0,8.776603246076618D0,-42.77416445434025D0,    0000481P   4580
111.1576688368827D0,14.34945217928778D0,-42.08987652016268D0,    0000481P   4581
108.9433936845653D0,21.53741998590998D0,-42.99124198762658D0,    0000481P   4582
110.7117032739777D0,26.05325554091201D0,-43.72502932834703D0,    0000481P   4583
113.4483064373234D0,29.51372785175003D0,-44.2574595174566D0,     0000481P   4584
115.9539629682336D0,33.01661156136505D0,-42.76626233338388D0,    0000481P   4585
117.9165178701402D0,33.33471570343133D0,-38.5252016360168D0,     0000481P   4586
116.4270436443012D0,32.41932834961783D0,-34.437489562971D0,      0000481P   4587
114.2947071746268D0,31.1440770580564D0,-29.02257006592926D0,     0000481P   4588
111.9716605482749D0,29.99527134823803D0,-22.86499000835232D0,    0000481P   4589
110.7356303372758D0,29.87037948393723D0,-18.63866520765778D0,    0000481P   4590
111.6349553561241D0,29.92016566866604D0,-16.6833380680461D0,     0000481P   4591
112.3628179291772D0,0.0D0,56.8044098427681D0,0.0D0,0.0D0,0.0D0;  0000481P   4592
126,12,3,0,0,1,0,0.0D0,0.0D0,0.0D0,0.0D0,10.67298157898501D0,    0000483P   4593
16.22641640180833D0,21.80428849921608D0,26.48117313808624D0,     0000483P   4594
29.45721996414616D0,32.72468603944753D0,37.95102859071105D0,     0000483P   4595
44.25689859943903D0,50.54341141511376D0,56.8044098427681D0,      0000483P   4596
56.8044098427681D0,56.8044098427681D0,56.8044098427681D0,1.0D0,  0000483P   4597
1.0D0,1.0D0,1.0D0,1.0D0,1.0D0,1.0D0,1.0D0,1.0D0,1.0D0,1.0D0,     0000483P   4598
1.0D0,1.0D0,27.42035471121482D0,-32.56632311816924D0,            0000483P   4599
14.16470323720373D0,26.48821006415466D0,-29.22996249523279D0,    0000483P   4600
13.35430051554553D0,26.2587587249291D0,-23.23081005830742D0,     0000483P   4601
12.7334689917938D0,30.11957335928668D0,-17.01346289901933D0,     0000483P   4602
14.16349149476499D0,33.67097742206749D0,-13.57066487544602D0,    0000483P   4603
16.15218011961286D0,36.6228632323414D0,-11.03773384744444D0,     0000483P   4604
17.99806628667068D0,37.77509156981721D0,-8.004623391528717D0,    0000483P   4605
20.79415210230698D0,33.85390054675801D0,-6.643988051270114D0,    0000483P   4606
22.54893185626735D0,29.28543469387716D0,-6.306747743716784D0,    0000483P   4607
23.60229387645445D0,23.52494252413095D0,-6.054495909193804D0,    0000483P   4608
25.36219831094775D0,17.93067353425966D0,-5.859278428520923D0,    0000483P   4609
28.43292493686011D0,15.36484311898251D0,-5.564573754857584D0,    0000483P   4610
31.89931617612038D0,14.40182843579737D0,-5.409839768533971D0,    0000483P   4611
33.74437089774508D0,0.0D0,56.8044098427681D0,0.0D0,0.0D0,0.0D0;  0000483P   4612
126,12,3,0,0,1,0,0.0D0,0.0D0,0.0D0,0.0D0,10.67298157898501D0,    0000485P   4613
16.22641640180833D0,21.80428849921608D0,26.48117313808624D0,     0000485P   4614
29.45721996414616D0,32.72468603944753D0,37.95102859071105D0,     0000485P   4615
44.25689859943903D0,50.54341141511376D0,56.8044098427681D0,      0000485P   4616
56.8044098427681D0,56.8044098427681D0,56.8044098427681D0,1.0D0,  0000485P   4617
1.0D0,1.0D0,1.0D0,1.0D0,1.0D0,1.0D0,1.0D0,1.0D0,1.0D0,1.0D0,     0000485P   4618
1.0D0,1.0D0,-59.73893462313821D0,24.17643844673724D0,            0000485P   4619
43.39423449595655D0,-59.88979373293112D0,24.52069604055292D0,    0000485P   4620
46.93198472155015D0,-58.62468237410627D0,25.50951964111696D0,    0000485P   4621
52.75002827554353D0,-53.16024736243995D0,27.79749693353245D0,    0000485P   4622
57.27897623413696D0,-48.37743609188364D0,29.14958412931615D0,    0000485P   4623
59.20687354989131D0,-44.37273803173193D0,30.09513821340953D0,    0000485P   4624
60.47375400688658D0,-40.78500137387998D0,29.19003725945937D0,    0000485P   4625
62.63116518812531D0,-41.82313841072214D0,25.4185770539755D0,     0000485P   4626
64.8682791692577D0,-44.08262049861614D0,21.6016149312257D0,      0000485P   4627
66.42382526871256D0,-46.69381491131887D0,16.45466532460387D0,    0000485P   4628
68.16587524797323D0,-48.32759210233556D0,10.45983783586507D0,    0000485P   4629
69.63425288239095D0,-47.62761746579613D0,6.236645259888377D0,    0000485P   4630
70.2349897321659D0,-46.98486679471161D0,4.260853523066281D0,     0000485P   4631
70.43167577607664D0,0.0D0,56.8044098427681D0,0.0D0,0.0D0,0.0D0;  0000485P   4632
126,12,3,0,0,1,0,0.0D0,0.0D0,0.0D0,0.0D0,10.67298157898501D0,    0000487P   4633
16.22641640180833D0,21.80428849921608D0,26.48117313808624D0,     0000487P   4634
29.45721996414616D0,32.72468603944753D0,37.95102859071105D0,     0000487P   4635
44.25689859943903D0,50.54341141511376D0,56.8044098427681D0,      0000487P   4636
56.8044098427681D0,56.8044098427681D0,56.8044098427681D0,1.0D0,  0000487P   4637
1.0D0,1.0D0,1.0D0,1.0D0,1.0D0,1.0D0,1.0D0,1.0D0,1.0D0,1.0D0,     0000487P   4638
1.0D0,1.0D0,58.24650225485495D0,-6.111109026207714D0,            0000487P   4639
179.4808773938445D0,56.05116594489535D0,-7.201593775184534D0,    0000487P   4640
182.0593051936901D0,52.62020196709445D0,-7.604316708688287D0,    0000487P   4641
187.0084677573252D0,50.27272288167828D0,-3.65296067816422D0,     0000487P   4642
192.8806383238667D0,49.8044624734857D0,0.1159494509530816D0,     0000487P   4643
196.6217959152563D0,49.74185561719916D0,3.282746293706595D0,     0000487P   4644
199.5379823478283D0,50.50709225420763D0,4.811207055933181D0,     0000487P   4645
203.46528494065D0,51.90684154233914D0,1.189269676638759D0,       0000487P   4646
205.7518962115562D0,53.29325968501245D0,-3.166496445411184D0,    0000487P   4647
206.8470350352758D0,55.49769078446364D0,-8.589969726722188D0,    0000487P   4648
208.2859880362299D0,58.83555020028921D0,-13.64652279503645D0,    0000487P   4649
210.2992647172624D0,62.03886230174474D0,-15.65144386353404D0,    0000487P   4650
212.3981424835993D0,63.68817875606838D0,-16.32071861016846D0,    0000487P   4651
213.4878182883037D0,0.0D0,56.8044098427681D0,0.0D0,0.0D0,0.0D0;  0000487P   4652
126,12,3,0,0,1,0,0.0D0,0.0D0,0.0D0,0.0D0,10.67298157898501D0,    0000489P   4653
16.22641640180833D0,21.80428849921608D0,26.48117313808624D0,     0000489P   4654
29.45721996414616D0,32.72468603944753D0,37.95102859071105D0,     0000489P   4655
44.25689859943903D0,50.54341141511376D0,56.8044098427681D0,      0000489P   4656
56.8044098427681D0,56.8044098427681D0,56.8044098427681D0,1.0D0,  0000489P   4657
1.0D0,1.0D0,1.0D0,1.0D0,1.0D0,1.0D0,1.0D0,1.0D0,1.0D0,1.0D0,     0000489P   4658
1.0D0,1.0D0,-6.439248555681537D0,-70.16326983290843D0,           0000489P   4659
195.4886242642818D0,-2.919481469823682D0,-70.38172194931508D0,   0000489P   4660
195.0190853896996D0,3.065420936404343D0,-70.51083496935908D0,    0000489P   4661
195.7886194535363D0,8.33095115510633D0,-70.17362585867522D0,     0000489P   4662
201.0580350976651D0,10.86225125630262D0,-69.37536313697933D0,    0000489P   4663
205.6814005298681D0,12.62019209469924D0,-68.55217251892888D0,    0000489P   4664
209.5244027919408D0,15.04219871083432D0,-66.17063525662589D0,    0000489P   4665
212.1335500257186D0,16.79414506835689D0,-63.05279800105386D0,    0000489P   4666
209.3920003979496D0,17.74057577877472D0,-60.42070906382372D0,    0000489P   4667
205.6143609820658D0,18.70983959064527D0,-56.71001620523614D0,    0000489P   4668
200.9629686296081D0,19.42928597300504D0,-51.84013933123748D0,    0000489P   4669
196.8972566941797D0,19.6982026776521D0,-47.67548420352691D0,     0000489P   4670
195.7705196967146D0,19.77310017594283D0,-45.60252757964145D0,    0000489P   4671
195.5407197563698D0,0.0D0,56.8044098427681D0,0.0D0,0.0D0,0.0D0;  0000489P   4672
126,12,3,0,0,1,0,0.0D0,0.0D0,0.0D0,0.0D0,10.67298157898501D0,    0000491P   4673
16.22641640180833D0,21.80428849921608D0,26.48117313808624D0,     0000491P   4674
29.45721996414616D0,32.72468603944753D0,37.95102859071105D0,     0000491P   4675
44.25689859943903D0,50.54341141511376D0,56.8044098427681D0,      0000491P   4676
56.8044098427681D0,56.8044098427681D0,56.8044098427681D0,1.0D0,  0000491P   4677
1.0D0,1.0D0,1.0D0,1.0D0,1.0D0,1.0D0,1.0D0,1.0D0,1.0D0,1.0D0,     0000491P   4678
1.0D0,1.0D0,0.3430264625116202D0,4.691655404262775D0,            0000491P   4679
117.6182011011072D0,-1.167832257915034D0,3.519337568596583D0,    0000491P   4680
120.6181886410287D0,-3.485626223999965D0,3.026509446591632D0,    0000491P   4681
126.169122006902D0,-5.029640534355099D0,7.014029932838284D0,     0000491P   4682
132.2782921535064D0,-5.146079296536509D0,10.89979445266614D0,    0000491P   4683
135.9262350815091D0,-4.966674129028654D0,14.1861482898674D0,     0000491P   4684
138.7019075070357D0,-3.605145228490048D0,15.97635037747717D0,    0000491P   4685
142.3470276156722D0,-1.400929159193197D0,12.62877715812097D0,    0000491P   4686
144.4065189641105D0,0.6322706644452545D0,8.491245440735597D0,    0000491P   4687
145.3236408667694D0,3.644683202223252D0,3.390495237684291D0,     0000491P   4688
146.4425165133837D0,7.836143074830918D0,-1.205014500594288D0,    0000491P   4689
147.8834439191156D0,11.58761504420584D0,-2.77665626500459D0,     0000491P   4690
149.3472079081577D0,13.48218809444805D0,-3.224624726804791D0,    0000491P   4691
150.0991946280348D0,0.0D0,56.8044098427681D0,0.0D0,0.0D0,0.0D0;  0000491P   4692
126,12,3,0,0,1,0,0.0D0,0.0D0,0.0D0,0.0D0,10.67298157898501D0,    0000493P   4693
16.22641640180833D0,21.80428849921608D0,26.48117313808624D0,     0000493P   4694
29.45721996414616D0,32.72468603944753D0,37.95102859071105D0,     0000493P   4695
44.25689859943903D0,50.54341141511376D0,56.8044098427681D0,      0000493P   4696
56.8044098427681D0,56.8044098427681D0,56.8044098427681D0,1.0D0,  0000493P   4697
1.0D0,1.0D0,1.0D0,1.0D0,1.0D0,1.0D0,1.0D0,1.0D0,1.0D0,1.0D0,     0000493P   4698
1.0D0,1.0D0,-22.50929477919266D0,-49.81816603860867D0,           0000493P   4699
259.4937322772021D0,-19.7176627037131D0,-49.1993316523172D0,     0000493P   4700
257.3769463224841D0,-14.22783305837874D0,-48.00416940041639D0,   0000493P   4701
255.1721181395493D0,-7.177784509489612D0,-46.78575752427025D0,   0000493P   4702
257.274152310859D0,-2.851032014436996D0,-45.7052379884407D0,     0000493P   4703
260.1950942606591D0,0.4244579467660685D0,-44.73093366196592D0,   0000493P   4704
262.8139798566169D0,3.38347912680922D0,-42.01777659836979D0,     0000493P   4705
264.3067817430656D0,2.973382871966265D0,-38.42605121152496D0,    0000493P   4706
261.6164937732289D0,1.443199606250687D0,-35.42905950040605D0,    0000493P   4707
258.3346097599892D0,-0.6868882444605333D0,-31.32706207555122D0,  0000493P   4708
254.4641437003249D0,-2.932322258548751D0,-26.19016646389685D0,   0000493P   4709
251.4090419065667D0,-3.971582721473993D0,-22.01499925634701D0,   0000493P   4710
250.9917635013484D0,-4.373422009288248D0,-19.96981530313858D0,   0000493P   4711
251.0981335941895D0,0.0D0,56.8044098427681D0,0.0D0,0.0D0,0.0D0;  0000493P   4712
126,12,3,0,0,1,0,0.0D0,0.0D0,0.0D0,0.0D0,10.67298157898501D0,    0000495P   4713
16.22641640180833D0,21.80428849921608D0,26.48117313808624D0,     0000495P   4714
29.45721996414616D0,32.72468603944753D0,37.95102859071105D0,     0000495P   4715
44.25689859943903D0,50.54341141511376D0,56.8044098427681D0,      0000495P   4716
56.8044098427681D0,56.8044098427681D0,56.8044098427681D0,1.0D0,  0000495P   4717
1.0D0,1.0D0,1.0D0,1.0D0,1.0D0,1.0D0,1.0D0,1.0D0,1.0D0,1.0D0,     0000495P   4718
1.0D0,1.0D0,-21.16741529037852D0,-33.08739909644423D0,           0000495P   4719
106.5079639220183D0,-22.25439848000235D0,-30.67464667833426D0,   0000495P   4720
108.88578682017D0,-24.03380182891959D0,-25.61955189198964D0,     0000495P   4721
111.6620523122218D0,-25.64600195975635D0,-18.45337114699765D0,   0000495P   4722
110.3763914054439D0,-26.02893962656957D0,-13.65247420579932D0,   0000495P   4723
108.0905745277864D0,-26.10301111981958D0,-9.887252839701034D0,   0000495P   4724
106.003881773831D0,-24.72858665450288D0,-5.874120288872916D0,    0000495P   4725
105.4112523900736D0,-21.91348664241413D0,-5.203010553001178D0,   0000495P   4726
108.8654010837094D0,-19.24416183120881D0,-5.877488997743569D0,   0000495P   4727
112.6751211127156D0,-15.45523556144053D0,-6.731327842042724D0,   0000495P   4728
117.2858869487241D0,-10.54989435974188D0,-7.129875212366102D0,   0000495P   4729
121.3530856278408D0,-6.508900085623965D0,-6.41224126936573D0,    0000495P   4730
122.7101307960871D0,-4.516508048416242D0,-5.913864229003629D0,   0000495P   4731
123.0810231093729D0,0.0D0,56.8044098427681D0,0.0D0,0.0D0,0.0D0;  0000495P   4732
126,12,3,0,0,1,0,0.0D0,0.0D0,0.0D0,0.0D0,10.67298157898501D0,    0000497P   4733
16.22641640180833D0,21.80428849921608D0,26.48117313808624D0,     0000497P   4734
29.45721996414616D0,32.72468603944753D0,37.95102859071105D0,     0000497P   4735
44.25689859943903D0,50.54341141511376D0,56.8044098427681D0,      0000497P   4736
56.8044098427681D0,56.8044098427681D0,56.8044098427681D0,1.0D0,  0000497P   4737
1.0D0,1.0D0,1.0D0,1.0D0,1.0D0,1.0D0,1.0D0,1.0D0,1.0D0,1.0D0,     0000497P   4738
1.0D0,1.0D0,-16.59309515404018D0,-16.70989666244024D0,           0000497P   4739
197.3148504411768D0,-17.23354392961869D0,-13.37910475144104D0,   0000497P   4740
196.2412587906517D0,-17.03262673471025D0,-7.422115084985649D0,   0000497P   4741
195.2916188304785D0,-12.96271390754691D0,-1.356581610264852D0,   0000497P   4742
196.7920764091238D0,-9.425668653657851D0,1.992571697682887D0,    0000497P   4743
198.9583392017367D0,-6.525185308691704D0,4.459812721401757D0,    0000497P   4744
200.9674642022525D0,-5.476853945467042D0,7.580120858559848D0,    0000497P   4745
203.7079319634084D0,-9.464157010436395D0,9.254860267994115D0,    0000497P   4746
204.9740211119139D0,-14.08621584939746D0,9.905042881789306D0,    0000497P   4747
205.5290143348004D0,-19.96825166366486D0,10.57727356196795D0,    0000497P   4748
206.6665226805189D0,-25.82049350111129D0,11.25882311189339D0,    0000497P   4749
209.1262123141761D0,-28.69902864733376D0,11.89429520499077D0,    0000497P   4750
212.287923151542D0,-29.83141249176754D0,12.20807634339067D0,     0000497P   4751
214.0126883640835D0,0.0D0,56.8044098427681D0,0.0D0,0.0D0,0.0D0;  0000497P   4752
126,12,3,0,0,1,0,0.0D0,0.0D0,0.0D0,0.0D0,10.67298157898501D0,    0000499P   4753
16.22641640180833D0,21.80428849921608D0,26.48117313808624D0,     0000499P   4754
29.45721996414616D0,32.72468603944753D0,37.95102859071105D0,     0000499P   4755
44.25689859943903D0,50.54341141511376D0,56.8044098427681D0,      0000499P   4756
56.8044098427681D0,56.8044098427681D0,56.8044098427681D0,1.0D0,  0000499P   4757
1.0D0,1.0D0,1.0D0,1.0D0,1.0D0,1.0D0,1.0D0,1.0D0,1.0D0,1.0D0,     0000499P   4758
1.0D0,1.0D0,-57.82559993770911D0,43.56971219104267D0,            0000499P   4759
8.130370051967521D0,-54.34576296481396D0,44.29486243766908D0,    0000499P   4760
7.982585808949842D0,-48.32196242808214D0,44.03362034842647D0,    0000499P   4761
8.25367495277839D0,-42.69440199425267D0,39.38126542429598D0,     0000499P   4762
9.767747910894006D0,-39.86484491306452D0,35.20819638654039D0,    0000499P   4763
11.49960039458864D0,-37.86663085488431D0,31.73792444632629D0,    0000499P   4764
13.08106124136881D0,-35.39287141292071D0,29.81063542187678D0,    0000499P   4765
15.9985184059905D0,-34.04111255584106D0,33.2018220876443D0,      0000499P   4766
18.64028307068287D0,-33.54281051187307D0,37.4532854513614D0,     0000499P   4767
20.58217317043063D0,-33.15164496181372D0,42.75441125017293D0,    0000499P   4768
23.42632847946323D0,-33.03118669111556D0,47.6651336157439D0,     0000499P   4769
27.50476115148128D0,-33.09176996121703D0,49.53070995034153D0,    0000499P   4770
31.40375581619087D0,-33.15509321825645D0,50.12967139420699D0,    0000499P   4771
33.40195554750498D0,0.0D0,56.8044098427681D0,0.0D0,0.0D0,0.0D0;  0000499P   4772
126,12,3,0,0,1,0,0.0D0,0.0D0,0.0D0,0.0D0,10.67298157898501D0,    0000501P   4773
16.22641640180833D0,21.80428849921608D0,26.48117313808624D0,     0000501P   4774
29.45721996414616D0,32.72468603944753D0,37.95102859071105D0,     0000501P   4775
44.25689859943903D0,50.54341141511376D0,56.8044098427681D0,      0000501P   4776
56.8044098427681D0,56.8044098427681D0,56.8044098427681D0,1.0D0,  0000501P   4777
1.0D0,1.0D0,1.0D0,1.0D0,1.0D0,1.0D0,1.0D0,1.0D0,1.0D0,1.0D0,     0000501P   4778
1.0D0,1.0D0,-28.48657866399409D0,40.93090471423614D0,            0000501P   4779
155.6006240038467D0,-28.04055490481039D0,42.42101246144576D0,    0000501P   4780
158.8002474392754D0,-28.21929860534559D0,46.06693226675919D0,    0000501P   4781
163.6068292935838D0,-31.30366160367984D0,52.38563651607814D0,    0000501P   4782
166.0901619743026D0,-33.81540960667593D0,57.08302892816064D0,    0000501P   4783
166.3042600621284D0,-35.81721624259923D0,60.89050418287761D0,    0000501P   4784
166.1237952502221D0,-35.80026186622639D0,65.17187853887665D0,    0000501P   4785
166.2463972109956D0,-31.53620605539075D0,66.17949123435039D0,    0000501P   4786
167.2994234458962D0,-26.94333483112984D0,65.83181265760012D0,    0000501P   4787
168.236886162048D0,-20.97249879417297D0,65.56336747095799D0,     0000501P   4788
169.0250605373119D0,-14.61878491457153D0,66.17973454562892D0,    0000501P   4789
168.9078898400176D0,-10.8718624248395D0,67.98089654215977D0,     0000501P   4790
167.723579025048D0,-9.245181935602709D0,69.05137117348178D0,     0000501P   4791
166.9728717172538D0,0.0D0,56.8044098427681D0,0.0D0,0.0D0,0.0D0;  0000501P   4792
126,12,3,0,0,1,0,0.0D0,0.0D0,0.0D0,0.0D0,10.67298157898501D0,    0000503P   4793
16.22641640180833D0,21.80428849921608D0,26.48117313808624D0,     0000503P   4794
29.45721996414616D0,32.72468603944753D0,37.95102859071105D0,     0000503P   4795
44.25689859943903D0,50.54341141511376D0,56.8044098427681D0,      0000503P   4796
56.8044098427681D0,56.8044098427681D0,56.8044098427681D0,1.0D0,  0000503P   4797
1.0D0,1.0D0,1.0D0,1.0D0,1.0D0,1.0D0,1.0D0,1.0D0,1.0D0,1.0D0,     0000503P   4798
1.0D0,1.0D0,-45.53111694328916D0,38.54986468083877D0,            0000503P   4799
255.8583218431135D0,-46.27908936115719D0,41.57471524389398D0,    0000503P   4800
257.5752274182364D0,-46.17021046803765D0,47.16320621306838D0,    0000503P   4801
259.8522482204061D0,-42.18962777543388D0,53.46853229449425D0,    0000503P   4802
259.78834099691D0,-38.24290941726258D0,56.99058352772675D0,      0000503P   4803
259.1259356779288D0,-34.84010221863977D0,59.56002938509209D0,    0000503P   4804
258.5296837795554D0,-31.4945923815348D0,61.7933582604547D0,      0000503P   4805
260.0011766039264D0,-31.85307908094555D0,61.40367155023515D0,    0000503P   4806
264.476213040383D0,-33.26812370654159D0,60.11462322962242D0,     0000503P   4807
268.7692522848166D0,-34.70795767501596D0,58.20033380093241D0,    0000503P   4808
274.3015699520072D0,-34.95759301379019D0,55.8816641642147D0,     0000503P   4809
280.2450344904967D0,-33.30074944929979D0,54.37885424721083D0,    0000503P   4810
283.9440392950924D0,-32.21190721560561D0,53.68946320618005D0,    0000503P   4811
285.5856023901374D0,0.0D0,56.8044098427681D0,0.0D0,0.0D0,0.0D0;  0000503P   4812
126,12,3,0,0,1,0,0.0D0,0.0D0,0.0D0,0.0D0,10.67298157898501D0,    0000505P   4813
16.22641640180833D0,21.80428849921608D0,26.48117313808624D0,     0000505P   4814
29.45721996414616D0,32.72468603944753D0,37.95102859071105D0,     0000505P   4815
44.25689859943903D0,50.54341141511376D0,56.8044098427681D0,      0000505P   4816
56.8044098427681D0,56.8044098427681D0,56.8044098427681D0,1.0D0,  0000505P   4817
1.0D0,1.0D0,1.0D0,1.0D0,1.0D0,1.0D0,1.0D0,1.0D0,1.0D0,1.0D0,     0000505P   4818
1.0D0,1.0D0,42.09005501030717D0,-32.46912957845572D0,            0000505P   4819
271.0700321748657D0,41.09222658623457D0,-29.05902501609576D0,    0000505P   4820
270.8898274843623D0,40.91709211381576D0,-23.02650776633841D0,    0000505P   4821
270.9671140121304D0,45.24185192646303D0,-17.02397690151982D0,    0000505P   4822
271.9011030264085D0,49.32228474296772D0,-13.83780229026429D0,    0000505P   4823
273.1733336939521D0,52.75478749020073D0,-11.53695811348091D0,    0000505P   4824
274.3819304569978D0,54.73457139521463D0,-8.828848096999664D0,    0000505P   4825
277.0450265679093D0,51.49285223373147D0,-7.638385498464629D0,    0000505P   4826
279.939914343446D0,47.40070421139848D0,-7.385905637992906D0,     0000505P   4827
282.2387752141648D0,42.35248201641218D0,-7.285822054058897D0,    0000505P   4828
285.5326484039751D0,37.81991147685005D0,-7.384106462217389D0,    0000505P   4829
290.0281419125778D0,36.31028531231226D0,-7.44589496788511D0,     0000505P   4830
294.0782549742307D0,35.89381022546334D0,-7.483556749948107D0,    0000505P   4831
296.1229302307322D0,0.0D0,56.8044098427681D0,0.0D0,0.0D0,0.0D0;  0000505P   4832
126,12,3,0,0,1,0,0.0D0,0.0D0,0.0D0,0.0D0,10.67298157898501D0,    0000507P   4833
16.22641640180833D0,21.80428849921608D0,26.48117313808624D0,     0000507P   4834
29.45721996414616D0,32.72468603944753D0,37.95102859071105D0,     0000507P   4835
44.25689859943903D0,50.54341141511376D0,56.8044098427681D0,      0000507P   4836
56.8044098427681D0,56.8044098427681D0,56.8044098427681D0,1.0D0,  0000507P   4837
1.0D0,1.0D0,1.0D0,1.0D0,1.0D0,1.0D0,1.0D0,1.0D0,1.0D0,1.0D0,     0000507P   4838
1.0D0,1.0D0,-22.14818022195148D0,12.77313641808486D0,            0000507P   4839
263.180095963323D0,-19.18352746765862D0,10.84740511209537D0,     0000507P   4840
263.5792718696482D0,-14.41957658780055D0,7.873963140502433D0,    0000507P   4841
265.7909057713808D0,-11.16482185285513D0,5.913616779849832D0,    0000507P   4842
272.2072811859437D0,-9.818257775195576D0,5.645659986332639D0,    0000507P   4843
277.3585117026669D0,-8.912143647387396D0,5.730213677775794D0,    0000507P   4844
281.5666553589476D0,-6.386146737566165D0,6.781548390888062D0,    0000507P   4845
284.8620339412122D0,-2.72152767148782D0,8.494764358420078D0,     0000507P   4846
282.8766428707885D0,0.2932662637241492D0,10.1159463143776D0,     0000507P   4847
279.6553124913588D0,4.067861545092114D0,12.61715327071857D0,     0000507P   4848
275.6752925331548D0,8.045657340554627D0,16.2844043927859D0,      0000507P   4849
272.285347515285D0,10.56617621500175D0,19.72296916569211D0,      0000507P   4850
271.571581661279D0,11.68810727674621D0,21.48204245174021D0,      0000507P   4851
271.5215948695409D0,0.0D0,56.8044098427681D0,0.0D0,0.0D0,0.0D0;  0000507P   4852
126,12,3,0,0,1,0,0.0D0,0.0D0,0.0D0,0.0D0,10.67298157898501D0,    0000509P   4853
16.22641640180833D0,21.80428849921608D0,26.48117313808624D0,     0000509P   4854
29.45721996414616D0,32.72468603944753D0,37.95102859071105D0,     0000509P   4855
44.25689859943903D0,50.54341141511376D0,56.8044098427681D0,      0000509P   4856
56.8044098427681D0,56.8044098427681D0,56.8044098427681D0,1.0D0,  0000509P   4857
1.0D0,1.0D0,1.0D0,1.0D0,1.0D0,1.0D0,1.0D0,1.0D0,1.0D0,1.0D0,     0000509P   4858
1.0D0,1.0D0,-25.72013640275078D0,-9.360691894822882D0,           0000509P   4859
31.37081958371266D0,-22.28670694796886D0,-10.29125402570253D0,   0000509P   4860
31.42146265039972D0,-16.42111077083549D0,-10.85775666654226D0,   0000509P   4861
32.72598014899602D0,-11.22468580434957D0,-8.599446856277023D0,   0000509P   4862
37.57401728453065D0,-8.635926880716157D0,-5.895499146028758D0,   0000509P   4863
41.36969976735335D0,-6.79747291442605D0,-3.46374773008473D0,     0000509P   4864
44.40998548355363D0,-4.024809277976746D0,-0.450690328881457D0,   0000509P   4865
45.6666901123491D0,-1.736251865002514D0,0.5105835481830212D0,    0000509P   4866
41.90573583794159D0,-0.3154471371646528D0,0.6410858519129228D0,  0000509P   4867
37.42706796751132D0,1.321918927478461D0,1.226177356537473D0,     0000509P   4868
31.65464517063928D0,2.907877529078594D0,3.128031554729834D0,     0000509P   4869
25.76983393070035D0,3.901580529145395D0,6.02014313123308D0,      0000509P   4870
22.71460075384219D0,4.335105338885251D0,7.639419158495148D0,     0000509P   4871
21.47139192214184D0,0.0D0,56.8044098427681D0,0.0D0,0.0D0,0.0D0;  0000509P   4872
126,12,3,0,0,1,0,0.0D0,0.0D0,0.0D0,0.0D0,10.67298157898501D0,    0000511P   4873
16.22641640180833D0,21.80428849921608D0,26.48117313808624D0,     0000511P   4874
29.45721996414616D0,32.72468603944753D0,37.95102859071105D0,     0000511P   4875
44.25689859943903D0,50.54341141511376D0,56.8044098427681D0,      0000511P   4876
56.8044098427681D0,56.8044098427681D0,56.8044098427681D0,1.0D0,  0000511P   4877
1.0D0,1.0D0,1.0D0,1.0D0,1.0D0,1.0D0,1.0D0,1.0D0,1.0D0,1.0D0,     0000511P   4878
1.0D0,1.0D0,-1.202553091757068D0,-13.45364022616293D0,           0000511P   4879
158.4766003908914D0,0.9658857441896771D0,-11.80956576066013D0,   0000511P   4880
160.7682898522352D0,5.751084090380502D0,-9.847229142093951D0,    0000511P   4881
163.8794024253304D0,13.18562179799312D0,-10.34317612225637D0,    0000511P   4882
164.1759582648194D0,18.21333239445426D0,-11.95584819621536D0,    0000511P   4883
163.4400055251949D0,22.14217549828594D0,-13.5557630662246D0,     0000511P   4884
162.704390513492D0,25.62070858792296D0,-15.73216622016D0,        0000511P   4885
163.932625801908D0,24.82703739753921D0,-16.62307476982025D0,     0000511P   4886
168.2780472487975D0,22.74784943705501D0,-16.98040259891341D0,    0000511P   4887
172.478461164959D0,20.03373241447852D0,-17.88664661282934D0,     0000511P   4888
177.7847268216406D0,17.51836239194179D0,-20.09383642499494D0,    0000511P   4889
183.2220555950071D0,16.7796163443644D0,-23.04971360003638D0,     0000511P   4890
186.2885273772869D0,16.60363774984393D0,-24.67515209774763D0,    0000511P   4891
187.5856580710769D0,0.0D0,56.8044098427681D0,0.0D0,0.0D0,0.0D0;  0000511P   4892
126,12,3,0,0,1,0,0.0D0,0.0D0,0.0D0,0.0D0,10.67298157898501D0,    0000513P   4893
16.22641640180833D0,21.80428849921608D0,26.48117313808624D0,     0000513P   4894
29.45721996414616D0,32.72468603944753D0,37.95102859071105D0,     0000513P   4895
44.25689859943903D0,50.54341141511376D0,56.8044098427681D0,      0000513P   4896
56.8044098427681D0,56.8044098427681D0,56.8044098427681D0,1.0D0,  0000513P   4897
1.0D0,1.0D0,1.0D0,1.0D0,1.0D0,1.0D0,1.0D0,1.0D0,1.0D0,1.0D0,     0000513P   4898
1.0D0,1.0D0,10.32187861065212D0,2.65248103180631D0,              0000513P   4899
85.29579129274435D0,13.67408601209252D0,1.930440048934408D0,     0000513P   4900
86.24358387415464D0,19.01562271921878D0,1.691092335603919D0,     0000513P   4901
89.04333528061385D0,22.60167849523037D0,4.15179412271398D0,      0000513P   4902
95.10067878954814D0,23.92457712934936D0,6.922741958916909D0,     0000513P   4903
99.45865983445231D0,24.74076815017681D0,9.393384317959885D0,     0000513P   4904
102.8888819442388D0,26.88716005178422D0,12.54010993623775D0,     0000513P   4905
104.8476072327512D0,30.01585557605473D0,13.72106162786137D0,     0000513P   4906
101.8271872335043D0,32.5507273400828D0,14.03635364705361D0,      0000513P   4907
97.88140481399395D0,35.60443095496505D0,14.84702111163876D0,     0000513P   4908
92.74702294870629D0,38.55361199566234D0,16.97109357067466D0,     0000513P   4909
87.49783588928084D0,40.12647178526471D0,19.98492239682573D0,     0000513P   4910
84.82778857187735D0,40.76617810263983D0,21.65457266594276D0,     0000513P   4911
83.75140080778341D0,0.0D0,56.8044098427681D0,0.0D0,0.0D0,0.0D0;  0000513P   4912
126,12,3,0,0,1,0,0.0D0,0.0D0,0.0D0,0.0D0,10.67298157898501D0,    0000515P   4913
16.22641640180833D0,21.80428849921608D0,26.48117313808624D0,     0000515P   4914
29.45721996414616D0,32.72468603944753D0,37.95102859071105D0,     0000515P   4915
44.25689859943903D0,50.54341141511376D0,56.8044098427681D0,      0000515P   4916
56.8044098427681D0,56.8044098427681D0,56.8044098427681D0,1.0D0,  0000515P   4917
1.0D0,1.0D0,1.0D0,1.0D0,1.0D0,1.0D0,1.0D0,1.0D0,1.0D0,1.0D0,     0000515P   4918
1.0D0,1.0D0,0.3947824568105318D0,37.60091290111767D0,            0000515P   4919
202.2585857870086D0,2.348560162427745D0,40.57299914073531D0,     0000515P   4920
202.1785577800147D0,6.164206082508755D0,44.99978209977293D0,     0000515P   4921
200.6711266852156D0,10.77184011449084D0,47.20310554416325D0,     0000515P   4922
195.2377728291059D0,13.88029091222792D0,47.25174201513593D0,     0000515P   4923
190.9070246689615D0,16.3667416735076D0,46.93719699074398D0,      0000515P   4924
187.4062691489905D0,20.19778817871166D0,46.64884845085255D0,     0000515P   4925
185.5127478625044D0,23.09975157322653D0,47.11189373199539D0,     0000515P   4926
188.9289617138165D0,24.92459184983655D0,47.55249694216265D0,     0000515P   4927
193.2382551124612D0,27.40175060231091D0,47.68199900514317D0,     0000515P   4928
198.732895990171D0,30.71022068924235D0,46.78853541191972D0,      0000515P   4929
204.1198307306655D0,33.78845895525079D0,45.02179009807963D0,     0000515P   4930
206.587474335801D0,35.34931615714578D0,43.99335301397151D0,      0000515P   4931
207.5157031716314D0,0.0D0,56.8044098427681D0,0.0D0,0.0D0,0.0D0;  0000515P   4932
126,12,3,0,0,1,0,0.0D0,0.0D0,0.0D0,0.0D0,10.67298157898501D0,    0000517P   4933
16.22641640180833D0,21.80428849921608D0,26.48117313808624D0,     0000517P   4934
29.45721996414616D0,32.72468603944753D0,37.95102859071105D0,     0000517P   4935
44.25689859943903D0,50.54341141511376D0,56.8044098427681D0,      0000517P   4936
56.8044098427681D0,56.8044098427681D0,56.8044098427681D0,1.0D0,  0000517P   4937
1.0D0,1.0D0,1.0D0,1.0D0,1.0D0,1.0D0,1.0D0,1.0D0,1.0D0,1.0D0,     0000517P   4938
1.0D0,1.0D0,-3.134648585433567D0,48.35420346598366D0,            0000517P   4939
22.98413057512383D0,-0.7644014215328312D0,50.11204800354643D0,   0000517P   4940
24.97130429283851D0,2.964103541006615D0,54.24903804602194D0,     0000517P   4941
27.29756175756619D0,5.18575687330295D0,61.31562953363256D0,      0000517P   4942
26.44093995227112D0,6.062735638824826D0,66.16530517743688D0,     0000517P   4943
24.40826538668749D0,6.665566610547728D0,69.95362453488565D0,     0000517P   4944
22.4532982675892D0,9.134853098781896D0,72.79328337735629D0,      0000517P   4945
20.40770618575262D0,13.23617661321373D0,70.93334252559841D0,     0000517P   4946
20.5692147345067D0,16.7729134205938D0,67.92309461712854D0,       0000517P   4947
21.29315057726176D0,21.31222549827297D0,63.98471156547372D0,     0000517P   4948
21.770591090992D0,26.29113709172837D0,60.06282946910793D0,       0000517P   4949
21.00078749679178D0,29.6175334174487D0,58.31676096108396D0,      0000517P   4950
18.86243835837166D0,31.13516851319473D0,57.66816023265955D0,     0000517P   4951
17.58507090004552D0,0.0D0,56.8044098427681D0,0.0D0,0.0D0,0.0D0;  0000517P   4952
126,12,3,0,0,1,0,0.0D0,0.0D0,0.0D0,0.0D0,10.67298157898501D0,    0000519P   4953
16.22641640180833D0,21.80428849921608D0,26.48117313808624D0,     0000519P   4954
29.45721996414616D0,32.72468603944753D0,37.95102859071105D0,     0000519P   4955
44.25689859943903D0,50.54341141511376D0,56.8044098427681D0,      0000519P   4956
56.8044098427681D0,56.8044098427681D0,56.8044098427681D0,1.0D0,  0000519P   4957
1.0D0,1.0D0,1.0D0,1.0D0,1.0D0,1.0D0,1.0D0,1.0D0,1.0D0,1.0D0,     0000519P   4958
1.0D0,1.0D0,22.76944992133518D0,-27.08176374013362D0,            0000519P   4959
211.7970075546696D0,24.9230511342675D0,-29.91333062258312D0,     0000519P   4960
211.8313474216833D0,28.924971797238D0,-34.17320068620225D0,      0000519P   4961
213.3366871533702D0,33.25162435034613D0,-36.45973724054249D0,    0000519P   4962
218.9632392031898D0,36.01465717100294D0,-36.62128088126193D0,    0000519P   4963
223.5195276904316D0,38.19621156228992D0,-36.40155734421178D0,    0000519P   4964
227.2248221694667D0,41.83977026474779D0,-35.99779166782245D0,    0000519P   4965
229.4399831857775D0,45.02077178925853D0,-36.00895350003977D0,    0000519P   4966
226.2482087156823D0,47.19742197823017D0,-36.00379928546489D0,    0000519P   4967
222.0821133965049D0,50.09076888996181D0,-35.55699363912858D0,    0000519P   4968
216.8120969821992D0,53.72786090171137D0,-34.04445959073423D0,    0000519P   4969
211.7874457647117D0,56.84879801203444D0,-31.89582247319428D0,    0000519P   4970
209.7067451906746D0,58.39690154001353D0,-30.69845357376575D0,    0000519P   4971
208.9820038591063D0,0.0D0,56.8044098427681D0,0.0D0,0.0D0,0.0D0;  0000519P   4972
126,12,3,0,0,1,0,0.0D0,0.0D0,0.0D0,0.0D0,10.67298157898501D0,    0000521P   4973
16.22641640180833D0,21.80428849921608D0,26.48117313808624D0,     0000521P   4974
29.45721996414616D0,32.72468603944753D0,37.95102859071105D0,     0000521P   4975
44.25689859943903D0,50.54341141511376D0,56.8044098427681D0,      0000521P   4976
56.8044098427681D0,56.8044098427681D0,56.8044098427681D0,1.0D0,  0000521P   4977
1.0D0,1.0D0,1.0D0,1.0D0,1.0D0,1.0D0,1.0D0,1.0D0,1.0D0,1.0D0,     0000521P   4978
1.0D0,1.0D0,-44.31902338969138D0,-7.227283635585408D0,           0000521P   4979
221.1797382503079D0,-46.86947293755114D0,-5.66092264095731D0,    0000521P   4980
223.1029305857035D0,-50.84588146848341D0,-1.767161186240571D0,   0000521P   4981
225.4384619146125D0,-53.480532203092D0,5.160039777353745D0,      0000521P   4982
224.6145917697562D0,-54.03528045419762D0,10.25395861588744D0,    0000521P   4983
223.1433824919231D0,-54.14876535594884D0,14.35520095099695D0,    0000521P   4984
221.8381631015426D0,-53.69305474698663D0,18.55457388756493D0,    0000521P   4985
222.5474443210668D0,-52.86657057777529D0,18.79301394553305D0,    0000521P   4986
226.970835532591D0,-51.98461577477764D0,17.63391223709623D0,     0000521P   4987
231.4399318366013D0,-50.42124352487997D0,16.28118806847179D0,    0000521P   4988
237.1029848273604D0,-47.76743672295979D0,15.66850596907641D0,    0000521P   4989
242.8775192250452D0,-44.99671812267414D0,16.64934046356215D0,    0000521P   4990
246.0472647859253D0,-43.54024803600808D0,17.34374690320094D0,    0000521P   4991
247.3709193464426D0,0.0D0,56.8044098427681D0,0.0D0,0.0D0,0.0D0;  0000521P   4992
126,12,3,0,0,1,0,0.0D0,0.0D0,0.0D0,0.0D0,10.67298157898501D0,    0000523P   4993
16.22641640180833D0,21.80428849921608D0,26.48117313808624D0,     0000523P   4994
29.45721996414616D0,32.72468603944753D0,37.95102859071105D0,     0000523P   4995
44.25689859943903D0,50.54341141511376D0,56.8044098427681D0,      0000523P   4996
56.8044098427681D0,56.8044098427681D0,56.8044098427681D0,1.0D0,  0000523P   4997
1.0D0,1.0D0,1.0D0,1.0D0,1.0D0,1.0D0,1.0D0,1.0D0,1.0D0,1.0D0,     0000523P   4998
1.0D0,1.0D0,-36.31733194713998D0,-64.17754101268089D0,           0000523P   4999
132.9427954703228D0,-34.16277625669299D0,-61.35736855769218D0,   0000523P   5000
132.6948730601209D0,-29.82334196833293D0,-57.24735277511051D0,   0000523P   5001
133.5345098764638D0,-23.88067325452077D0,-55.745787149942D0,     0000523P   5002
137.7814203923767D0,-20.29830338302875D0,-55.80797489253163D0,   0000523P   5003
141.7289475022715D0,-17.63380652331338D0,-56.0566678987945D0,    0000523P   5004
145.1016724309378D0,-16.05225259580271D0,-54.53755516202095D0,   0000523P   5005
148.7808664643123D0,-18.0865909920912D0,-50.54213118974673D0,    0000523P   5006
149.2329440290649D0,-20.90575365000529D0,-46.84084290550734D0,   0000523P   5007
148.5643860549708D0,-24.7670418507803D0,-42.23808311192195D0,    0000523P   5008
148.0651663063768D0,-29.13630784613244D0,-37.63898295541493D0,   0000523P   5009
148.7870456724481D0,-31.88001474432519D0,-35.14669702628781D0,   0000523P   5010
151.0111832789251D0,-33.11242665173842D0,-34.11683504578396D0,   0000523P   5011
152.3438918006665D0,0.0D0,56.8044098427681D0,0.0D0,0.0D0,0.0D0;  0000523P   5012
S0000001G0000012D0000524P0005012                                        T      1
