                                                                        S      1
1H,,1H;,,                                                               G      1
73HC:\Users\Tufail Mabood\Desktop\ASTM C38 Cylinders\Straight Fibers\500G      2
.igs,                                                                   G      3
26HRhinoceros ( Apr 10 2025 ),31HTrout Lake IGES 012 Apr 10 2025,       G      4
32,38,6,308,15,                                                         G      5
,                                                                       G      6
1.0D0,2,2HMM,1,0.254D0,13H260212.100920,                                G      7
0.01D0,                                                                 G      8
297.7103477704906D0,                                                    G      9
,                                                                       G     10
,                                                                       G     11
10,0,13H260212.100920;                                                  G     12
     314       1       0       0       0       0       0       000000200D      1
     314       0       1       1       0       0       0   COLOR       0D      2
     406       2       0       0       1       0       0       000000300D      3
     406       0      -1       1       3       0       0LEVELDEF       0D      4
     126       3       0       0       1       0       0       000000000D      5
     126       0      -1       4       1       0       03d BsCrv       0D      6
     126       7       0       0       1       0       0       000000000D      7
     126       0      -1       6       1       0       03d BsCrv       0D      8
     126      13       0       0       1       0       0       000000000D      9
     126       0      -1       4       1       0       03d BsCrv       0D     10
     126      17       0       0       1       0       0       000000000D     11
     126       0      -1       6       1       0       03d BsCrv       0D     12
     126      23       0       0       1       0       0       000000000D     13
     126       0      -1       4       1       0       03d BsCrv       0D     14
     126      27       0       0       1       0       0       000000000D     15
     126       0      -1       4       1       0       03d BsCrv       0D     16
     126      31       0       0       1       0       0       000000000D     17
     126       0      -1       4       1       0       03d BsCrv       0D     18
     126      35       0       0       1       0       0       000000000D     19
     126       0      -1       6       1       0       03d BsCrv       0D     20
     126      41       0       0       1       0       0       000000000D     21
     126       0      -1       6       1       0       03d BsCrv       0D     22
     126      47       0       0       1       0       0       000000000D     23
     126       0      -1       4       1       0       03d BsCrv       0D     24
     126      51       0       0       1       0       0       000000000D     25
     126       0      -1       6       1       0       03d BsCrv       0D     26
     126      57       0       0       1       0       0       000000000D     27
     126       0      -1       6       1       0       03d BsCrv       0D     28
     126      63       0       0       1       0       0       000000000D     29
     126       0      -1       4       1       0       03d BsCrv       0D     30
     126      67       0       0       1       0       0       000000000D     31
     126       0      -1       4       1       0       03d BsCrv       0D     32
     126      71       0       0       1       0       0       000000000D     33
     126       0      -1       4       1       0       03d BsCrv       0D     34
     126      75       0       0       1       0       0       000000000D     35
     126       0      -1       4       1       0       03d BsCrv       0D     36
     126      79       0       0       1       0       0       000000000D     37
     126       0      -1       6       1       0       03d BsCrv       0D     38
     126      85       0       0       1       0       0       000000000D     39
     126       0      -1       4       1       0       03d BsCrv       0D     40
     126      89       0       0       1       0       0       000000000D     41
     126       0      -1       6       1       0       03d BsCrv       0D     42
     126      95       0       0       1       0       0       000000000D     43
     126       0      -1       4       1       0       03d BsCrv       0D     44
     126      99       0       0       1       0       0       000000000D     45
     126       0      -1       4       1       0       03d BsCrv       0D     46
     126     103       0       0       1       0       0       000000000D     47
     126       0      -1       4       1       0       03d BsCrv       0D     48
     126     107       0       0       1       0       0       000000000D     49
     126       0      -1       4       1       0       03d BsCrv       0D     50
     126     111       0       0       1       0       0       000000000D     51
     126       0      -1       4       1       0       03d BsCrv       0D     52
     126     115       0       0       1       0       0       000000000D     53
     126       0      -1       6       1       0       03d BsCrv       0D     54
     126     121       0       0       1       0       0       000000000D     55
     126       0      -1       6       1       0       03d BsCrv       0D     56
     126     127       0       0       1       0       0       000000000D     57
     126       0      -1       6       1       0       03d BsCrv       0D     58
     126     133       0       0       1       0       0       000000000D     59
     126       0      -1       4       1       0       03d BsCrv       0D     60
     126     137       0       0       1       0       0       000000000D     61
     126       0      -1       6       1       0       03d BsCrv       0D     62
     126     143       0       0       1       0       0       000000000D     63
     126       0      -1       6       1       0       03d BsCrv       0D     64
     126     149       0       0       1       0       0       000000000D     65
     126       0      -1       5       1       0       03d BsCrv       0D     66
     126     154       0       0       1       0       0       000000000D     67
     126       0      -1       6       1       0       03d BsCrv       0D     68
     126     160       0       0       1       0       0       000000000D     69
     126       0      -1       6       1       0       03d BsCrv       0D     70
     126     166       0       0       1       0       0       000000000D     71
     126       0      -1       6       1       0       03d BsCrv       0D     72
     126     172       0       0       1       0       0       000000000D     73
     126       0      -1       6       1       0       03d BsCrv       0D     74
     126     178       0       0       1       0       0       000000000D     75
     126       0      -1       6       1       0       03d BsCrv       0D     76
     126     184       0       0       1       0       0       000000000D     77
     126       0      -1       6       1       0       03d BsCrv       0D     78
     126     190       0       0       1       0       0       000000000D     79
     126       0      -1       6       1       0       03d BsCrv       0D     80
     126     196       0       0       1       0       0       000000000D     81
     126       0      -1       6       1       0       03d BsCrv       0D     82
     126     202       0       0       1       0       0       000000000D     83
     126       0      -1       4       1       0       03d BsCrv       0D     84
     126     206       0       0       1       0       0       000000000D     85
     126       0      -1       6       1       0       03d BsCrv       0D     86
     126     212       0       0       1       0       0       000000000D     87
     126       0      -1       6       1       0       03d BsCrv       0D     88
     126     218       0       0       1       0       0       000000000D     89
     126       0      -1       6       1       0       03d BsCrv       0D     90
     126     224       0       0       1       0       0       000000000D     91
     126       0      -1       4       1       0       03d BsCrv       0D     92
     126     228       0       0       1       0       0       000000000D     93
     126       0      -1       6       1       0       03d BsCrv       0D     94
     126     234       0       0       1       0       0       000000000D     95
     126       0      -1       6       1       0       03d BsCrv       0D     96
     126     240       0       0       1       0       0       000000000D     97
     126       0      -1       6       1       0       03d BsCrv       0D     98
     126     246       0       0       1       0       0       000000000D     99
     126       0      -1       6       1       0       03d BsCrv       0D    100
     126     252       0       0       1       0       0       000000000D    101
     126       0      -1       6       1       0       03d BsCrv       0D    102
     126     258       0       0       1       0       0       000000000D    103
     126       0      -1       6       1       0       03d BsCrv       0D    104
     126     264       0       0       1       0       0       000000000D    105
     126       0      -1       6       1       0       03d BsCrv       0D    106
     126     270       0       0       1       0       0       000000000D    107
     126       0      -1       6       1       0       03d BsCrv       0D    108
     126     276       0       0       1       0       0       000000000D    109
     126       0      -1       6       1       0       03d BsCrv       0D    110
     126     282       0       0       1       0       0       000000000D    111
     126       0      -1       6       1       0       03d BsCrv       0D    112
     126     288       0       0       1       0       0       000000000D    113
     126       0      -1       6       1       0       03d BsCrv       0D    114
     126     294       0       0       1       0       0       000000000D    115
     126       0      -1       6       1       0       03d BsCrv       0D    116
     126     300       0       0       1       0       0       000000000D    117
     126       0      -1       6       1       0       03d BsCrv       0D    118
     126     306       0       0       1       0       0       000000000D    119
     126       0      -1       6       1       0       03d BsCrv       0D    120
     126     312       0       0       1       0       0       000000000D    121
     126       0      -1       6       1       0       03d BsCrv       0D    122
     126     318       0       0       1       0       0       000000000D    123
     126       0      -1       6       1       0       03d BsCrv       0D    124
     126     324       0       0       1       0       0       000000000D    125
     126       0      -1       6       1       0       03d BsCrv       0D    126
     126     330       0       0       1       0       0       000000000D    127
     126       0      -1       4       1       0       03d BsCrv       0D    128
     126     334       0       0       1       0       0       000000000D    129
     126       0      -1       4       1       0       03d BsCrv       0D    130
     126     338       0       0       1       0       0       000000000D    131
     126       0      -1       6       1       0       03d BsCrv       0D    132
     126     344       0       0       1       0       0       000000000D    133
     126       0      -1       6       1       0       03d BsCrv       0D    134
     126     350       0       0       1       0       0       000000000D    135
     126       0      -1       6       1       0       03d BsCrv       0D    136
     126     356       0       0       1       0       0       000000000D    137
     126       0      -1       6       1       0       03d BsCrv       0D    138
     126     362       0       0       1       0       0       000000000D    139
     126       0      -1       6       1       0       03d BsCrv       0D    140
     126     368       0       0       1       0       0       000000000D    141
     126       0      -1       6       1       0       03d BsCrv       0D    142
     126     374       0       0       1       0       0       000000000D    143
     126       0      -1       4       1       0       03d BsCrv       0D    144
     126     378       0       0       1       0       0       000000000D    145
     126       0      -1       6       1       0       03d BsCrv       0D    146
     126     384       0       0       1       0       0       000000000D    147
     126       0      -1       6       1       0       03d BsCrv       0D    148
     126     390       0       0       1       0       0       000000000D    149
     126       0      -1       6       1       0       03d BsCrv       0D    150
     126     396       0       0       1       0       0       000000000D    151
     126       0      -1       4       1       0       03d BsCrv       0D    152
     126     400       0       0       1       0       0       000000000D    153
     126       0      -1       6       1       0       03d BsCrv       0D    154
     126     406       0       0       1       0       0       000000000D    155
     126       0      -1       6       1       0       03d BsCrv       0D    156
     126     412       0       0       1       0       0       000000000D    157
     126       0      -1       6       1       0       03d BsCrv       0D    158
     126     418       0       0       1       0       0       000000000D    159
     126       0      -1       6       1       0       03d BsCrv       0D    160
     126     424       0       0       1       0       0       000000000D    161
     126       0      -1       4       1       0       03d BsCrv       0D    162
     126     428       0       0       1       0       0       000000000D    163
     126       0      -1       6       1       0       03d BsCrv       0D    164
     126     434       0       0       1       0       0       000000000D    165
     126       0      -1       4       1       0       03d BsCrv       0D    166
     126     438       0       0       1       0       0       000000000D    167
     126       0      -1       6       1       0       03d BsCrv       0D    168
     126     444       0       0       1       0       0       000000000D    169
     126       0      -1       6       1       0       03d BsCrv       0D    170
     126     450       0       0       1       0       0       000000000D    171
     126       0      -1       6       1       0       03d BsCrv       0D    172
     126     456       0       0       1       0       0       000000000D    173
     126       0      -1       5       1       0       03d BsCrv       0D    174
     126     461       0       0       1       0       0       000000000D    175
     126       0      -1       6       1       0       03d BsCrv       0D    176
     126     467       0       0       1       0       0       000000000D    177
     126       0      -1       6       1       0       03d BsCrv       0D    178
     126     473       0       0       1       0       0       000000000D    179
     126       0      -1       6       1       0       03d BsCrv       0D    180
     126     479       0       0       1       0       0       000000000D    181
     126       0      -1       6       1       0       03d BsCrv       0D    182
     126     485       0       0       1       0       0       000000000D    183
     126       0      -1       4       1       0       03d BsCrv       0D    184
     126     489       0       0       1       0       0       000000000D    185
     126       0      -1       6       1       0       03d BsCrv       0D    186
     126     495       0       0       1       0       0       000000000D    187
     126       0      -1       4       1       0       03d BsCrv       0D    188
     126     499       0       0       1       0       0       000000000D    189
     126       0      -1       6       1       0       03d BsCrv       0D    190
     126     505       0       0       1       0       0       000000000D    191
     126       0      -1       4       1       0       03d BsCrv       0D    192
     126     509       0       0       1       0       0       000000000D    193
     126       0      -1       6       1       0       03d BsCrv       0D    194
     126     515       0       0       1       0       0       000000000D    195
     126       0      -1       4       1       0       03d BsCrv       0D    196
     126     519       0       0       1       0       0       000000000D    197
     126       0      -1       6       1       0       03d BsCrv       0D    198
     126     525       0       0       1       0       0       000000000D    199
     126       0      -1       6       1       0       03d BsCrv       0D    200
     126     531       0       0       1       0       0       000000000D    201
     126       0      -1       4       1       0       03d BsCrv       0D    202
     126     535       0       0       1       0       0       000000000D    203
     126       0      -1       4       1       0       03d BsCrv       0D    204
     126     539       0       0       1       0       0       000000000D    205
     126       0      -1       6       1       0       03d BsCrv       0D    206
     126     545       0       0       1       0       0       000000000D    207
     126       0      -1       6       1       0       03d BsCrv       0D    208
     126     551       0       0       1       0       0       000000000D    209
     126       0      -1       6       1       0       03d BsCrv       0D    210
     126     557       0       0       1       0       0       000000000D    211
     126       0      -1       6       1       0       03d BsCrv       0D    212
     126     563       0       0       1       0       0       000000000D    213
     126       0      -1       6       1       0       03d BsCrv       0D    214
     126     569       0       0       1       0       0       000000000D    215
     126       0      -1       4       1       0       03d BsCrv       0D    216
     126     573       0       0       1       0       0       000000000D    217
     126       0      -1       6       1       0       03d BsCrv       0D    218
     126     579       0       0       1       0       0       000000000D    219
     126       0      -1       6       1       0       03d BsCrv       0D    220
     126     585       0       0       1       0       0       000000000D    221
     126       0      -1       6       1       0       03d BsCrv       0D    222
     126     591       0       0       1       0       0       000000000D    223
     126       0      -1       6       1       0       03d BsCrv       0D    224
     126     597       0       0       1       0       0       000000000D    225
     126       0      -1       4       1       0       03d BsCrv       0D    226
     126     601       0       0       1       0       0       000000000D    227
     126       0      -1       4       1       0       03d BsCrv       0D    228
     126     605       0       0       1       0       0       000000000D    229
     126       0      -1       4       1       0       03d BsCrv       0D    230
     126     609       0       0       1       0       0       000000000D    231
     126       0      -1       6       1       0       03d BsCrv       0D    232
     126     615       0       0       1       0       0       000000000D    233
     126       0      -1       4       1       0       03d BsCrv       0D    234
     126     619       0       0       1       0       0       000000000D    235
     126       0      -1       6       1       0       03d BsCrv       0D    236
     126     625       0       0       1       0       0       000000000D    237
     126       0      -1       4       1       0       03d BsCrv       0D    238
     126     629       0       0       1       0       0       000000000D    239
     126       0      -1       6       1       0       03d BsCrv       0D    240
     126     635       0       0       1       0       0       000000000D    241
     126       0      -1       6       1       0       03d BsCrv       0D    242
     126     641       0       0       1       0       0       000000000D    243
     126       0      -1       6       1       0       03d BsCrv       0D    244
     126     647       0       0       1       0       0       000000000D    245
     126       0      -1       4       1       0       03d BsCrv       0D    246
     126     651       0       0       1       0       0       000000000D    247
     126       0      -1       6       1       0       03d BsCrv       0D    248
     126     657       0       0       1       0       0       000000000D    249
     126       0      -1       4       1       0       03d BsCrv       0D    250
     126     661       0       0       1       0       0       000000000D    251
     126       0      -1       6       1       0       03d BsCrv       0D    252
     126     667       0       0       1       0       0       000000000D    253
     126       0      -1       4       1       0       03d BsCrv       0D    254
     126     671       0       0       1       0       0       000000000D    255
     126       0      -1       6       1       0       03d BsCrv       0D    256
     126     677       0       0       1       0       0       000000000D    257
     126       0      -1       6       1       0       03d BsCrv       0D    258
     126     683       0       0       1       0       0       000000000D    259
     126       0      -1       6       1       0       03d BsCrv       0D    260
     126     689       0       0       1       0       0       000000000D    261
     126       0      -1       4       1       0       03d BsCrv       0D    262
     126     693       0       0       1       0       0       000000000D    263
     126       0      -1       6       1       0       03d BsCrv       0D    264
     126     699       0       0       1       0       0       000000000D    265
     126       0      -1       6       1       0       03d BsCrv       0D    266
     126     705       0       0       1       0       0       000000000D    267
     126       0      -1       6       1       0       03d BsCrv       0D    268
     126     711       0       0       1       0       0       000000000D    269
     126       0      -1       6       1       0       03d BsCrv       0D    270
     126     717       0       0       1       0       0       000000000D    271
     126       0      -1       6       1       0       03d BsCrv       0D    272
     126     723       0       0       1       0       0       000000000D    273
     126       0      -1       6       1       0       03d BsCrv       0D    274
     126     729       0       0       1       0       0       000000000D    275
     126       0      -1       4       1       0       03d BsCrv       0D    276
     126     733       0       0       1       0       0       000000000D    277
     126       0      -1       6       1       0       03d BsCrv       0D    278
     126     739       0       0       1       0       0       000000000D    279
     126       0      -1       6       1       0       03d BsCrv       0D    280
     126     745       0       0       1       0       0       000000000D    281
     126       0      -1       6       1       0       03d BsCrv       0D    282
     126     751       0       0       1       0       0       000000000D    283
     126       0      -1       6       1       0       03d BsCrv       0D    284
     126     757       0       0       1       0       0       000000000D    285
     126       0      -1       6       1       0       03d BsCrv       0D    286
     126     763       0       0       1       0       0       000000000D    287
     126       0      -1       6       1       0       03d BsCrv       0D    288
     126     769       0       0       1       0       0       000000000D    289
     126       0      -1       4       1       0       03d BsCrv       0D    290
     126     773       0       0       1       0       0       000000000D    291
     126       0      -1       4       1       0       03d BsCrv       0D    292
     126     777       0       0       1       0       0       000000000D    293
     126       0      -1       6       1       0       03d BsCrv       0D    294
     126     783       0       0       1       0       0       000000000D    295
     126       0      -1       4       1       0       03d BsCrv       0D    296
     126     787       0       0       1       0       0       000000000D    297
     126       0      -1       4       1       0       03d BsCrv       0D    298
     126     791       0       0       1       0       0       000000000D    299
     126       0      -1       6       1       0       03d BsCrv       0D    300
     126     797       0       0       1       0       0       000000000D    301
     126       0      -1       4       1       0       03d BsCrv       0D    302
     126     801       0       0       1       0       0       000000000D    303
     126       0      -1       6       1       0       03d BsCrv       0D    304
     126     807       0       0       1       0       0       000000000D    305
     126       0      -1       4       1       0       03d BsCrv       0D    306
     126     811       0       0       1       0       0       000000000D    307
     126       0      -1       4       1       0       03d BsCrv       0D    308
     126     815       0       0       1       0       0       000000000D    309
     126       0      -1       6       1       0       03d BsCrv       0D    310
     126     821       0       0       1       0       0       000000000D    311
     126       0      -1       4       1       0       03d BsCrv       0D    312
     126     825       0       0       1       0       0       000000000D    313
     126       0      -1       6       1       0       03d BsCrv       0D    314
     126     831       0       0       1       0       0       000000000D    315
     126       0      -1       6       1       0       03d BsCrv       0D    316
     126     837       0       0       1       0       0       000000000D    317
     126       0      -1       4       1       0       03d BsCrv       0D    318
     126     841       0       0       1       0       0       000000000D    319
     126       0      -1       6       1       0       03d BsCrv       0D    320
     126     847       0       0       1       0       0       000000000D    321
     126       0      -1       6       1       0       03d BsCrv       0D    322
     126     853       0       0       1       0       0       000000000D    323
     126       0      -1       4       1       0       03d BsCrv       0D    324
     126     857       0       0       1       0       0       000000000D    325
     126       0      -1       4       1       0       03d BsCrv       0D    326
     126     861       0       0       1       0       0       000000000D    327
     126       0      -1       6       1       0       03d BsCrv       0D    328
     126     867       0       0       1       0       0       000000000D    329
     126       0      -1       4       1       0       03d BsCrv       0D    330
     126     871       0       0       1       0       0       000000000D    331
     126       0      -1       6       1       0       03d BsCrv       0D    332
     126     877       0       0       1       0       0       000000000D    333
     126       0      -1       6       1       0       03d BsCrv       0D    334
     126     883       0       0       1       0       0       000000000D    335
     126       0      -1       6       1       0       03d BsCrv       0D    336
     126     889       0       0       1       0       0       000000000D    337
     126       0      -1       6       1       0       03d BsCrv       0D    338
     126     895       0       0       1       0       0       000000000D    339
     126       0      -1       4       1       0       03d BsCrv       0D    340
     126     899       0       0       1       0       0       000000000D    341
     126       0      -1       4       1       0       03d BsCrv       0D    342
     126     903       0       0       1       0       0       000000000D    343
     126       0      -1       4       1       0       03d BsCrv       0D    344
     126     907       0       0       1       0       0       000000000D    345
     126       0      -1       6       1       0       03d BsCrv       0D    346
     126     913       0       0       1       0       0       000000000D    347
     126       0      -1       6       1       0       03d BsCrv       0D    348
     126     919       0       0       1       0       0       000000000D    349
     126       0      -1       6       1       0       03d BsCrv       0D    350
     126     925       0       0       1       0       0       000000000D    351
     126       0      -1       4       1       0       03d BsCrv       0D    352
     126     929       0       0       1       0       0       000000000D    353
     126       0      -1       6       1       0       03d BsCrv       0D    354
     126     935       0       0       1       0       0       000000000D    355
     126       0      -1       6       1       0       03d BsCrv       0D    356
     126     941       0       0       1       0       0       000000000D    357
     126       0      -1       6       1       0       03d BsCrv       0D    358
     126     947       0       0       1       0       0       000000000D    359
     126       0      -1       6       1       0       03d BsCrv       0D    360
     126     953       0       0       1       0       0       000000000D    361
     126       0      -1       4       1       0       03d BsCrv       0D    362
     126     957       0       0       1       0       0       000000000D    363
     126       0      -1       4       1       0       03d BsCrv       0D    364
     126     961       0       0       1       0       0       000000000D    365
     126       0      -1       4       1       0       03d BsCrv       0D    366
     126     965       0       0       1       0       0       000000000D    367
     126       0      -1       6       1       0       03d BsCrv       0D    368
     126     971       0       0       1       0       0       000000000D    369
     126       0      -1       4       1       0       03d BsCrv       0D    370
     126     975       0       0       1       0       0       000000000D    371
     126       0      -1       6       1       0       03d BsCrv       0D    372
     126     981       0       0       1       0       0       000000000D    373
     126       0      -1       4       1       0       03d BsCrv       0D    374
     126     985       0       0       1       0       0       000000000D    375
     126       0      -1       6       1       0       03d BsCrv       0D    376
     126     991       0       0       1       0       0       000000000D    377
     126       0      -1       6       1       0       03d BsCrv       0D    378
     126     997       0       0       1       0       0       000000000D    379
     126       0      -1       6       1       0       03d BsCrv       0D    380
     126    1003       0       0       1       0       0       000000000D    381
     126       0      -1       6       1       0       03d BsCrv       0D    382
     126    1009       0       0       1       0       0       000000000D    383
     126       0      -1       6       1       0       03d BsCrv       0D    384
     126    1015       0       0       1       0       0       000000000D    385
     126       0      -1       4       1       0       03d BsCrv       0D    386
     126    1019       0       0       1       0       0       000000000D    387
     126       0      -1       6       1       0       03d BsCrv       0D    388
     126    1025       0       0       1       0       0       000000000D    389
     126       0      -1       6       1       0       03d BsCrv       0D    390
     126    1031       0       0       1       0       0       000000000D    391
     126       0      -1       4       1       0       03d BsCrv       0D    392
     126    1035       0       0       1       0       0       000000000D    393
     126       0      -1       4       1       0       03d BsCrv       0D    394
     126    1039       0       0       1       0       0       000000000D    395
     126       0      -1       6       1       0       03d BsCrv       0D    396
     126    1045       0       0       1       0       0       000000000D    397
     126       0      -1       6       1       0       03d BsCrv       0D    398
     126    1051       0       0       1       0       0       000000000D    399
     126       0      -1       4       1       0       03d BsCrv       0D    400
     126    1055       0       0       1       0       0       000000000D    401
     126       0      -1       6       1       0       03d BsCrv       0D    402
     126    1061       0       0       1       0       0       000000000D    403
     126       0      -1       4       1       0       03d BsCrv       0D    404
     126    1065       0       0       1       0       0       000000000D    405
     126       0      -1       4       1       0       03d BsCrv       0D    406
     126    1069       0       0       1       0       0       000000000D    407
     126       0      -1       6       1       0       03d BsCrv       0D    408
     126    1075       0       0       1       0       0       000000000D    409
     126       0      -1       6       1       0       03d BsCrv       0D    410
     126    1081       0       0       1       0       0       000000000D    411
     126       0      -1       6       1       0       03d BsCrv       0D    412
     126    1087       0       0       1       0       0       000000000D    413
     126       0      -1       6       1       0       03d BsCrv       0D    414
     126    1093       0       0       1       0       0       000000000D    415
     126       0      -1       6       1       0       03d BsCrv       0D    416
     126    1099       0       0       1       0       0       000000000D    417
     126       0      -1       6       1       0       03d BsCrv       0D    418
     126    1105       0       0       1       0       0       000000000D    419
     126       0      -1       6       1       0       03d BsCrv       0D    420
     126    1111       0       0       1       0       0       000000000D    421
     126       0      -1       4       1       0       03d BsCrv       0D    422
     126    1115       0       0       1       0       0       000000000D    423
     126       0      -1       6       1       0       03d BsCrv       0D    424
     126    1121       0       0       1       0       0       000000000D    425
     126       0      -1       6       1       0       03d BsCrv       0D    426
     126    1127       0       0       1       0       0       000000000D    427
     126       0      -1       6       1       0       03d BsCrv       0D    428
     126    1133       0       0       1       0       0       000000000D    429
     126       0      -1       6       1       0       03d BsCrv       0D    430
     126    1139       0       0       1       0       0       000000000D    431
     126       0      -1       6       1       0       03d BsCrv       0D    432
     126    1145       0       0       1       0       0       000000000D    433
     126       0      -1       6       1       0       03d BsCrv       0D    434
     126    1151       0       0       1       0       0       000000000D    435
     126       0      -1       4       1       0       03d BsCrv       0D    436
     126    1155       0       0       1       0       0       000000000D    437
     126       0      -1       4       1       0       03d BsCrv       0D    438
     126    1159       0       0       1       0       0       000000000D    439
     126       0      -1       6       1       0       03d BsCrv       0D    440
     126    1165       0       0       1       0       0       000000000D    441
     126       0      -1       6       1       0       03d BsCrv       0D    442
     126    1171       0       0       1       0       0       000000000D    443
     126       0      -1       4       1       0       03d BsCrv       0D    444
     126    1175       0       0       1       0       0       000000000D    445
     126       0      -1       5       1       0       03d BsCrv       0D    446
     126    1180       0       0       1       0       0       000000000D    447
     126       0      -1       5       1       0       03d BsCrv       0D    448
     126    1185       0       0       1       0       0       000000000D    449
     126       0      -1       4       1       0       03d BsCrv       0D    450
     126    1189       0       0       1       0       0       000000000D    451
     126       0      -1       6       1       0       03d BsCrv       0D    452
     126    1195       0       0       1       0       0       000000000D    453
     126       0      -1       6       1       0       03d BsCrv       0D    454
     126    1201       0       0       1       0       0       000000000D    455
     126       0      -1       6       1       0       03d BsCrv       0D    456
     126    1207       0       0       1       0       0       000000000D    457
     126       0      -1       6       1       0       03d BsCrv       0D    458
     126    1213       0       0       1       0       0       000000000D    459
     126       0      -1       6       1       0       03d BsCrv       0D    460
     126    1219       0       0       1       0       0       000000000D    461
     126       0      -1       4       1       0       03d BsCrv       0D    462
     126    1223       0       0       1       0       0       000000000D    463
     126       0      -1       6       1       0       03d BsCrv       0D    464
     126    1229       0       0       1       0       0       000000000D    465
     126       0      -1       4       1       0       03d BsCrv       0D    466
     126    1233       0       0       1       0       0       000000000D    467
     126       0      -1       6       1       0       03d BsCrv       0D    468
     126    1239       0       0       1       0       0       000000000D    469
     126       0      -1       4       1       0       03d BsCrv       0D    470
     126    1243       0       0       1       0       0       000000000D    471
     126       0      -1       4       1       0       03d BsCrv       0D    472
     126    1247       0       0       1       0       0       000000000D    473
     126       0      -1       6       1       0       03d BsCrv       0D    474
     126    1253       0       0       1       0       0       000000000D    475
     126       0      -1       4       1       0       03d BsCrv       0D    476
     126    1257       0       0       1       0       0       000000000D    477
     126       0      -1       5       1       0       03d BsCrv       0D    478
     126    1262       0       0       1       0       0       000000000D    479
     126       0      -1       6       1       0       03d BsCrv       0D    480
     126    1268       0       0       1       0       0       000000000D    481
     126       0      -1       6       1       0       03d BsCrv       0D    482
     126    1274       0       0       1       0       0       000000000D    483
     126       0      -1       5       1       0       03d BsCrv       0D    484
     126    1279       0       0       1       0       0       000000000D    485
     126       0      -1       6       1       0       03d BsCrv       0D    486
     126    1285       0       0       1       0       0       000000000D    487
     126       0      -1       4       1       0       03d BsCrv       0D    488
     126    1289       0       0       1       0       0       000000000D    489
     126       0      -1       6       1       0       03d BsCrv       0D    490
     126    1295       0       0       1       0       0       000000000D    491
     126       0      -1       6       1       0       03d BsCrv       0D    492
     126    1301       0       0       1       0       0       000000000D    493
     126       0      -1       6       1       0       03d BsCrv       0D    494
     126    1307       0       0       1       0       0       000000000D    495
     126       0      -1       6       1       0       03d BsCrv       0D    496
     126    1313       0       0       1       0       0       000000000D    497
     126       0      -1       6       1       0       03d BsCrv       0D    498
     126    1319       0       0       1       0       0       000000000D    499
     126       0      -1       6       1       0       03d BsCrv       0D    500
     126    1325       0       0       1       0       0       000000000D    501
     126       0      -1       6       1       0       03d BsCrv       0D    502
     126    1331       0       0       1       0       0       000000000D    503
     126       0      -1       6       1       0       03d BsCrv       0D    504
     126    1337       0       0       1       0       0       000000000D    505
     126       0      -1       4       1       0       03d BsCrv       0D    506
     126    1341       0       0       1       0       0       000000000D    507
     126       0      -1       6       1       0       03d BsCrv       0D    508
     126    1347       0       0       1       0       0       000000000D    509
     126       0      -1       6       1       0       03d BsCrv       0D    510
     126    1353       0       0       1       0       0       000000000D    511
     126       0      -1       4       1       0       03d BsCrv       0D    512
     126    1357       0       0       1       0       0       000000000D    513
     126       0      -1       4       1       0       03d BsCrv       0D    514
     126    1361       0       0       1       0       0       000000000D    515
     126       0      -1       6       1       0       03d BsCrv       0D    516
     126    1367       0       0       1       0       0       000000000D    517
     126       0      -1       6       1       0       03d BsCrv       0D    518
     126    1373       0       0       1       0       0       000000000D    519
     126       0      -1       6       1       0       03d BsCrv       0D    520
     126    1379       0       0       1       0       0       000000000D    521
     126       0      -1       4       1       0       03d BsCrv       0D    522
     126    1383       0       0       1       0       0       000000000D    523
     126       0      -1       4       1       0       03d BsCrv       0D    524
     126    1387       0       0       1       0       0       000000000D    525
     126       0      -1       4       1       0       03d BsCrv       0D    526
     126    1391       0       0       1       0       0       000000000D    527
     126       0      -1       6       1       0       03d BsCrv       0D    528
     126    1397       0       0       1       0       0       000000000D    529
     126       0      -1       6       1       0       03d BsCrv       0D    530
     126    1403       0       0       1       0       0       000000000D    531
     126       0      -1       6       1       0       03d BsCrv       0D    532
     126    1409       0       0       1       0       0       000000000D    533
     126       0      -1       6       1       0       03d BsCrv       0D    534
     126    1415       0       0       1       0       0       000000000D    535
     126       0      -1       6       1       0       03d BsCrv       0D    536
     126    1421       0       0       1       0       0       000000000D    537
     126       0      -1       6       1       0       03d BsCrv       0D    538
     126    1427       0       0       1       0       0       000000000D    539
     126       0      -1       6       1       0       03d BsCrv       0D    540
     126    1433       0       0       1       0       0       000000000D    541
     126       0      -1       4       1       0       03d BsCrv       0D    542
     126    1437       0       0       1       0       0       000000000D    543
     126       0      -1       6       1       0       03d BsCrv       0D    544
     126    1443       0       0       1       0       0       000000000D    545
     126       0      -1       4       1       0       03d BsCrv       0D    546
     126    1447       0       0       1       0       0       000000000D    547
     126       0      -1       6       1       0       03d BsCrv       0D    548
     126    1453       0       0       1       0       0       000000000D    549
     126       0      -1       4       1       0       03d BsCrv       0D    550
     126    1457       0       0       1       0       0       000000000D    551
     126       0      -1       6       1       0       03d BsCrv       0D    552
     126    1463       0       0       1       0       0       000000000D    553
     126       0      -1       4       1       0       03d BsCrv       0D    554
     126    1467       0       0       1       0       0       000000000D    555
     126       0      -1       6       1       0       03d BsCrv       0D    556
     126    1473       0       0       1       0       0       000000000D    557
     126       0      -1       4       1       0       03d BsCrv       0D    558
     126    1477       0       0       1       0       0       000000000D    559
     126       0      -1       4       1       0       03d BsCrv       0D    560
     126    1481       0       0       1       0       0       000000000D    561
     126       0      -1       6       1       0       03d BsCrv       0D    562
     126    1487       0       0       1       0       0       000000000D    563
     126       0      -1       6       1       0       03d BsCrv       0D    564
     126    1493       0       0       1       0       0       000000000D    565
     126       0      -1       6       1       0       03d BsCrv       0D    566
     126    1499       0       0       1       0       0       000000000D    567
     126       0      -1       4       1       0       03d BsCrv       0D    568
     126    1503       0       0       1       0       0       000000000D    569
     126       0      -1       6       1       0       03d BsCrv       0D    570
     126    1509       0       0       1       0       0       000000000D    571
     126       0      -1       6       1       0       03d BsCrv       0D    572
     126    1515       0       0       1       0       0       000000000D    573
     126       0      -1       6       1       0       03d BsCrv       0D    574
     126    1521       0       0       1       0       0       000000000D    575
     126       0      -1       6       1       0       03d BsCrv       0D    576
     126    1527       0       0       1       0       0       000000000D    577
     126       0      -1       6       1       0       03d BsCrv       0D    578
     126    1533       0       0       1       0       0       000000000D    579
     126       0      -1       4       1       0       03d BsCrv       0D    580
     126    1537       0       0       1       0       0       000000000D    581
     126       0      -1       6       1       0       03d BsCrv       0D    582
     126    1543       0       0       1       0       0       000000000D    583
     126       0      -1       6       1       0       03d BsCrv       0D    584
     126    1549       0       0       1       0       0       000000000D    585
     126       0      -1       6       1       0       03d BsCrv       0D    586
     126    1555       0       0       1       0       0       000000000D    587
     126       0      -1       4       1       0       03d BsCrv       0D    588
     126    1559       0       0       1       0       0       000000000D    589
     126       0      -1       4       1       0       03d BsCrv       0D    590
     126    1563       0       0       1       0       0       000000000D    591
     126       0      -1       4       1       0       03d BsCrv       0D    592
     126    1567       0       0       1       0       0       000000000D    593
     126       0      -1       6       1       0       03d BsCrv       0D    594
     126    1573       0       0       1       0       0       000000000D    595
     126       0      -1       5       1       0       03d BsCrv       0D    596
     126    1578       0       0       1       0       0       000000000D    597
     126       0      -1       4       1       0       03d BsCrv       0D    598
     126    1582       0       0       1       0       0       000000000D    599
     126       0      -1       4       1       0       03d BsCrv       0D    600
     126    1586       0       0       1       0       0       000000000D    601
     126       0      -1       4       1       0       03d BsCrv       0D    602
     126    1590       0       0       1       0       0       000000000D    603
     126       0      -1       6       1       0       03d BsCrv       0D    604
     126    1596       0       0       1       0       0       000000000D    605
     126       0      -1       4       1       0       03d BsCrv       0D    606
     126    1600       0       0       1       0       0       000000000D    607
     126       0      -1       6       1       0       03d BsCrv       0D    608
     126    1606       0       0       1       0       0       000000000D    609
     126       0      -1       6       1       0       03d BsCrv       0D    610
     126    1612       0       0       1       0       0       000000000D    611
     126       0      -1       6       1       0       03d BsCrv       0D    612
     126    1618       0       0       1       0       0       000000000D    613
     126       0      -1       4       1       0       03d BsCrv       0D    614
     126    1622       0       0       1       0       0       000000000D    615
     126       0      -1       6       1       0       03d BsCrv       0D    616
     126    1628       0       0       1       0       0       000000000D    617
     126       0      -1       6       1       0       03d BsCrv       0D    618
     126    1634       0       0       1       0       0       000000000D    619
     126       0      -1       6       1       0       03d BsCrv       0D    620
     126    1640       0       0       1       0       0       000000000D    621
     126       0      -1       4       1       0       03d BsCrv       0D    622
     126    1644       0       0       1       0       0       000000000D    623
     126       0      -1       4       1       0       03d BsCrv       0D    624
     126    1648       0       0       1       0       0       000000000D    625
     126       0      -1       6       1       0       03d BsCrv       0D    626
     126    1654       0       0       1       0       0       000000000D    627
     126       0      -1       6       1       0       03d BsCrv       0D    628
     126    1660       0       0       1       0       0       000000000D    629
     126       0      -1       4       1       0       03d BsCrv       0D    630
     126    1664       0       0       1       0       0       000000000D    631
     126       0      -1       6       1       0       03d BsCrv       0D    632
     126    1670       0       0       1       0       0       000000000D    633
     126       0      -1       4       1       0       03d BsCrv       0D    634
     126    1674       0       0       1       0       0       000000000D    635
     126       0      -1       6       1       0       03d BsCrv       0D    636
     126    1680       0       0       1       0       0       000000000D    637
     126       0      -1       6       1       0       03d BsCrv       0D    638
     126    1686       0       0       1       0       0       000000000D    639
     126       0      -1       6       1       0       03d BsCrv       0D    640
     126    1692       0       0       1       0       0       000000000D    641
     126       0      -1       6       1       0       03d BsCrv       0D    642
     126    1698       0       0       1       0       0       000000000D    643
     126       0      -1       4       1       0       03d BsCrv       0D    644
     126    1702       0       0       1       0       0       000000000D    645
     126       0      -1       4       1       0       03d BsCrv       0D    646
     126    1706       0       0       1       0       0       000000000D    647
     126       0      -1       4       1       0       03d BsCrv       0D    648
     126    1710       0       0       1       0       0       000000000D    649
     126       0      -1       6       1       0       03d BsCrv       0D    650
     126    1716       0       0       1       0       0       000000000D    651
     126       0      -1       6       1       0       03d BsCrv       0D    652
     126    1722       0       0       1       0       0       000000000D    653
     126       0      -1       6       1       0       03d BsCrv       0D    654
     126    1728       0       0       1       0       0       000000000D    655
     126       0      -1       4       1       0       03d BsCrv       0D    656
     126    1732       0       0       1       0       0       000000000D    657
     126       0      -1       6       1       0       03d BsCrv       0D    658
     126    1738       0       0       1       0       0       000000000D    659
     126       0      -1       4       1       0       03d BsCrv       0D    660
     126    1742       0       0       1       0       0       000000000D    661
     126       0      -1       6       1       0       03d BsCrv       0D    662
     126    1748       0       0       1       0       0       000000000D    663
     126       0      -1       6       1       0       03d BsCrv       0D    664
     126    1754       0       0       1       0       0       000000000D    665
     126       0      -1       4       1       0       03d BsCrv       0D    666
     126    1758       0       0       1       0       0       000000000D    667
     126       0      -1       4       1       0       03d BsCrv       0D    668
     126    1762       0       0       1       0       0       000000000D    669
     126       0      -1       4       1       0       03d BsCrv       0D    670
     126    1766       0       0       1       0       0       000000000D    671
     126       0      -1       6       1       0       03d BsCrv       0D    672
     126    1772       0       0       1       0       0       000000000D    673
     126       0      -1       6       1       0       03d BsCrv       0D    674
     126    1778       0       0       1       0       0       000000000D    675
     126       0      -1       6       1       0       03d BsCrv       0D    676
     126    1784       0       0       1       0       0       000000000D    677
     126       0      -1       4       1       0       03d BsCrv       0D    678
     126    1788       0       0       1       0       0       000000000D    679
     126       0      -1       6       1       0       03d BsCrv       0D    680
     126    1794       0       0       1       0       0       000000000D    681
     126       0      -1       6       1       0       03d BsCrv       0D    682
     126    1800       0       0       1       0       0       000000000D    683
     126       0      -1       4       1       0       03d BsCrv       0D    684
     126    1804       0       0       1       0       0       000000000D    685
     126       0      -1       4       1       0       03d BsCrv       0D    686
     126    1808       0       0       1       0       0       000000000D    687
     126       0      -1       6       1       0       03d BsCrv       0D    688
     126    1814       0       0       1       0       0       000000000D    689
     126       0      -1       6       1       0       03d BsCrv       0D    690
     126    1820       0       0       1       0       0       000000000D    691
     126       0      -1       6       1       0       03d BsCrv       0D    692
     126    1826       0       0       1       0       0       000000000D    693
     126       0      -1       4       1       0       03d BsCrv       0D    694
     126    1830       0       0       1       0       0       000000000D    695
     126       0      -1       6       1       0       03d BsCrv       0D    696
     126    1836       0       0       1       0       0       000000000D    697
     126       0      -1       6       1       0       03d BsCrv       0D    698
     126    1842       0       0       1       0       0       000000000D    699
     126       0      -1       6       1       0       03d BsCrv       0D    700
     126    1848       0       0       1       0       0       000000000D    701
     126       0      -1       6       1       0       03d BsCrv       0D    702
     126    1854       0       0       1       0       0       000000000D    703
     126       0      -1       6       1       0       03d BsCrv       0D    704
     126    1860       0       0       1       0       0       000000000D    705
     126       0      -1       6       1       0       03d BsCrv       0D    706
     126    1866       0       0       1       0       0       000000000D    707
     126       0      -1       6       1       0       03d BsCrv       0D    708
     126    1872       0       0       1       0       0       000000000D    709
     126       0      -1       6       1       0       03d BsCrv       0D    710
     126    1878       0       0       1       0       0       000000000D    711
     126       0      -1       6       1       0       03d BsCrv       0D    712
     126    1884       0       0       1       0       0       000000000D    713
     126       0      -1       6       1       0       03d BsCrv       0D    714
     126    1890       0       0       1       0       0       000000000D    715
     126       0      -1       4       1       0       03d BsCrv       0D    716
     126    1894       0       0       1       0       0       000000000D    717
     126       0      -1       6       1       0       03d BsCrv       0D    718
     126    1900       0       0       1       0       0       000000000D    719
     126       0      -1       6       1       0       03d BsCrv       0D    720
     126    1906       0       0       1       0       0       000000000D    721
     126       0      -1       4       1       0       03d BsCrv       0D    722
     126    1910       0       0       1       0       0       000000000D    723
     126       0      -1       4       1       0       03d BsCrv       0D    724
     126    1914       0       0       1       0       0       000000000D    725
     126       0      -1       6       1       0       03d BsCrv       0D    726
     126    1920       0       0       1       0       0       000000000D    727
     126       0      -1       6       1       0       03d BsCrv       0D    728
     126    1926       0       0       1       0       0       000000000D    729
     126       0      -1       6       1       0       03d BsCrv       0D    730
     126    1932       0       0       1       0       0       000000000D    731
     126       0      -1       6       1       0       03d BsCrv       0D    732
     126    1938       0       0       1       0       0       000000000D    733
     126       0      -1       6       1       0       03d BsCrv       0D    734
     126    1944       0       0       1       0       0       000000000D    735
     126       0      -1       6       1       0       03d BsCrv       0D    736
     126    1950       0       0       1       0       0       000000000D    737
     126       0      -1       6       1       0       03d BsCrv       0D    738
     126    1956       0       0       1       0       0       000000000D    739
     126       0      -1       6       1       0       03d BsCrv       0D    740
     126    1962       0       0       1       0       0       000000000D    741
     126       0      -1       6       1       0       03d BsCrv       0D    742
     126    1968       0       0       1       0       0       000000000D    743
     126       0      -1       4       1       0       03d BsCrv       0D    744
     126    1972       0       0       1       0       0       000000000D    745
     126       0      -1       4       1       0       03d BsCrv       0D    746
     126    1976       0       0       1       0       0       000000000D    747
     126       0      -1       6       1       0       03d BsCrv       0D    748
     126    1982       0       0       1       0       0       000000000D    749
     126       0      -1       6       1       0       03d BsCrv       0D    750
     126    1988       0       0       1       0       0       000000000D    751
     126       0      -1       6       1       0       03d BsCrv       0D    752
     126    1994       0       0       1       0       0       000000000D    753
     126       0      -1       6       1       0       03d BsCrv       0D    754
     126    2000       0       0       1       0       0       000000000D    755
     126       0      -1       6       1       0       03d BsCrv       0D    756
     126    2006       0       0       1       0       0       000000000D    757
     126       0      -1       6       1       0       03d BsCrv       0D    758
     126    2012       0       0       1       0       0       000000000D    759
     126       0      -1       6       1       0       03d BsCrv       0D    760
     126    2018       0       0       1       0       0       000000000D    761
     126       0      -1       6       1       0       03d BsCrv       0D    762
     126    2024       0       0       1       0       0       000000000D    763
     126       0      -1       6       1       0       03d BsCrv       0D    764
     126    2030       0       0       1       0       0       000000000D    765
     126       0      -1       6       1       0       03d BsCrv       0D    766
     126    2036       0       0       1       0       0       000000000D    767
     126       0      -1       6       1       0       03d BsCrv       0D    768
     126    2042       0       0       1       0       0       000000000D    769
     126       0      -1       6       1       0       03d BsCrv       0D    770
     126    2048       0       0       1       0       0       000000000D    771
     126       0      -1       6       1       0       03d BsCrv       0D    772
     126    2054       0       0       1       0       0       000000000D    773
     126       0      -1       4       1       0       03d BsCrv       0D    774
     126    2058       0       0       1       0       0       000000000D    775
     126       0      -1       6       1       0       03d BsCrv       0D    776
     126    2064       0       0       1       0       0       000000000D    777
     126       0      -1       4       1       0       03d BsCrv       0D    778
     126    2068       0       0       1       0       0       000000000D    779
     126       0      -1       4       1       0       03d BsCrv       0D    780
     126    2072       0       0       1       0       0       000000000D    781
     126       0      -1       6       1       0       03d BsCrv       0D    782
     126    2078       0       0       1       0       0       000000000D    783
     126       0      -1       4       1       0       03d BsCrv       0D    784
     126    2082       0       0       1       0       0       000000000D    785
     126       0      -1       4       1       0       03d BsCrv       0D    786
     126    2086       0       0       1       0       0       000000000D    787
     126       0      -1       6       1       0       03d BsCrv       0D    788
     126    2092       0       0       1       0       0       000000000D    789
     126       0      -1       6       1       0       03d BsCrv       0D    790
     126    2098       0       0       1       0       0       000000000D    791
     126       0      -1       6       1       0       03d BsCrv       0D    792
     126    2104       0       0       1       0       0       000000000D    793
     126       0      -1       4       1       0       03d BsCrv       0D    794
     126    2108       0       0       1       0       0       000000000D    795
     126       0      -1       6       1       0       03d BsCrv       0D    796
     126    2114       0       0       1       0       0       000000000D    797
     126       0      -1       6       1       0       03d BsCrv       0D    798
     126    2120       0       0       1       0       0       000000000D    799
     126       0      -1       6       1       0       03d BsCrv       0D    800
     126    2126       0       0       1       0       0       000000000D    801
     126       0      -1       4       1       0       03d BsCrv       0D    802
     126    2130       0       0       1       0       0       000000000D    803
     126       0      -1       6       1       0       03d BsCrv       0D    804
     126    2136       0       0       1       0       0       000000000D    805
     126       0      -1       6       1       0       03d BsCrv       0D    806
     126    2142       0       0       1       0       0       000000000D    807
     126       0      -1       6       1       0       03d BsCrv       0D    808
     126    2148       0       0       1       0       0       000000000D    809
     126       0      -1       6       1       0       03d BsCrv       0D    810
     126    2154       0       0       1       0       0       000000000D    811
     126       0      -1       6       1       0       03d BsCrv       0D    812
     126    2160       0       0       1       0       0       000000000D    813
     126       0      -1       6       1       0       03d BsCrv       0D    814
     126    2166       0       0       1       0       0       000000000D    815
     126       0      -1       4       1       0       03d BsCrv       0D    816
     126    2170       0       0       1       0       0       000000000D    817
     126       0      -1       6       1       0       03d BsCrv       0D    818
     126    2176       0       0       1       0       0       000000000D    819
     126       0      -1       6       1       0       03d BsCrv       0D    820
     126    2182       0       0       1       0       0       000000000D    821
     126       0      -1       6       1       0       03d BsCrv       0D    822
     126    2188       0       0       1       0       0       000000000D    823
     126       0      -1       6       1       0       03d BsCrv       0D    824
     126    2194       0       0       1       0       0       000000000D    825
     126       0      -1       4       1       0       03d BsCrv       0D    826
     126    2198       0       0       1       0       0       000000000D    827
     126       0      -1       4       1       0       03d BsCrv       0D    828
     126    2202       0       0       1       0       0       000000000D    829
     126       0      -1       6       1       0       03d BsCrv       0D    830
     126    2208       0       0       1       0       0       000000000D    831
     126       0      -1       6       1       0       03d BsCrv       0D    832
     126    2214       0       0       1       0       0       000000000D    833
     126       0      -1       6       1       0       03d BsCrv       0D    834
     126    2220       0       0       1       0       0       000000000D    835
     126       0      -1       6       1       0       03d BsCrv       0D    836
     126    2226       0       0       1       0       0       000000000D    837
     126       0      -1       6       1       0       03d BsCrv       0D    838
     126    2232       0       0       1       0       0       000000000D    839
     126       0      -1       6       1       0       03d BsCrv       0D    840
     126    2238       0       0       1       0       0       000000000D    841
     126       0      -1       4       1       0       03d BsCrv       0D    842
     126    2242       0       0       1       0       0       000000000D    843
     126       0      -1       4       1       0       03d BsCrv       0D    844
     126    2246       0       0       1       0       0       000000000D    845
     126       0      -1       6       1       0       03d BsCrv       0D    846
     126    2252       0       0       1       0       0       000000000D    847
     126       0      -1       6       1       0       03d BsCrv       0D    848
     126    2258       0       0       1       0       0       000000000D    849
     126       0      -1       6       1       0       03d BsCrv       0D    850
     126    2264       0       0       1       0       0       000000000D    851
     126       0      -1       4       1       0       03d BsCrv       0D    852
     126    2268       0       0       1       0       0       000000000D    853
     126       0      -1       4       1       0       03d BsCrv       0D    854
     126    2272       0       0       1       0       0       000000000D    855
     126       0      -1       6       1       0       03d BsCrv       0D    856
     126    2278       0       0       1       0       0       000000000D    857
     126       0      -1       6       1       0       03d BsCrv       0D    858
     126    2284       0       0       1       0       0       000000000D    859
     126       0      -1       6       1       0       03d BsCrv       0D    860
     126    2290       0       0       1       0       0       000000000D    861
     126       0      -1       4       1       0       03d BsCrv       0D    862
     126    2294       0       0       1       0       0       000000000D    863
     126       0      -1       4       1       0       03d BsCrv       0D    864
     126    2298       0       0       1       0       0       000000000D    865
     126       0      -1       4       1       0       03d BsCrv       0D    866
     126    2302       0       0       1       0       0       000000000D    867
     126       0      -1       6       1       0       03d BsCrv       0D    868
     126    2308       0       0       1       0       0       000000000D    869
     126       0      -1       6       1       0       03d BsCrv       0D    870
     126    2314       0       0       1       0       0       000000000D    871
     126       0      -1       4       1       0       03d BsCrv       0D    872
     126    2318       0       0       1       0       0       000000000D    873
     126       0      -1       6       1       0       03d BsCrv       0D    874
     126    2324       0       0       1       0       0       000000000D    875
     126       0      -1       6       1       0       03d BsCrv       0D    876
     126    2330       0       0       1       0       0       000000000D    877
     126       0      -1       4       1       0       03d BsCrv       0D    878
     126    2334       0       0       1       0       0       000000000D    879
     126       0      -1       4       1       0       03d BsCrv       0D    880
     126    2338       0       0       1       0       0       000000000D    881
     126       0      -1       4       1       0       03d BsCrv       0D    882
     126    2342       0       0       1       0       0       000000000D    883
     126       0      -1       6       1       0       03d BsCrv       0D    884
     126    2348       0       0       1       0       0       000000000D    885
     126       0      -1       6       1       0       03d BsCrv       0D    886
     126    2354       0       0       1       0       0       000000000D    887
     126       0      -1       6       1       0       03d BsCrv       0D    888
     126    2360       0       0       1       0       0       000000000D    889
     126       0      -1       4       1       0       03d BsCrv       0D    890
     126    2364       0       0       1       0       0       000000000D    891
     126       0      -1       6       1       0       03d BsCrv       0D    892
     126    2370       0       0       1       0       0       000000000D    893
     126       0      -1       4       1       0       03d BsCrv       0D    894
     126    2374       0       0       1       0       0       000000000D    895
     126       0      -1       6       1       0       03d BsCrv       0D    896
     126    2380       0       0       1       0       0       000000000D    897
     126       0      -1       4       1       0       03d BsCrv       0D    898
     126    2384       0       0       1       0       0       000000000D    899
     126       0      -1       6       1       0       03d BsCrv       0D    900
     126    2390       0       0       1       0       0       000000000D    901
     126       0      -1       6       1       0       03d BsCrv       0D    902
     126    2396       0       0       1       0       0       000000000D    903
     126       0      -1       6       1       0       03d BsCrv       0D    904
     126    2402       0       0       1       0       0       000000000D    905
     126       0      -1       6       1       0       03d BsCrv       0D    906
     126    2408       0       0       1       0       0       000000000D    907
     126       0      -1       6       1       0       03d BsCrv       0D    908
     126    2414       0       0       1       0       0       000000000D    909
     126       0      -1       6       1       0       03d BsCrv       0D    910
     126    2420       0       0       1       0       0       000000000D    911
     126       0      -1       6       1       0       03d BsCrv       0D    912
     126    2426       0       0       1       0       0       000000000D    913
     126       0      -1       6       1       0       03d BsCrv       0D    914
     126    2432       0       0       1       0       0       000000000D    915
     126       0      -1       6       1       0       03d BsCrv       0D    916
     126    2438       0       0       1       0       0       000000000D    917
     126       0      -1       4       1       0       03d BsCrv       0D    918
     126    2442       0       0       1       0       0       000000000D    919
     126       0      -1       6       1       0       03d BsCrv       0D    920
     126    2448       0       0       1       0       0       000000000D    921
     126       0      -1       4       1       0       03d BsCrv       0D    922
     126    2452       0       0       1       0       0       000000000D    923
     126       0      -1       4       1       0       03d BsCrv       0D    924
     126    2456       0       0       1       0       0       000000000D    925
     126       0      -1       6       1       0       03d BsCrv       0D    926
     126    2462       0       0       1       0       0       000000000D    927
     126       0      -1       4       1       0       03d BsCrv       0D    928
     126    2466       0       0       1       0       0       000000000D    929
     126       0      -1       4       1       0       03d BsCrv       0D    930
     126    2470       0       0       1       0       0       000000000D    931
     126       0      -1       6       1       0       03d BsCrv       0D    932
     126    2476       0       0       1       0       0       000000000D    933
     126       0      -1       4       1       0       03d BsCrv       0D    934
     126    2480       0       0       1       0       0       000000000D    935
     126       0      -1       4       1       0       03d BsCrv       0D    936
     126    2484       0       0       1       0       0       000000000D    937
     126       0      -1       6       1       0       03d BsCrv       0D    938
     126    2490       0       0       1       0       0       000000000D    939
     126       0      -1       4       1       0       03d BsCrv       0D    940
     126    2494       0       0       1       0       0       000000000D    941
     126       0      -1       6       1       0       03d BsCrv       0D    942
     126    2500       0       0       1       0       0       000000000D    943
     126       0      -1       6       1       0       03d BsCrv       0D    944
     126    2506       0       0       1       0       0       000000000D    945
     126       0      -1       6       1       0       03d BsCrv       0D    946
     126    2512       0       0       1       0       0       000000000D    947
     126       0      -1       6       1       0       03d BsCrv       0D    948
     126    2518       0       0       1       0       0       000000000D    949
     126       0      -1       4       1       0       03d BsCrv       0D    950
     126    2522       0       0       1       0       0       000000000D    951
     126       0      -1       4       1       0       03d BsCrv       0D    952
     126    2526       0       0       1       0       0       000000000D    953
     126       0      -1       6       1       0       03d BsCrv       0D    954
     126    2532       0       0       1       0       0       000000000D    955
     126       0      -1       4       1       0       03d BsCrv       0D    956
     126    2536       0       0       1       0       0       000000000D    957
     126       0      -1       4       1       0       03d BsCrv       0D    958
     126    2540       0       0       1       0       0       000000000D    959
     126       0      -1       6       1       0       03d BsCrv       0D    960
     126    2546       0       0       1       0       0       000000000D    961
     126       0      -1       6       1       0       03d BsCrv       0D    962
     126    2552       0       0       1       0       0       000000000D    963
     126       0      -1       6       1       0       03d BsCrv       0D    964
     126    2558       0       0       1       0       0       000000000D    965
     126       0      -1       6       1       0       03d BsCrv       0D    966
     126    2564       0       0       1       0       0       000000000D    967
     126       0      -1       6       1       0       03d BsCrv       0D    968
     126    2570       0       0       1       0       0       000000000D    969
     126       0      -1       6       1       0       03d BsCrv       0D    970
     126    2576       0       0       1       0       0       000000000D    971
     126       0      -1       5       1       0       03d BsCrv       0D    972
     126    2581       0       0       1       0       0       000000000D    973
     126       0      -1       6       1       0       03d BsCrv       0D    974
     126    2587       0       0       1       0       0       000000000D    975
     126       0      -1       6       1       0       03d BsCrv       0D    976
     126    2593       0       0       1       0       0       000000000D    977
     126       0      -1       6       1       0       03d BsCrv       0D    978
     126    2599       0       0       1       0       0       000000000D    979
     126       0      -1       4       1       0       03d BsCrv       0D    980
     126    2603       0       0       1       0       0       000000000D    981
     126       0      -1       6       1       0       03d BsCrv       0D    982
     126    2609       0       0       1       0       0       000000000D    983
     126       0      -1       4       1       0       03d BsCrv       0D    984
     126    2613       0       0       1       0       0       000000000D    985
     126       0      -1       4       1       0       03d BsCrv       0D    986
     126    2617       0       0       1       0       0       000000000D    987
     126       0      -1       6       1       0       03d BsCrv       0D    988
     126    2623       0       0       1       0       0       000000000D    989
     126       0      -1       6       1       0       03d BsCrv       0D    990
     126    2629       0       0       1       0       0       000000000D    991
     126       0      -1       4       1       0       03d BsCrv       0D    992
     126    2633       0       0       1       0       0       000000000D    993
     126       0      -1       6       1       0       03d BsCrv       0D    994
     126    2639       0       0       1       0       0       000000000D    995
     126       0      -1       6       1       0       03d BsCrv       0D    996
     126    2645       0       0       1       0       0       000000000D    997
     126       0      -1       6       1       0       03d BsCrv       0D    998
     126    2651       0       0       1       0       0       000000000D    999
     126       0      -1       4       1       0       03d BsCrv       0D   1000
     126    2655       0       0       1       0       0       000000000D   1001
     126       0      -1       6       1       0       03d BsCrv       0D   1002
     126    2661       0       0       1       0       0       000000000D   1003
     126       0      -1       6       1       0       03d BsCrv       0D   1004
314,0.0,0.0,0.0,20HRGB(   0,   0,   0 );                         0000001P      1
406,2,1,7HDefault;                                               0000003P      2
126,1,1,1,0,1,0,0.0D0,0.0D0,25.4D0,25.4D0,1.0D0,1.0D0,           0000005P      3
54.58740162760496D0,16.19164463700499D0,29.18356572331518D0,     0000005P      4
61.43156636552068D0,22.37644572573388D0,5.517859637649167D0,     0000005P      5
0.0D0,25.4D0,-0.960633994421775D0,0.0D0,-0.2778170778790693D0;   0000005P      6
126,1,1,1,0,1,0,0.0D0,0.0D0,25.40000000000001D0,                 0000007P      7
25.40000000000001D0,1.0D0,1.0D0,46.76939029340809D0,             0000007P      8
-34.52424947010344D0,5.501368503037645D0,53.06500444415224D0,    0000007P      9
-42.35975143050968D0,28.82796601517859D0,0.0D0,                  0000007P     10
25.40000000000001D0,0.0D0,0.9479496483220211D0,                  0000007P     11
0.3184202635608421D0;                                            0000007P     12
126,1,1,1,0,1,0,0.0D0,0.0D0,25.4D0,25.4D0,1.0D0,1.0D0,           0000009P     13
-36.09376855248901D0,-22.19042395015224D0,3.469726356871622D0,   0000009P     14
-42.54519078434374D0,-13.17121782816116D0,26.32127055229459D0,   0000009P     15
0.0D0,25.4D0,0.0D0,0.9301710720917088D0,-0.3671263769381892D0;   0000009P     16
126,1,1,1,0,1,0,0.0D0,0.0D0,25.39999999999999D0,                 0000011P     17
25.39999999999999D0,1.0D0,1.0D0,-20.36185101539031D0,            0000011P     18
-65.45530215677809D0,10.61051567186992D0,-16.46844937056939D0,   0000011P     19
-42.570491275492D0,20.92006728965984D0,0.0D0,                    0000011P     20
25.39999999999999D0,0.0D0,-0.4107419040163819D0,                 0000011P     21
0.9117516593267037D0;                                            0000011P     22
126,1,1,1,0,1,0,0.0D0,0.0D0,25.4D0,25.4D0,1.0D0,1.0D0,           0000013P     23
-13.43366553340257D0,12.04531365751637D0,12.68988993521771D0,    0000013P     24
-9.558312757990819D0,35.35497946797535D0,22.00660183753757D0,    0000013P     25
0.0D0,25.4D0,0.0D0,-0.3711449677016296D0,0.9285749366366487D0;   0000013P     26
126,1,1,1,0,1,0,0.0D0,0.0D0,25.4D0,25.4D0,1.0D0,1.0D0,           0000015P     27
21.34181203857383D0,6.332303376740519D0,10.28782909895353D0,     0000015P     28
37.35044360822956D0,21.66459286691222D0,22.68962793043729D0,     0000015P     29
0.0D0,25.4D0,-0.6916862624349622D0,0.7221981129570698D0,0.0D0;   0000015P     30
126,1,1,1,0,1,0,0.0D0,0.0D0,25.4D0,25.4D0,1.0D0,1.0D0,           0000017P     31
10.63346925847002D0,-55.80435326680288D0,2.677839475654018D0,    0000017P     32
5.724105457466215D0,-48.13441467763119D0,26.3892331316104D0,     0000017P     33
0.0D0,25.4D0,0.0D0,0.951460907266734D0,-0.3077696247896522D0;    0000017P     34
126,1,1,1,0,1,0,0.0D0,0.0D0,25.40000000000001D0,                 0000019P     35
25.40000000000001D0,1.0D0,1.0D0,36.86846197949424D0,             0000019P     36
-21.31883382983359D0,30.00664859016414D0,49.5529469873763D0,     0000019P     37
-5.389336558390109D0,14.82392957267949D0,0.0D0,                  0000019P     38
25.40000000000001D0,0.0D0,0.6899355670574741D0,                  0000019P     39
0.7238707849534209D0;                                            0000019P     40
126,1,1,1,0,1,0,0.0D0,0.0D0,25.39999999999998D0,                 0000021P     41
25.39999999999998D0,1.0D0,1.0D0,-7.03205260371703D0,             0000021P     42
47.44278805940692D0,6.11036859893019D0,5.809284878982723D0,      0000021P     43
48.47683122978247D0,28.0007958761034D0,0.0D0,                    0000021P     44
25.39999999999998D0,0.8625429025748792D0,0.0D0,                  0000021P     45
-0.505983933754524D0;                                            0000021P     46
126,1,1,1,0,1,0,0.0D0,0.0D0,25.4D0,25.4D0,1.0D0,1.0D0,           0000023P     47
-14.04218265408111D0,-11.5738752790962D0,9.168393249788791D0,    0000023P     48
-16.63686697918779D0,-8.30948006549518D0,34.22375868600753D0,    0000023P     49
0.0D0,25.4D0,0.0D0,0.9916191608382519D0,-0.1291953554058387D0;   0000023P     50
126,1,1,1,0,1,0,0.0D0,0.0D0,25.39999999999999D0,                 0000025P     51
25.39999999999999D0,1.0D0,1.0D0,14.66746445037172D0,             0000025P     52
-36.03032378027327D0,18.45408758122171D0,38.78023591623959D0,    0000025P     53
-43.96969195442163D0,17.61701815151591D0,0.0D0,                  0000025P     54
25.39999999999999D0,0.3127434260316099D0,0.9498376437444513D0,   0000025P     55
0.0D0;                                                           0000025P     56
126,1,1,1,0,1,0,0.0D0,0.0D0,25.39999999999999D0,                 0000027P     57
25.39999999999999D0,1.0D0,1.0D0,-59.5280665027672D0,             0000027P     58
-30.92160966241303D0,6.194186106079284D0,-67.80675738515895D0,   0000027P     59
-15.41736618451224D0,24.53108092095387D0,0.0D0,                  0000027P     60
25.39999999999999D0,0.0D0,0.7636242449309938D0,                  0000027P     61
-0.6456609114338342D0;                                           0000027P     62
126,1,1,1,0,1,0,0.0D0,0.0D0,25.4D0,25.4D0,1.0D0,1.0D0,           0000029P     63
23.86114309120834D0,33.54403725042609D0,5.712437851881282D0,     0000029P     64
23.51919680064356D0,40.94089378662966D0,30.00913693050494D0,     0000029P     65
0.0D0,25.4D0,0.0D0,0.9566496502344757D0,-0.2912412173890489D0;   0000029P     66
126,1,1,1,0,1,0,0.0D0,0.0D0,25.4D0,25.4D0,1.0D0,1.0D0,           0000031P     67
-46.63054691357249D0,55.75766316180622D0,6.830541391920617D0,    0000031P     68
-45.02690112703014D0,51.74673985076768D0,31.86053968165832D0,    0000031P     69
0.0D0,25.4D0,0.0D0,0.9874029177170967D0,0.1582260347849378D0;    0000031P     70
126,1,1,1,0,1,0,0.0D0,0.0D0,25.4D0,25.4D0,1.0D0,1.0D0,           0000033P     71
34.51630744162897D0,-58.9166667171916D0,3.276958045808911D0,     0000033P     72
38.99021258592665D0,-59.208122686618D0,28.27814254130256D0,      0000033P     73
0.0D0,25.4D0,0.9843634086357135D0,0.0D0,-0.1761495947740997D0;   0000033P     74
126,1,1,1,0,1,0,0.0D0,0.0D0,25.4D0,25.4D0,1.0D0,1.0D0,           0000035P     75
-2.267772034590533D0,16.02734243565133D0,25.41606344646092D0,    0000035P     76
12.48360652427393D0,-3.326184832843282D0,18.13610377069973D0,    0000035P     77
0.0D0,25.4D0,-0.7953161341080949D0,-0.6061948917859294D0,0.0D0;  0000035P     78
126,1,1,1,0,1,0,0.0D0,0.0D0,25.39999999999999D0,                 0000037P     79
25.39999999999999D0,1.0D0,1.0D0,31.99769148742886D0,             0000037P     80
26.28143328722518D0,13.87036200847073D0,28.3973889208847D0,      0000037P     81
50.93707955190625D0,18.79955349392284D0,0.0D0,                   0000037P     82
25.39999999999999D0,0.0D0,-0.1960420305480804D0,                 0000037P     83
0.9805954936968584D0;                                            0000037P     84
126,1,1,1,0,1,0,0.0D0,0.0D0,25.4D0,25.4D0,1.0D0,1.0D0,           0000039P     85
-6.956694650264645D0,66.09065853703736D0,11.89341026222038D0,    0000039P     86
16.33860899335551D0,58.18357762798875D0,18.21534822848489D0,     0000039P     87
0.0D0,25.4D0,0.3214172630763249D0,0.9469376658452892D0,0.0D0;    0000039P     88
126,1,1,1,0,1,0,0.0D0,0.0D0,25.39999999999999D0,                 0000041P     89
25.39999999999999D0,1.0D0,1.0D0,64.79032509887652D0,             0000041P     90
-15.55526773974868D0,16.77060336570581D0,47.90052562780325D0,    0000041P     91
1.67847752920138D0,24.70109501703954D0,0.0D0,                    0000041P     92
25.39999999999999D0,0.7141977342885965D0,0.699943995143208D0,    0000041P     93
0.0D0;                                                           0000041P     94
126,1,1,1,0,1,0,0.0D0,0.0D0,25.4D0,25.4D0,1.0D0,1.0D0,           0000043P     95
53.05903150930907D0,-7.73013914764168D0,31.5123999866819D0,      0000043P     96
69.1871237585065D0,-12.4814975142655D0,12.47377519198384D0,      0000043P     97
0.0D0,25.4D0,-0.7630208233214552D0,0.0D0,-0.6463739035402409D0;  0000043P     98
126,1,1,1,0,1,0,0.0D0,0.0D0,25.4D0,25.4D0,1.0D0,1.0D0,           0000045P     99
52.66233050360079D0,-45.63105779385238D0,10.64645787617774D0,    0000045P    100
53.88352118571488D0,-26.78107833501856D0,27.62724018205106D0,    0000045P    101
0.0D0,25.4D0,0.0D0,-0.6693087476160786D0,0.7429843876990929D0;   0000045P    102
126,1,1,1,0,1,0,0.0D0,0.0D0,25.4D0,25.4D0,1.0D0,1.0D0,           0000047P    103
-36.47568780645865D0,-50.58953973926967D0,33.2418551459385D0,    0000047P    104
-32.4745573579771D0,-46.55278547390293D0,8.485935245129374D0,    0000047P    105
0.0D0,25.4D0,0.0D0,-0.9869647428068608D0,-0.1609366224828496D0;  0000047P    106
126,1,1,1,0,1,0,0.0D0,0.0D0,25.4D0,25.4D0,1.0D0,1.0D0,           0000049P    107
-15.62867526562747D0,-64.93774016438196D0,28.10582232562716D0,   0000049P    108
-15.26314088715014D0,-48.33013479986877D0,8.890884681316576D0,   0000049P    109
0.0D0,25.4D0,0.0D0,-0.7565719567366539D0,-0.6539104482111221D0;  0000049P    110
126,1,1,1,0,1,0,0.0D0,0.0D0,25.4D0,25.4D0,1.0D0,1.0D0,           0000051P    111
-54.36054119442377D0,6.412464877137872D0,17.83993038911896D0,    0000051P    112
-52.59984010384758D0,5.142311059986865D0,43.14697764774676D0,    0000051P    113
0.0D0,25.4D0,0.9975885116905714D0,0.0D0,-0.06940577312436358D0;  0000051P    114
126,1,1,1,0,1,0,0.0D0,0.0D0,25.39999999999999D0,                 0000053P    115
25.39999999999999D0,1.0D0,1.0D0,-48.79486241770748D0,            0000053P    116
-36.16302382405577D0,5.998533384960181D0,-49.1654972845904D0,    0000053P    117
-20.40528806971834D0,25.91627406235445D0,0.0D0,                  0000053P    118
25.39999999999999D0,0.0D0,0.7842465157877307D0,                  0000053P    119
-0.6204493552859934D0;                                           0000053P    120
126,1,1,1,0,1,0,0.0D0,0.0D0,25.40000000000001D0,                 0000055P    121
25.40000000000001D0,1.0D0,1.0D0,-52.74935878559308D0,            0000055P    122
45.12620314378041D0,11.92577277971485D0,-45.09843992999298D0,    0000055P    123
32.64168267109793D0,32.68053582900537D0,0.0D0,                   0000055P    124
25.40000000000001D0,0.0D0,0.8569156473117703D0,                  0000055P    125
0.5154566649023467D0;                                            0000055P    126
126,1,1,1,0,1,0,0.0D0,0.0D0,25.39999999999998D0,                 0000057P    127
25.39999999999998D0,1.0D0,1.0D0,-64.38850481910761D0,            0000057P    128
-6.224224043634326D0,17.09782404601456D0,-48.50555746537415D0,   0000057P    129
13.45059307845952D0,19.50480443037446D0,0.0D0,                   0000057P    130
25.39999999999998D0,0.7781006607352814D0,-0.6281396037214328D0,  0000057P    131
0.0D0;                                                           0000057P    132
126,1,1,1,0,1,0,0.0D0,0.0D0,25.4D0,25.4D0,1.0D0,1.0D0,           0000059P    133
-1.007231962151877D0,-63.85553988452207D0,287.4237388577114D0,   0000059P    134
19.00603860427498D0,-51.76075111580704D0,297.3406479464929D0,    0000059P    135
0.0D0,25.4D0,-0.5172233375037592D0,0.8558504654093917D0,0.0D0;   0000059P    136
126,1,1,1,0,1,0,0.0D0,0.0D0,25.39999999999996D0,                 0000061P    137
25.39999999999996D0,1.0D0,1.0D0,32.797131461066D0,               0000061P    138
31.84032108460409D0,271.6969452312694D0,36.35938613893705D0,     0000061P    139
27.37844252631152D0,296.4469347533082D0,0.0D0,                   0000061P    140
25.39999999999996D0,0.0D0,0.9841355880183119D0,                  0000061P    141
0.177417993438804D0;                                             0000061P    142
126,1,1,1,0,1,0,0.0D0,0.0D0,25.39999999999991D0,                 0000063P    143
25.39999999999991D0,1.0D0,1.0D0,-20.87440541481519D0,            0000063P    144
-3.757858962562693D0,297.2941788700144D0,1.585688535228229D0,    0000063P    145
-9.064811090579752D0,286.6856710170619D0,0.0D0,                  0000063P    146
25.39999999999991D0,0.4270837395565735D0,0.0D0,                  0000063P    147
0.9042120765652122D0;                                            0000063P    148
126,1,1,1,0,1,0,0.0D0,0.0D0,25.39999999999995D0,                 0000065P    149
25.39999999999995D0,1.0D0,1.0D0,32.57826265362917D0,             0000065P    150
-26.70501690021723D0,294.728557768828D0,53.18828927647468D0,     0000065P    151
-11.92986158461065D0,293.2857868219D0,0.0D0,25.39999999999995D0, 0000065P    152
-0.5826397217343101D0,0.8127305547703776D0,0.0D0;                0000065P    153
126,1,1,1,0,1,0,0.0D0,0.0D0,25.39999999999995D0,                 0000067P    154
25.39999999999995D0,1.0D0,1.0D0,16.00955241754971D0,             0000067P    155
50.08680134398439D0,270.2959400490495D0,25.85360167680797D0,     0000067P    156
54.98029607731671D0,293.1937216768873D0,0.0D0,                   0000067P    157
25.39999999999995D0,0.9186982594182751D0,0.0D0,                  0000067P    158
-0.3949601348767134D0;                                           0000067P    159
126,1,1,1,0,1,0,0.0D0,0.0D0,25.40000000000003D0,                 0000069P    160
25.40000000000003D0,1.0D0,1.0D0,51.619336551293D0,               0000069P    161
7.930611024517788D0,275.1413752417095D0,64.85518965937123D0,     0000069P    162
-2.020723250643613D0,294.4012594221861D0,0.0D0,                  0000069P    163
25.40000000000003D0,0.824148130941415D0,0.0D0,                   0000069P    164
-0.56637430932712D0;                                             0000069P    165
126,1,1,1,0,1,0,0.0D0,0.0D0,25.40000000000001D0,                 0000071P    166
25.40000000000001D0,1.0D0,1.0D0,5.513965898489374D0,             0000071P    167
-48.97193251665112D0,293.2276653831095D0,2.052310125159565D0,    0000071P    168
-24.48901060642351D0,287.4170308183938D0,0.0D0,                  0000071P    169
25.40000000000001D0,0.0D0,0.2309197180610741D0,                  0000071P    170
0.9729728073335834D0;                                            0000071P    171
126,1,1,1,0,1,0,0.0D0,0.0D0,25.39999999999997D0,                 0000073P    172
25.39999999999997D0,1.0D0,1.0D0,20.49374191749995D0,             0000073P    173
58.63165164864336D0,275.3536495627142D0,9.672016756499858D0,     0000073P    174
66.60403505077184D0,296.9057113533931D0,0.0D0,                   0000073P    175
25.39999999999997D0,0.8936680115189801D0,0.0D0,                  0000073P    176
0.448728743438296D0;                                             0000073P    177
126,1,1,1,0,1,0,0.0D0,0.0D0,25.39999999999995D0,                 0000075P    178
25.39999999999995D0,1.0D0,1.0D0,-16.89959008498633D0,            0000075P    179
-66.65735295259806D0,287.5057872932895D0,-37.25584370791236D0,   0000075P    180
-55.40346989357116D0,297.7103477704906D0,0.0D0,                  0000075P    181
25.39999999999995D0,-0.4838301748272865D0,-0.8751619061217172D0, 0000075P    182
0.0D0;                                                           0000075P    183
126,1,1,1,0,1,0,0.0D0,0.0D0,25.40000000000001D0,                 0000077P    184
25.40000000000001D0,1.0D0,1.0D0,-59.87730048028876D0,            0000077P    185
27.94482722878644D0,272.9833184477037D0,-45.37356181614862D0,    0000077P    186
31.71348235982879D0,293.4918240798943D0,0.0D0,                   0000077P    187
25.40000000000001D0,0.8164583835182253D0,0.0D0,                  0000077P    188
-0.5774042846938412D0;                                           0000077P    189
126,1,1,1,0,1,0,0.0D0,0.0D0,25.39999999999997D0,                 0000079P    190
25.39999999999997D0,1.0D0,1.0D0,-71.63472727171664D0,            0000079P    191
-5.984343885103184D0,269.5512096050605D0,-62.92100767265698D0,   0000079P    192
-2.512272635429374D0,293.1557814500686D0,0.0D0,                  0000079P    193
25.39999999999997D0,0.9381199056976759D0,0.0D0,                  0000079P    194
-0.3463106156816216D0;                                           0000079P    195
126,1,1,1,0,1,0,0.0D0,0.0D0,25.39999999999998D0,                 0000081P    196
25.39999999999998D0,1.0D0,1.0D0,-55.31291119889879D0,            0000081P    197
-19.01516305022772D0,269.5346117836258D0,-50.69139180677378D0,   0000081P    198
-21.76946539275457D0,294.3582975920258D0,0.0D0,                  0000081P    199
25.39999999999998D0,0.9831075431559266D0,0.0D0,                  0000081P    200
-0.1830288463328051D0;                                           0000081P    201
126,1,1,1,0,1,0,0.0D0,0.0D0,25.4D0,25.4D0,1.0D0,1.0D0,           0000083P    202
-6.992951606156595D0,57.8980936530136D0,275.4711853511465D0,     0000083P    203
0.008716641310343221D0,39.66371467213261D0,291.7083053215729D0,  0000083P    204
0.0D0,25.4D0,0.0D0,-0.6650221201788723D0,-0.746823660359524D0;   0000083P    205
126,1,1,1,0,1,0,0.0D0,0.0D0,25.39999999999998D0,                 0000085P    206
25.39999999999998D0,1.0D0,1.0D0,10.57718131340583D0,             0000085P    207
-29.3420866889463D0,277.6887102056487D0,17.70349449571107D0,     0000085P    208
-8.159659907590253D0,289.7585261147747D0,0.0D0,                  0000085P    209
25.39999999999998D0,0.0D0,-0.495074021525543D0,                  0000085P    210
0.8688508003164447D0;                                            0000085P    211
126,1,1,1,0,1,0,0.0D0,0.0D0,25.40000000000002D0,                 0000087P    212
25.40000000000002D0,1.0D0,1.0D0,-53.05762002763289D0,            0000087P    213
-34.15929710892982D0,286.2174580702981D0,-48.01454970787567D0,   0000087P    214
-9.613272699141817D0,282.0677439326644D0,0.0D0,                  0000087P    215
25.40000000000002D0,0.9795399011701221D0,-0.201250048486024D0,   0000087P    216
0.0D0;                                                           0000087P    217
126,1,1,1,0,1,0,0.0D0,0.0D0,25.39999999999999D0,                 0000089P    218
25.39999999999999D0,1.0D0,1.0D0,-13.85197940435295D0,            0000089P    219
-48.02023733483492D0,262.7990701837591D0,-15.03102674121747D0,   0000089P    220
-41.9300412714077D0,287.4299321111552D0,0.0D0,                   0000089P    221
25.39999999999999D0,0.0D0,0.9707654114799905D0,                  0000089P    222
-0.2400302394992869D0;                                           0000089P    223
126,1,1,1,0,1,0,0.0D0,0.0D0,25.4D0,25.4D0,1.0D0,1.0D0,           0000091P    224
-35.59606508553446D0,49.844891237077D0,265.4065607449145D0,      0000091P    225
-23.07464984625329D0,45.58363877118902D0,287.0910226434137D0,    0000091P    226
0.0D0,25.4D0,0.8659927993248658D0,0.0D0,-0.5000564683288107D0;   0000091P    227
126,1,1,1,0,1,0,0.0D0,0.0D0,25.39999999999999D0,                 0000093P    228
25.39999999999999D0,1.0D0,1.0D0,35.56573828388525D0,             0000093P    229
-50.1384821977808D0,291.8486775637927D0,46.16479781187437D0,     0000093P    230
-31.99767231795136D0,277.5752423071341D0,0.0D0,                  0000093P    231
25.39999999999999D0,0.0D0,0.6183555683031001D0,                  0000093P    232
0.78589846109313D0;                                              0000093P    233
126,1,1,1,0,1,0,0.0D0,0.0D0,25.39999999999998D0,                 0000095P    234
25.39999999999998D0,1.0D0,1.0D0,-46.15245544318162D0,            0000095P    235
-2.106172391533889D0,269.8281715035029D0,-43.20971555257867D0,   0000095P    236
-2.78307813415357D0,295.0480462167496D0,0.0D0,                   0000095P    237
25.39999999999998D0,0.9932612297252934D0,0.0D0,                  0000095P    238
-0.1158970643484881D0;                                           0000095P    239
126,1,1,1,0,1,0,0.0D0,0.0D0,25.39999999999995D0,                 0000097P    240
25.39999999999995D0,1.0D0,1.0D0,41.09599148387615D0,             0000097P    241
46.47638981722204D0,268.4788926695772D0,42.32102466220151D0,     0000097P    242
45.86759908566265D0,293.8420286656872D0,0.0D0,                   0000097P    243
25.39999999999995D0,0.9988356038683538D0,0.0D0,                  0000097P    244
-0.04824351194659258D0;                                          0000097P    245
126,1,1,1,0,1,0,0.0D0,0.0D0,25.39999999999994D0,                 0000099P    246
25.39999999999994D0,1.0D0,1.0D0,-7.974840283976505D0,            0000099P    247
53.87814873595427D0,276.7024346144601D0,-16.466235495505D0,      0000099P    248
72.06785885560414D0,292.2649104176456D0,0.0D0,                   0000099P    249
25.39999999999994D0,0.0D0,-0.650099869111939D0,                  0000099P    250
0.7598487745470409D0;                                            0000099P    251
126,1,1,1,0,1,0,0.0D0,0.0D0,25.39999999999995D0,                 0000101P    252
25.39999999999995D0,1.0D0,1.0D0,45.74183457167238D0,             0000101P    253
-36.75252132190888D0,292.432326620912D0,53.48478364975428D0,     0000101P    254
-17.95890474423248D0,277.2005599635109D0,0.0D0,                  0000101P    255
25.39999999999995D0,0.0D0,0.6296447961753058D0,                  0000101P    256
0.7768831512198975D0;                                            0000101P    257
126,1,1,1,0,1,0,0.0D0,0.0D0,25.39999999999999D0,                 0000103P    258
25.39999999999999D0,1.0D0,1.0D0,40.77561571722475D0,             0000103P    259
-61.71697597423726D0,267.1521902541394D0,38.1180661816295D0,     0000103P    260
-60.06705040166225D0,292.3588396957217D0,0.0D0,                  0000103P    261
25.39999999999999D0,0.9944881138973768D0,0.0D0,                  0000103P    262
0.1048493744227302D0;                                            0000103P    263
126,1,1,1,0,1,0,0.0D0,0.0D0,25.39999999999993D0,                 0000105P    264
25.39999999999993D0,1.0D0,1.0D0,-49.05529221622334D0,            0000105P    265
-49.13229609663779D0,274.0182201742193D0,-34.26873154437914D0,   0000105P    266
-45.67431386812903D0,294.3789662903415D0,0.0D0,                  0000105P    267
25.39999999999993D0,0.8091376812039355D0,0.0D0,                  0000105P    268
-0.5876191052509425D0;                                           0000105P    269
126,1,1,1,0,1,0,0.0D0,0.0D0,25.39999999999998D0,                 0000107P    270
25.39999999999998D0,1.0D0,1.0D0,-40.01643321563747D0,            0000107P    271
-51.02479860533562D0,269.610531202691D0,-41.44404865958189D0,    0000107P    272
-46.25596068555907D0,294.5179618015929D0,0.0D0,                  0000107P    273
25.39999999999998D0,0.0D0,0.9821600721997028D0,                  0000107P    274
-0.1880467829468899D0;                                           0000107P    275
126,1,1,1,0,1,0,0.0D0,0.0D0,25.39999999999998D0,                 0000109P    276
25.39999999999998D0,1.0D0,1.0D0,-9.933838645220547D0,            0000109P    277
72.45319543792348D0,287.9315001689058D0,3.877180145059455D0,     0000109P    278
54.27731352586293D0,276.7935884843322D0,0.0D0,                   0000109P    279
25.39999999999998D0,-0.7962181457092705D0,-0.6050096399589768D0, 0000109P    280
0.0D0;                                                           0000109P    281
126,1,1,1,0,1,0,0.0D0,0.0D0,25.39999999999998D0,                 0000111P    282
25.39999999999998D0,1.0D0,1.0D0,-56.93247988293786D0,            0000111P    283
24.34572135681859D0,270.4739457409968D0,-50.58710901020669D0,    0000111P    284
16.05970731812875D0,293.6307641718204D0,0.0D0,                   0000111P    285
25.39999999999998D0,0.0D0,0.9415392684842238D0,                  0000111P    286
0.3369032589664172D0;                                            0000111P    287
126,1,1,1,0,1,0,0.0D0,0.0D0,25.39999999999994D0,                 0000113P    288
25.39999999999994D0,1.0D0,1.0D0,-15.79942507293723D0,            0000113P    289
72.5491766627991D0,260.3236088497596D0,-0.825008039684235D0,     0000113P    290
71.00988336245099D0,239.8649331680415D0,0.0D0,                   0000113P    291
25.39999999999994D0,-0.8069428304313262D0,0.0D0,                 0000113P    292
-0.5906295526093152D0;                                           0000113P    293
126,1,1,1,0,1,0,0.0D0,0.0D0,25.39999999999999D0,                 0000115P    294
25.39999999999999D0,1.0D0,1.0D0,-21.21046565138663D0,            0000115P    295
-50.28051198291921D0,114.038886594946D0,-10.01630898770141D0,    0000115P    296
-73.02480237655124D0,115.6351669835398D0,0.0D0,                  0000115P    297
25.39999999999999D0,-0.8972180739456809D0,-0.4415877350937219D0, 0000115P    298
0.0D0;                                                           0000115P    299
126,1,1,1,0,1,0,0.0D0,0.0D0,25.40000000000001D0,                 0000117P    300
25.40000000000001D0,1.0D0,1.0D0,-19.09725803551148D0,            0000117P    301
-71.63740374405101D0,88.77024701252365D0,-17.07735652181358D0,   0000117P    302
-57.0874465832121D0,68.04879087419414D0,0.0D0,                   0000117P    303
25.40000000000001D0,0.0D0,-0.8183972426577495D0,                 0000117P    304
-0.5746528980264459D0;                                           0000117P    305
126,1,1,1,0,1,0,0.0D0,0.0D0,25.40000000000001D0,                 0000119P    306
25.40000000000001D0,1.0D0,1.0D0,-46.16228765108334D0,            0000119P    307
32.53861643015107D0,158.9972721168999D0,-60.94101296494309D0,    0000119P    308
38.28419985475019D0,178.8400932169465D0,0.0D0,                   0000119P    309
25.40000000000001D0,0.8020013572205925D0,0.0D0,                  0000119P    310
0.5973222103825767D0;                                            0000119P    311
126,1,1,1,0,1,0,0.0D0,0.0D0,25.40000000000001D0,                 0000121P    312
25.40000000000001D0,1.0D0,1.0D0,-26.03613164333314D0,            0000121P    313
67.69682884309898D0,106.5886227756687D0,-3.863028028995394D0,    0000121P    314
58.62216693990633D0,115.0244978014492D0,0.0D0,                   0000121P    315
25.40000000000001D0,0.3787703852561899D0,0.9254906781015557D0,   0000121P    316
0.0D0;                                                           0000121P    317
126,1,1,1,0,1,0,0.0D0,0.0D0,25.40000000000002D0,                 0000123P    318
25.40000000000002D0,1.0D0,1.0D0,-72.52121056459784D0,            0000123P    319
-4.466930852678249D0,41.93466894211875D0,-70.71494584966806D0,   0000123P    320
-6.522785677011207D0,67.18681476620402D0,0.0D0,                  0000123P    321
25.40000000000002D0,0.0D0,0.9967023395310285D0,                  0000123P    322
0.08114460162804937D0;                                           0000123P    323
126,1,1,1,0,1,0,0.0D0,0.0D0,25.39999999999996D0,                 0000125P    324
25.39999999999996D0,1.0D0,1.0D0,-61.42745779688182D0,            0000125P    325
4.308160573509557D0,223.7265638884255D0,-57.39274794151268D0,    0000125P    326
22.53730370278922D0,206.5050814564389D0,0.0D0,                   0000125P    327
25.39999999999996D0,0.0D0,0.6867303728054217D0,                  0000125P    328
0.7269122333999659D0;                                            0000125P    329
126,1,1,1,0,1,0,0.0D0,0.0D0,25.4D0,25.4D0,1.0D0,1.0D0,           0000127P    330
-69.1708697756016D0,22.14400992747852D0,127.7082964905564D0,     0000127P    331
-48.89558228356876D0,8.140591829712125D0,133.8708445588935D0,    0000127P    332
0.0D0,25.4D0,0.56829554744252D0,0.8228245078733416D0,0.0D0;      0000127P    333
126,1,1,1,0,1,0,0.0D0,0.0D0,25.4D0,25.4D0,1.0D0,1.0D0,           0000129P    334
-59.3839134572857D0,21.22483834902203D0,56.64063623065337D0,     0000129P    335
-36.11506030341077D0,30.54127730209021D0,52.52670403175189D0,    0000129P    336
0.0D0,25.4D0,-0.3716966820199141D0,0.928354230116601D0,0.0D0;    0000129P    337
126,1,1,1,0,1,0,0.0D0,0.0D0,25.40000000000002D0,                 0000131P    338
25.40000000000002D0,1.0D0,1.0D0,-37.72088179673216D0,            0000131P    339
-9.839734518036135D0,181.1581576026103D0,-55.54116289271812D0,   0000131P    340
6.409468922851506D0,189.1306709576754D0,0.0D0,                   0000131P    341
25.40000000000002D0,-0.6737832944603709D0,-0.738929003427345D0,  0000131P    342
0.0D0;                                                           0000131P    343
126,1,1,1,0,1,0,0.0D0,0.0D0,25.40000000000001D0,                 0000133P    344
25.40000000000001D0,1.0D0,1.0D0,-59.74803478850323D0,            0000133P    345
2.465018701871831D0,70.55860509992952D0,-58.30374279338106D0,    0000133P    346
-0.1786827214636695D0,95.7793279963312D0,0.0D0,                  0000133P    347
25.40000000000001D0,0.0D0,0.994550976205788D0,                   0000133P    348
0.1042514063603658D0;                                            0000133P    349
126,1,1,1,0,1,0,0.0D0,0.0D0,25.40000000000001D0,                 0000135P    350
25.40000000000001D0,1.0D0,1.0D0,-58.07333113954954D0,            0000135P    351
1.501320151731203D0,234.261615483318D0,-34.80972705510865D0,     0000135P    352
1.632361838758147D0,244.4570827643525D0,0.0D0,                   0000135P    353
25.40000000000001D0,-0.4014016916436703D0,0.0D0,                 0000135P    354
0.9159021137357418D0;                                            0000135P    355
126,1,1,1,0,1,0,0.0D0,0.0D0,25.40000000000003D0,                 0000137P    356
25.40000000000003D0,1.0D0,1.0D0,-49.14013039018334D0,            0000137P    357
16.85214647708425D0,141.5528961668635D0,-56.35899756493527D0,    0000137P    358
30.48885249699284D0,161.7293231458873D0,0.0D0,                   0000137P    359
25.40000000000003D0,0.0D0,0.828513049219851D0,                   0000137P    360
-0.5599697556765229D0;                                           0000137P    361
126,1,1,1,0,1,0,0.0D0,0.0D0,25.40000000000002D0,                 0000139P    362
25.40000000000002D0,1.0D0,1.0D0,-61.96228589927946D0,            0000139P    363
9.616267524949226D0,240.714955700236D0,-52.72530001106745D0,     0000139P    364
31.71983808567217D0,232.2727841686859D0,0.0D0,                   0000139P    365
25.40000000000002D0,0.9226738327961888D0,-0.3855813769792196D0,  0000139P    366
0.0D0;                                                           0000139P    367
126,1,1,1,0,1,0,0.0D0,0.0D0,25.39999999999998D0,                 0000141P    368
25.39999999999998D0,1.0D0,1.0D0,-68.40483816743372D0,            0000141P    369
10.47768156015251D0,38.48958805324321D0,-47.92101935672265D0,    0000141P    370
-4.259917970600778D0,35.59539956575682D0,0.0D0,                  0000141P    371
25.39999999999998D0,0.5840241302293919D0,0.8117362966566187D0,   0000141P    372
0.0D0;                                                           0000141P    373
126,1,1,1,0,1,0,0.0D0,0.0D0,25.4D0,25.4D0,1.0D0,1.0D0,           0000143P    374
-60.65876741987222D0,3.506469621000182D0,89.98945359974039D0,    0000143P    375
-51.91889522920584D0,23.71501311817629D0,102.6539474235597D0,    0000143P    376
0.0D0,25.4D0,0.0D0,-0.5310283736023433D0,0.8473540384215149D0;   0000143P    377
126,1,1,1,0,1,0,0.0D0,0.0D0,25.39999999999997D0,                 0000145P    378
25.39999999999997D0,1.0D0,1.0D0,-65.96626920336462D0,            0000145P    379
3.987167109034321D0,276.0135733630988D0,-44.32312535721613D0,    0000145P    380
16.11139484731399D0,281.4667766607261D0,0.0D0,                   0000145P    381
25.39999999999997D0,-0.4887281723905015D0,0.8724361142867939D0,  0000145P    382
0.0D0;                                                           0000145P    383
126,1,1,1,0,1,0,0.0D0,0.0D0,25.39999999999998D0,                 0000147P    384
25.39999999999998D0,1.0D0,1.0D0,-42.15422586714136D0,            0000147P    385
28.62409581266986D0,286.0033905079213D0,-48.85841628880809D0,    0000147P    386
48.76659877065811D0,272.0573012576166D0,0.0D0,                   0000147P    387
25.39999999999998D0,0.0D0,0.5692452834046485D0,                  0000147P    388
0.8221677488940815D0;                                            0000147P    389
126,1,1,1,0,1,0,0.0D0,0.0D0,25.39999999999998D0,                 0000149P    390
25.39999999999998D0,1.0D0,1.0D0,-50.01915175597762D0,            0000149P    391
49.22984440194879D0,43.29289032698617D0,-46.19093309789057D0,    0000149P    392
47.72328389708518D0,68.35750716728633D0,0.0D0,                   0000149P    393
25.39999999999998D0,0.988536345687086D0,0.0D0,                   0000149P    394
-0.1509830893034776D0;                                           0000149P    395
126,1,1,1,0,1,0,0.0D0,0.0D0,25.4D0,25.4D0,1.0D0,1.0D0,           0000151P    396
-54.64805060920332D0,48.97170800813668D0,27.79582954832085D0,    0000151P    397
-32.69303199330565D0,37.43320054931991D0,33.27305541534659D0,    0000151P    398
0.0D0,25.4D0,0.4652170168817291D0,0.885196660185557D0,0.0D0;     0000151P    399
126,1,1,1,0,1,0,0.0D0,0.0D0,25.40000000000001D0,                 0000153P    400
25.40000000000001D0,1.0D0,1.0D0,-48.31021943225591D0,            0000153P    401
5.983322533800624D0,179.5821314087057D0,-59.02844846721067D0,    0000153P    402
28.57487859512882D0,184.0432031501282D0,0.0D0,                   0000153P    403
25.40000000000001D0,0.9034751781889629D0,0.4286404115297826D0,   0000153P    404
0.0D0;                                                           0000153P    405
126,1,1,1,0,1,0,0.0D0,0.0D0,25.40000000000001D0,                 0000155P    406
25.40000000000001D0,1.0D0,1.0D0,-60.01570872376041D0,            0000155P    407
36.38800400639591D0,229.9624046559797D0,-47.67173212261375D0,    0000155P    408
27.90509027955691D0,250.4764587743969D0,0.0D0,                   0000155P    409
25.40000000000001D0,0.856837252316207D0,0.0D0,                   0000155P    410
-0.5155869694272854D0;                                           0000155P    411
126,1,1,1,0,1,0,0.0D0,0.0D0,25.39999999999997D0,                 0000157P    412
25.39999999999997D0,1.0D0,1.0D0,-55.10213171343237D0,            0000157P    413
28.04570229207574D0,253.5229708759909D0,-58.27450803187988D0,    0000157P    414
29.72016664360181D0,278.6683918831966D0,0.0D0,                   0000157P    415
25.39999999999997D0,0.9921354362298516D0,0.0D0,                  0000157P    416
0.125168990476884D0;                                             0000157P    417
126,1,1,1,0,1,0,0.0D0,0.0D0,25.39999999999999D0,                 0000159P    418
25.39999999999999D0,1.0D0,1.0D0,-61.52529298309454D0,            0000159P    419
38.23622620421842D0,11.54199959058254D0,-49.26493814962632D0,    0000159P    420
24.61211575296381D0,29.1268599474198D0,0.0D0,                    0000159P    421
25.39999999999999D0,0.0D0,0.7905055100193951D0,                  0000159P    422
0.6124549278346746D0;                                            0000159P    423
126,1,1,1,0,1,0,0.0D0,0.0D0,25.4D0,25.4D0,1.0D0,1.0D0,           0000161P    424
-44.58133441641284D0,21.43026227377734D0,63.90906283590959D0,    0000161P    425
-59.28050607604159D0,28.87522626627708D0,83.23952748814051D0,    0000161P    426
0.0D0,25.4D0,0.7960030983304525D0,0.0D0,0.6052925469955167D0;    0000161P    427
126,1,1,1,0,1,0,0.0D0,0.0D0,25.40000000000001D0,                 0000163P    428
25.40000000000001D0,1.0D0,1.0D0,-58.60182384510468D0,            0000163P    429
33.74661957052364D0,117.2840916390134D0,-48.71545595202913D0,    0000163P    430
20.82863126216068D0,136.7916621681121D0,0.0D0,                   0000163P    431
25.40000000000001D0,0.0D0,0.8337636609497093D0,                  0000163P    432
0.5521215062644619D0;                                            0000163P    433
126,1,1,1,0,1,0,0.0D0,0.0D0,25.4D0,25.4D0,1.0D0,1.0D0,           0000165P    434
-40.43136946321948D0,4.145500652848213D0,20.79445892370062D0,    0000165P    435
-58.44938676582589D0,21.37613070889818D0,25.65413384642164D0,    0000165P    436
0.0D0,25.4D0,-0.6911389562842698D0,-0.7227218988700221D0,0.0D0;  0000165P    437
126,1,1,1,0,1,0,0.0D0,0.0D0,25.40000000000002D0,                 0000167P    438
25.40000000000002D0,1.0D0,1.0D0,-59.15641017117063D0,            0000167P    439
42.13605956994849D0,208.3039699930663D0,-51.25768319625062D0,    0000167P    440
42.01421610109729D0,232.4442944802138D0,0.0D0,                   0000167P    441
25.40000000000002D0,0.9504174110022551D0,0.0D0,                  0000167P    442
-0.3109770809300431D0;                                           0000167P    443
126,1,1,1,0,1,0,0.0D0,0.0D0,25.39999999999998D0,                 0000169P    444
25.39999999999998D0,1.0D0,1.0D0,-36.60300073974271D0,            0000169P    445
59.19694258474453D0,98.60025493810745D0,-38.16841169230315D0,    0000169P    446
63.93414900049537D0,123.5054424283508D0,0.0D0,                   0000169P    447
25.39999999999998D0,0.0D0,0.9823866673324926D0,                  0000169P    448
-0.1868594012817089D0;                                           0000169P    449
126,1,1,1,0,1,0,0.0D0,0.0D0,25.39999999999999D0,                 0000171P    450
25.39999999999999D0,1.0D0,1.0D0,-32.3457170840884D0,             0000171P    451
40.82538993677755D0,200.847636291028D0,-37.63801986816372D0,     0000171P    452
62.19620094966606D0,213.5141262504868D0,0.0D0,                   0000171P    453
25.39999999999999D0,0.0D0,-0.5098710780912322D0,                 0000171P    454
0.8602508260537068D0;                                            0000171P    455
126,1,1,1,0,1,0,0.0D0,0.0D0,25.40000000000001D0,                 0000173P    456
25.40000000000001D0,1.0D0,1.0D0,-24.94132729351557D0,            0000173P    457
36.54007373576288D0,183.4640807589854D0,-32.27171320276491D0,    0000173P    458
60.85914437179266D0,183.37327425441D0,0.0D0,25.40000000000001D0, 0000173P    459
0.9574498444539606D0,0.288599714752261D0,0.0D0;                  0000173P    460
126,1,1,1,0,1,0,0.0D0,0.0D0,25.39999999999998D0,                 0000175P    461
25.39999999999998D0,1.0D0,1.0D0,-50.79793500832638D0,            0000175P    462
45.39746680161561D0,76.82713881569686D0,-25.72820949726781D0,    0000175P    463
41.53393424071997D0,78.14697931783228D0,0.0D0,                   0000175P    464
25.39999999999998D0,0.152313348691334D0,0.9883322537539854D0,    0000175P    465
0.0D0;                                                           0000175P    466
126,1,1,1,0,1,0,0.0D0,0.0D0,25.39999999999999D0,                 0000177P    467
25.39999999999999D0,1.0D0,1.0D0,-44.8792105925724D0,             0000177P    468
33.04172986497941D0,258.7861764171807D0,-24.4068385941492D0,     0000177P    469
40.57690586715777D0,245.7760608383562D0,0.0D0,                   0000177P    470
25.39999999999999D0,0.5363543280654124D0,0.0D0,                  0000177P    471
0.8439929115611694D0;                                            0000177P    472
126,1,1,1,0,1,0,0.0D0,0.0D0,25.40000000000001D0,                 0000179P    473
25.40000000000001D0,1.0D0,1.0D0,-28.8299665808641D0,             0000179P    474
31.55038891708215D0,163.7241090783237D0,-46.26341842302296D0,    0000179P    475
47.34993811726596D0,154.1528499167453D0,0.0D0,                   0000179P    476
25.40000000000001D0,-0.6715307072882483D0,-0.740976726469155D0,  0000179P    477
0.0D0;                                                           0000179P    478
126,1,1,1,0,1,0,0.0D0,0.0D0,25.40000000000001D0,                 0000181P    479
25.40000000000001D0,1.0D0,1.0D0,-52.99970694264044D0,            0000181P    480
41.81068505981096D0,27.06377972190632D0,-54.08049104394862D0,    0000181P    481
45.35875840054916D0,52.19151502167225D0,0.0D0,                   0000181P    482
25.40000000000001D0,0.0D0,0.9901777064148869D0,                  0000181P    483
-0.139814554746471D0;                                            0000181P    484
126,1,1,1,0,1,0,0.0D0,0.0D0,25.4D0,25.4D0,1.0D0,1.0D0,           0000183P    485
-47.48469910952331D0,41.40609756871577D0,118.5265644745558D0,    0000183P    486
-48.31917338148912D0,41.80806296696841D0,143.9096705986698D0,    0000183P    487
0.0D0,25.4D0,0.9994600487905041D0,0.0D0,0.03285743251812027D0;   0000183P    488
126,1,1,1,0,1,0,0.0D0,0.0D0,25.40000000000003D0,                 0000185P    489
25.40000000000003D0,1.0D0,1.0D0,-49.32683761145233D0,            0000185P    490
28.10209779421467D0,193.9153482668448D0,-28.65017675494496D0,    0000185P    491
35.7895939729797D0,181.3241569679068D0,0.0D0,                    0000185P    492
25.40000000000003D0,0.5201096261030483D0,0.0D0,                  0000185P    493
0.8540995122554207D0;                                            0000185P    494
126,1,1,1,0,1,0,0.0D0,0.0D0,25.4D0,25.4D0,1.0D0,1.0D0,           0000187P    495
-46.80023313764594D0,24.46562556053221D0,89.00742755353278D0,    0000187P    496
-48.15800828067506D0,42.43689793477919D0,106.9057463547945D0,    0000187P    497
0.0D0,25.4D0,0.0D0,-0.7056671684999644D0,0.7085434688861671D0;   0000187P    498
126,1,1,1,0,1,0,0.0D0,0.0D0,25.40000000000001D0,                 0000189P    499
25.40000000000001D0,1.0D0,1.0D0,-45.0193841155054D0,             0000189P    500
8.886375583028062D0,151.9113558250775D0,-48.83922858000836D0,    0000189P    501
33.63575364332527D0,147.6643481849283D0,0.0D0,                   0000189P    502
25.40000000000001D0,0.0D0,0.1691285038796241D0,                  0000189P    503
0.9855940082891333D0;                                            0000189P    504
126,1,1,1,0,1,0,0.0D0,0.0D0,25.4D0,25.4D0,1.0D0,1.0D0,           0000191P    505
-32.77926723247385D0,65.77050686894532D0,223.9238274731812D0,    0000191P    506
-33.44592871959696D0,65.89457150645472D0,249.3147740964819D0,    0000191P    507
0.0D0,25.4D0,0.9996554926584587D0,0.0D0,0.02624682833742405D0;   0000191P    508
126,1,1,1,0,1,0,0.0D0,0.0D0,25.40000000000002D0,                 0000193P    509
25.40000000000002D0,1.0D0,1.0D0,-18.8129095122711D0,             0000193P    510
62.62298046291246D0,178.3934331960874D0,-15.39001440883675D0,    0000193P    511
59.7099814459687D0,203.3925976988897D0,0.0D0,                    0000193P    512
25.40000000000002D0,0.9907561754061365D0,0.0D0,                  0000193P    513
-0.1356547120250704D0;                                           0000193P    514
126,1,1,1,0,1,0,0.0D0,0.0D0,25.4D0,25.4D0,1.0D0,1.0D0,           0000195P    515
-22.49452996191774D0,54.0843949404051D0,37.59963451146668D0,     0000195P    516
-23.35779586962991D0,64.0555147361207D0,60.9446884199945D0,      0000195P    517
0.0D0,25.4D0,0.0D0,0.9196278977770562D0,-0.3927906944291732D0;   0000195P    518
126,1,1,1,0,1,0,0.0D0,0.0D0,25.40000000000001D0,                 0000197P    519
25.40000000000001D0,1.0D0,1.0D0,-22.83790678012647D0,            0000197P    520
41.16228346624652D0,80.17910000566988D0,-32.20015903484655D0,    0000197P    521
61.75538791958653D0,91.73038918449392D0,0.0D0,                   0000197P    522
25.40000000000001D0,0.0D0,-0.4892206876806852D0,                 0000197P    523
0.8721600304675957D0;                                            0000197P    524
126,1,1,1,0,1,0,0.0D0,0.0D0,25.40000000000001D0,                 0000199P    525
25.40000000000001D0,1.0D0,1.0D0,-23.37504714815499D0,            0000199P    526
38.89348280297765D0,148.8117959770215D0,-31.62828350126542D0,    0000199P    527
60.51321902994034D0,159.2822828413586D0,0.0D0,                   0000199P    528
25.40000000000001D0,0.0D0,-0.4358754188351284D0,                 0000199P    529
0.9000070106700844D0;                                            0000199P    530
126,1,1,1,0,1,0,0.0D0,0.0D0,25.4D0,25.4D0,1.0D0,1.0D0,           0000201P    531
-2.064962675198238D0,45.17174761410653D0,203.526908197461D0,     0000201P    532
2.407070956339211D0,68.93265509835715D0,211.3102359384263D0,     0000201P    533
0.0D0,25.4D0,0.0D0,-0.3112930387927724D0,0.950313971274316D0;    0000201P    534
126,1,1,1,0,1,0,0.0D0,0.0D0,25.4D0,25.4D0,1.0D0,1.0D0,           0000203P    535
13.05601920912849D0,53.43750255250615D0,10.00087761948637D0,     0000203P    536
11.98230046067129D0,62.5598665188302D0,33.68187429857748D0,      0000203P    537
0.0D0,25.4D0,0.0D0,0.9331568313832994D0,-0.3594695091974841D0;   0000203P    538
126,1,1,1,0,1,0,0.0D0,0.0D0,25.39999999999999D0,                 0000205P    539
25.39999999999999D0,1.0D0,1.0D0,-14.65529709702432D0,            0000205P    540
56.13271469375508D0,222.6929936697422D0,-14.73506149728563D0,    0000205P    541
64.99545871008104D0,246.4964683350411D0,0.0D0,                   0000205P    542
25.39999999999999D0,0.0D0,0.9371492928053811D0,                  0000205P    543
-0.3489286502916812D0;                                           0000205P    544
126,1,1,1,0,1,0,0.0D0,0.0D0,25.39999999999993D0,                 0000207P    545
25.39999999999993D0,1.0D0,1.0D0,-18.95917931757532D0,            0000207P    546
54.78823172873484D0,257.1278254245308D0,-14.11331064525349D0,    0000207P    547
63.82305466292276D0,280.3667912224848D0,0.0D0,                   0000207P    548
25.39999999999993D0,0.0D0,0.9320392509667101D0,                  0000207P    549
-0.3623573300726978D0;                                           0000207P    550
126,1,1,1,0,1,0,0.0D0,0.0D0,25.39999999999998D0,                 0000209P    551
25.39999999999998D0,1.0D0,1.0D0,13.13956741559142D0,             0000209P    552
70.28891522498026D0,139.3001162832446D0,28.86499204415914D0,     0000209P    553
50.84401295313049D0,134.8541297909747D0,0.0D0,                   0000209P    554
25.39999999999998D0,-0.7775515401618747D0,-0.6288192128043615D0, 0000209P    555
0.0D0;                                                           0000209P    556
126,1,1,1,0,1,0,0.0D0,0.0D0,25.40000000000001D0,                 0000211P    557
25.40000000000001D0,1.0D0,1.0D0,-12.06302096892628D0,            0000211P    558
64.09268384107372D0,48.11015054343749D0,-17.2627983679166D0,     0000211P    559
65.46225589706265D0,72.93446498280126D0,0.0D0,                   0000211P    560
25.40000000000001D0,0.9787590638561244D0,0.0D0,                  0000211P    561
0.2050138895769819D0;                                            0000211P    562
126,1,1,1,0,1,0,0.0D0,0.0D0,25.40000000000002D0,                 0000213P    563
25.40000000000002D0,1.0D0,1.0D0,28.89394516039283D0,             0000213P    564
55.16218979961925D0,168.3190601754461D0,12.2802427607939D0,      0000213P    565
64.19097395265325D0,185.2785987686828D0,0.0D0,                   0000213P    566
25.40000000000002D0,0.7143527522241225D0,0.0D0,                  0000213P    567
0.6997857853585061D0;                                            0000213P    568
126,1,1,1,0,1,0,0.0D0,0.0D0,25.4D0,25.4D0,1.0D0,1.0D0,           0000215P    569
-21.69510830194648D0,57.97003511555523D0,167.0261448450696D0,    0000215P    570
-8.844227051020908D0,69.32924241683301D0,185.7606920923667D0,    0000215P    571
0.0D0,25.4D0,0.824639853436648D0,0.0D0,-0.5656581230071601D0;    0000215P    572
126,1,1,1,0,1,0,0.0D0,0.0D0,25.39999999999998D0,                 0000217P    573
25.39999999999998D0,1.0D0,1.0D0,28.75356258870119D0,             0000217P    574
49.78898941026586D0,290.9771153111449D0,14.94292705411539D0,     0000217P    575
71.01721302025646D0,289.0306137069657D0,0.0D0,                   0000217P    576
25.39999999999998D0,0.8382217962414963D0,0.545329460331715D0,    0000217P    577
0.0D0;                                                           0000217P    578
126,1,1,1,0,1,0,0.0D0,0.0D0,25.40000000000001D0,                 0000219P    579
25.40000000000001D0,1.0D0,1.0D0,-63.60271824133571D0,            0000219P    580
-37.78643409065876D0,227.6428765065094D0,-43.57523021301918D0,   0000219P    581
-34.72388832829293D0,242.9621629366619D0,0.0D0,                  0000219P    582
25.40000000000001D0,-0.60755392034207D0,0.0D0,                   0000219P    583
0.7942784359889054D0;                                            0000219P    584
126,1,1,1,0,1,0,0.0D0,0.0D0,25.40000000000001D0,                 0000221P    585
25.40000000000001D0,1.0D0,1.0D0,-49.61524362353052D0,            0000221P    586
-49.12074164668895D0,141.8993651186105D0,-58.16298988049435D0,   0000221P    587
-43.17881741467932D0,165.0680847713583D0,0.0D0,                  0000221P    588
25.40000000000001D0,0.9381866768227063D0,0.0D0,                  0000221P    589
0.3461296858583017D0;                                            0000221P    590
126,1,1,1,0,1,0,0.0D0,0.0D0,25.40000000000001D0,                 0000223P    591
25.40000000000001D0,1.0D0,1.0D0,-50.71858032980363D0,            0000223P    592
-42.43932644504226D0,116.4196658368488D0,-55.32921310547124D0,   0000223P    593
-38.9561076775183D0,141.1536354419386D0,0.0D0,                   0000223P    594
25.40000000000001D0,0.9830659221255897D0,0.0D0,                  0000223P    595
0.1832522653485197D0;                                            0000223P    596
126,1,1,1,0,1,0,0.0D0,0.0D0,25.4D0,25.4D0,1.0D0,1.0D0,           0000225P    597
-62.70126149232901D0,-6.147054536277565D0,145.9091352350458D0,   0000225P    598
-49.32056954532744D0,-26.32607164133758D0,153.5853551181095D0,   0000225P    599
0.0D0,25.4D0,-0.8334199583881329D0,-0.5526401839898388D0,0.0D0;  0000225P    600
126,1,1,1,0,1,0,0.0D0,0.0D0,25.4D0,25.4D0,1.0D0,1.0D0,           0000227P    601
-64.80142963284182D0,-10.34209647038343D0,263.9869089762009D0,   0000227P    602
-54.72695141860385D0,-12.07529106160003D0,287.2390255512532D0,   0000227P    603
0.0D0,25.4D0,0.917576340633864D0,0.0D0,-0.397559629626761D0;     0000227P    604
126,1,1,1,0,1,0,0.0D0,0.0D0,25.4D0,25.4D0,1.0D0,1.0D0,           0000229P    605
-72.64446492723434D0,-8.407279219530807D0,103.4374119973385D0,   0000229P    606
-49.49161337388446D0,-17.3977838415134D0,108.7549576333113D0,    0000229P    607
0.0D0,25.4D0,0.361978201744022D0,0.9321865593657551D0,0.0D0;     0000229P    608
126,1,1,1,0,1,0,0.0D0,0.0D0,25.39999999999999D0,                 0000231P    609
25.39999999999999D0,1.0D0,1.0D0,-63.9764120480325D0,             0000231P    610
-28.88410617904212D0,177.2671206313479D0,-44.70437212762667D0,   0000231P    611
-12.53699793863511D0,174.7135878857773D0,0.0D0,                  0000231P    612
25.39999999999999D0,-0.646864116464659D0,0.7626052811450992D0,   0000231P    613
0.0D0;                                                           0000231P    614
126,1,1,1,0,1,0,0.0D0,0.0D0,25.4D0,25.4D0,1.0D0,1.0D0,           0000233P    615
-65.34439289982566D0,-5.205343164978792D0,115.8940250389491D0,   0000233P    616
-54.61460172173582D0,-13.31570312515679D0,137.4405709939491D0,   0000233P    617
0.0D0,25.4D0,0.8951486019079917D0,0.0D0,-0.445767854944889D0;    0000233P    618
126,1,1,1,0,1,0,0.0D0,0.0D0,25.40000000000004D0,                 0000235P    619
25.40000000000004D0,1.0D0,1.0D0,-65.55213401206399D0,            0000235P    620
-31.89149596108315D0,271.2812193668735D0,-40.24650439794686D0,   0000235P    621
-34.06826938161247D0,271.0649618611132D0,0.0D0,                  0000235P    622
25.40000000000004D0,0.0857028472991601D0,0.9963207425145866D0,   0000235P    623
0.0D0;                                                           0000235P    624
126,1,1,1,0,1,0,0.0D0,0.0D0,25.4D0,25.4D0,1.0D0,1.0D0,           0000237P    625
-49.49250528440326D0,-34.25780311775411D0,62.13494464576725D0,   0000237P    626
-48.18081421444187D0,-34.30414804586074D0,87.50101092898551D0,   0000237P    627
0.0D0,25.4D0,0.9986656892675705D0,0.0D0,-0.05164146666902587D0;  0000237P    628
126,1,1,1,0,1,0,0.0D0,0.0D0,25.40000000000003D0,                 0000239P    629
25.40000000000003D0,1.0D0,1.0D0,-54.74537897828547D0,            0000239P    630
0.115922841763112D0,197.5899296786867D0,-51.36330123928089D0,    0000239P    631
-3.309788666938108D0,222.5295778483478D0,0.0D0,                  0000239P    632
25.40000000000003D0,0.0D0,0.9906975398606455D0,                  0000239P    633
0.1360822711232622D0;                                            0000239P    634
126,1,1,1,0,1,0,0.0D0,0.0D0,25.39999999999999D0,                 0000241P    635
25.39999999999999D0,1.0D0,1.0D0,-52.18660520254848D0,            0000241P    636
-16.05757238819067D0,17.18955785353462D0,-50.70342643082213D0,   0000241P    637
-16.5851797129505D0,42.54072767352439D0,0.0D0,                   0000241P    638
25.39999999999999D0,0.9982929437152912D0,0.0D0,                  0000241P    639
-0.058405466595676D0;                                            0000241P    640
126,1,1,1,0,1,0,0.0D0,0.0D0,25.40000000000001D0,                 0000243P    641
25.40000000000001D0,1.0D0,1.0D0,-50.08900296402756D0,            0000243P    642
-33.85577916115868D0,59.28671628953173D0,-56.69889024872856D0,   0000243P    643
-22.69286487621104D0,37.44962090689303D0,0.0D0,                  0000243P    644
25.40000000000001D0,0.0D0,-0.8904060577186257D0,                 0000243P    645
-0.4551670598560218D0;                                           0000243P    646
126,1,1,1,0,1,0,0.0D0,0.0D0,25.4D0,25.4D0,1.0D0,1.0D0,           0000245P    647
-35.54690175500879D0,-58.53202456037572D0,41.42199742352896D0,   0000245P    648
-13.22572397750503D0,-51.21901996408878D0,31.75530272473152D0,   0000245P    649
0.0D0,25.4D0,0.3974061385131551D0,0.0D0,0.9176428287041005D0;    0000245P    650
126,1,1,1,0,1,0,0.0D0,0.0D0,25.39999999999995D0,                 0000247P    651
25.39999999999995D0,1.0D0,1.0D0,-47.36746716130848D0,            0000247P    652
-56.57079987483507D0,254.5184790555703D0,-42.27256397414653D0,   0000247P    653
-46.75938261802361D0,277.3863178893164D0,0.0D0,                  0000247P    654
25.39999999999995D0,0.0D0,0.9189861390873253D0,                  0000247P    655
-0.3942898377657875D0;                                           0000247P    656
126,1,1,1,0,1,0,0.0D0,0.0D0,25.4D0,25.4D0,1.0D0,1.0D0,           0000249P    657
-42.88358244206653D0,-57.48618214689147D0,234.5749351235133D0,   0000249P    658
-17.73951945557168D0,-60.43244411071414D0,232.5120155972807D0,   0000249P    659
0.0D0,25.4D0,0.1163790331929777D0,0.9932048734440784D0,0.0D0;    0000249P    660
126,1,1,1,0,1,0,0.0D0,0.0D0,25.39999999999998D0,                 0000251P    661
25.39999999999998D0,1.0D0,1.0D0,-26.51981256181663D0,            0000251P    662
-61.65208056056241D0,93.66567918242212D0,-26.65603094931811D0,   0000251P    663
-57.83080734098768D0,118.7762211027445D0,0.0D0,                  0000251P    664
25.39999999999998D0,0.0D0,0.9886182295395791D0,                  0000251P    665
-0.1504459910467151D0;                                           0000251P    666
126,1,1,1,0,1,0,0.0D0,0.0D0,25.4D0,25.4D0,1.0D0,1.0D0,           0000253P    667
-41.08412758964657D0,-62.57853782028742D0,178.1163119805317D0,   0000253P    668
-36.49267449139523D0,-49.17943249077256D0,157.0321346236813D0,   0000253P    669
0.0D0,25.4D0,0.0D0,-0.8439894733301139D0,-0.5363597383360883D0;  0000253P    670
126,1,1,1,0,1,0,0.0D0,0.0D0,25.39999999999998D0,                 0000255P    671
25.39999999999998D0,1.0D0,1.0D0,-28.38242329967511D0,            0000255P    672
-37.85636512268384D0,239.6096375527636D0,-37.23913846996177D0,   0000255P    673
-24.29796052719557D0,259.17716834276D0,0.0D0,                    0000255P    674
25.39999999999998D0,0.0D0,0.8219630479964599D0,                  0000255P    675
-0.5695408218278735D0;                                           0000255P    676
126,1,1,1,0,1,0,0.0D0,0.0D0,25.40000000000001D0,                 0000257P    677
25.40000000000001D0,1.0D0,1.0D0,-40.14069769459907D0,            0000257P    678
-41.26992220697484D0,47.88334279890282D0,-29.28999678318552D0,   0000257P    679
-24.13319209363367D0,32.59430192795361D0,0.0D0,                  0000257P    680
25.40000000000001D0,0.0D0,0.6657344048974164D0,                  0000257P    681
0.7461887845149393D0;                                            0000257P    682
126,1,1,1,0,1,0,0.0D0,0.0D0,25.40000000000004D0,                 0000259P    683
25.40000000000004D0,1.0D0,1.0D0,-44.67787429341217D0,            0000259P    684
-24.05860547116602D0,169.4479726074093D0,-24.8286895397585D0,    0000259P    685
-26.99330073384019D0,153.873717301599D0,0.0D0,                   0000259P    686
25.40000000000004D0,0.6172937212234615D0,0.0D0,                  0000259P    687
0.7867327765754338D0;                                            0000259P    688
126,1,1,1,0,1,0,0.0D0,0.0D0,25.4D0,25.4D0,1.0D0,1.0D0,           0000261P    689
-17.68966470054522D0,-34.509078096354D0,66.93056459503501D0,     0000261P    690
3.599778226594481D0,-23.17781972775252D0,74.90064637855895D0,    0000261P    691
0.0D0,25.4D0,-0.469841995105196D0,0.8827505308044673D0,0.0D0;    0000261P    692
126,1,1,1,0,1,0,0.0D0,0.0D0,25.40000000000001D0,                 0000263P    693
25.40000000000001D0,1.0D0,1.0D0,-26.870341861892D0,              0000263P    694
-4.881293601943938D0,199.2497525933988D0,-15.08381225553659D0,   0000263P    695
-20.38031879692743D0,215.5598089343124D0,0.0D0,                  0000263P    696
25.40000000000001D0,0.0D0,0.7249001849742539D0,                  0000263P    697
0.6888539190744961D0;                                            0000263P    698
126,1,1,1,0,1,0,0.0D0,0.0D0,25.40000000000001D0,                 0000265P    699
25.40000000000001D0,1.0D0,1.0D0,-25.90843372163489D0,            0000265P    700
-34.38727289233569D0,42.60936582933385D0,-1.178681736569878D0,   0000265P    701
-38.42323895573365D0,46.76993606576457D0,0.0D0,                  0000265P    702
25.40000000000001D0,-0.1659098159562954D0,0.0D0,                 0000265P    703
0.9861409295680552D0;                                            0000265P    704
126,1,1,1,0,1,0,0.0D0,0.0D0,25.40000000000002D0,                 0000267P    705
25.40000000000002D0,1.0D0,1.0D0,-25.9178542553823D0,             0000267P    706
-8.226263946688917D0,177.5378706466248D0,-17.60486589266809D0,   0000267P    707
-25.34405023201948D0,194.3615330651093D0,0.0D0,                  0000267P    708
25.40000000000002D0,0.0D0,-0.700952941121567D0,                  0000267P    709
-0.7132075254321317D0;                                           0000267P    710
126,1,1,1,0,1,0,0.0D0,0.0D0,25.39999999999999D0,                 0000269P    711
25.39999999999999D0,1.0D0,1.0D0,-19.75020426011952D0,            0000269P    712
-21.81274971436684D0,83.181385458891D0,-26.85080028336031D0,     0000269P    713
-8.248144725323684D0,103.4481816439312D0,0.0D0,                  0000269P    714
25.39999999999999D0,0.0D0,0.8310381571359352D0,                  0000269P    715
-0.5562154091573772D0;                                           0000269P    716
126,1,1,1,0,1,0,0.0D0,0.0D0,25.39999999999999D0,                 0000271P    717
25.39999999999999D0,1.0D0,1.0D0,-34.52597119968873D0,            0000271P    718
-19.91450188445823D0,47.62623674543245D0,-16.7581662347211D0,    0000271P    719
-28.51851275978721D0,63.60860526777894D0,0.0D0,                  0000271P    720
25.39999999999999D0,-0.6687645976962506D0,0.0D0,                 0000271P    721
0.743474218025193D0;                                             0000271P    722
126,1,1,1,0,1,0,0.0D0,0.0D0,25.39999999999995D0,                 0000273P    723
25.39999999999995D0,1.0D0,1.0D0,-1.339241054095691D0,            0000273P    724
-66.74342150403825D0,275.3933224037049D0,5.881052183764286D0,    0000273P    725
-42.54564295241821D0,272.6556447882674D0,0.0D0,                  0000273P    726
25.39999999999995D0,0.9582507471041105D0,-0.2859291969603904D0,  0000273P    727
0.0D0;                                                           0000273P    728
126,1,1,1,0,1,0,0.0D0,0.0D0,25.4D0,25.4D0,1.0D0,1.0D0,           0000275P    729
-12.3347549450855D0,-71.49075741604045D0,192.7884309826679D0,    0000275P    730
1.486800501372787D0,-51.22946268171441D0,199.3918044182121D0,    0000275P    731
0.0D0,25.4D0,0.8260937908428142D0,-0.5635326509892297D0,0.0D0;   0000275P    732
126,1,1,1,0,1,0,0.0D0,0.0D0,25.39999999999995D0,                 0000277P    733
25.39999999999995D0,1.0D0,1.0D0,-29.76795810820543D0,            0000277P    734
-65.23509393212933D0,247.2010111358986D0,-22.87375910775536D0,   0000277P    735
-41.52275101651222D0,241.2550197472088D0,0.0D0,                  0000277P    736
25.39999999999995D0,0.9602380475073324D0,-0.2791825426478273D0,  0000277P    737
0.0D0;                                                           0000277P    738
126,1,1,1,0,1,0,0.0D0,0.0D0,25.40000000000001D0,                 0000279P    739
25.40000000000001D0,1.0D0,1.0D0,-23.8719575664573D0,             0000279P    740
-50.71412824676176D0,189.5819239830984D0,-30.80167259987306D0,   0000279P    741
-40.92514532897042D0,211.9719856844614D0,0.0D0,                  0000279P    742
25.40000000000001D0,0.0D0,0.9162575243611507D0,                  0000279P    743
-0.4005897515558475D0;                                           0000279P    744
126,1,1,1,0,1,0,0.0D0,0.0D0,25.40000000000002D0,                 0000281P    745
25.40000000000002D0,1.0D0,1.0D0,-24.48924802905921D0,            0000281P    746
-55.47873066797079D0,89.86020286437801D0,-33.61175869042079D0,   0000281P    747
-44.43552680569462D0,110.8360806216866D0,0.0D0,                  0000281P    748
25.40000000000002D0,0.0D0,0.8848613938013727D0,                  0000281P    749
-0.465854391156606D0;                                            0000281P    750
126,1,1,1,0,1,0,0.0D0,0.0D0,25.39999999999998D0,                 0000283P    751
25.39999999999998D0,1.0D0,1.0D0,-43.00118730321478D0,            0000283P    752
-45.36619694819672D0,135.7638937603882D0,-26.3073571470519D0,    0000283P    753
-53.76771707449944D0,152.9653615548677D0,0.0D0,                  0000283P    754
25.39999999999998D0,0.7176163880600188D0,0.0D0,                  0000283P    755
-0.6964385971409772D0;                                           0000283P    756
126,1,1,1,0,1,0,0.0D0,0.0D0,25.39999999999999D0,                 0000285P    757
25.39999999999999D0,1.0D0,1.0D0,-43.91915838422517D0,            0000285P    758
-58.14274007958028D0,275.272338638896D0,-24.02911954942297D0,    0000285P    759
-42.40956700247875D0,273.8533178229713D0,0.0D0,                  0000285P    760
25.39999999999999D0,-0.620385166941901D0,0.7842972935299916D0,   0000285P    761
0.0D0;                                                           0000285P    762
126,1,1,1,0,1,0,0.0D0,0.0D0,25.39999999999999D0,                 0000287P    763
25.39999999999999D0,1.0D0,1.0D0,-22.93187557158663D0,            0000287P    764
-60.18039239503346D0,218.7629629307112D0,-29.0458502473054D0,    0000287P    765
-37.14408903643979D0,227.5440813808584D0,0.0D0,                  0000287P    766
25.39999999999999D0,0.0D0,-0.3561860269816493D0,                 0000287P    767
0.934415065259025D0;                                             0000287P    768
126,1,1,1,0,1,0,0.0D0,0.0D0,25.4D0,25.4D0,1.0D0,1.0D0,           0000289P    769
-23.26006994804254D0,-62.13196959975807D0,117.8930504397078D0,   0000289P    770
-14.41173366142185D0,-38.40707284112909D0,119.8921049040153D0,   0000289P    771
0.0D0,25.4D0,0.9369573890371843D0,-0.3494436308313865D0,0.0D0;   0000289P    772
126,1,1,1,0,1,0,0.0D0,0.0D0,25.4D0,25.4D0,1.0D0,1.0D0,           0000291P    773
-49.54202703479504D0,-45.03109396050556D0,121.1957162929335D0,   0000291P    774
-24.92528042420344D0,-50.25781727880042D0,124.6391375079345D0,   0000291P    775
0.0D0,25.4D0,0.2076939230185014D0,0.9781938633733013D0,0.0D0;    0000291P    776
126,1,1,1,0,1,0,0.0D0,0.0D0,25.40000000000002D0,                 0000293P    777
25.40000000000002D0,1.0D0,1.0D0,-4.68431968433449D0,             0000293P    778
-67.83872720965969D0,117.3346055094036D0,13.81769012267151D0,    0000293P    779
-72.82933495073208D0,100.6633887728783D0,0.0D0,                  0000293P    780
25.40000000000002D0,0.669395161346523D0,0.0D0,                   0000293P    781
0.7429065338021078D0;                                            0000293P    782
126,1,1,1,0,1,0,0.0D0,0.0D0,25.4D0,25.4D0,1.0D0,1.0D0,           0000295P    783
-0.3461687684911858D0,-70.55578007502845D0,18.60758673337914D0,  0000295P    784
15.04852247357834D0,-50.35948834354976D0,18.08482305985825D0,    0000295P    785
0.0D0,25.4D0,0.7952980528159738D0,-0.6062186133624741D0,0.0D0;   0000295P    786
126,1,1,1,0,1,0,0.0D0,0.0D0,25.4D0,25.4D0,1.0D0,1.0D0,           0000297P    787
10.18247134366887D0,-68.57253034382124D0,249.9703997931142D0,    0000297P    788
-0.3447005724698329D0,-46.4409052399853D0,256.6434666825825D0,   0000297P    789
0.0D0,25.4D0,0.9030457026759717D0,0.4295444783470744D0,0.0D0;    0000297P    790
126,1,1,1,0,1,0,0.0D0,0.0D0,25.39999999999998D0,                 0000299P    791
25.39999999999998D0,1.0D0,1.0D0,-16.64658556088393D0,            0000299P    792
-54.40686503351925D0,131.3229883440085D0,6.182186552626661D0,    0000299P    793
-64.60234491252153D0,126.8442213455747D0,0.0D0,                  0000299P    794
25.39999999999998D0,0.4077863627721268D0,0.9130773693050769D0,   0000299P    795
0.0D0;                                                           0000299P    796
126,1,1,1,0,1,0,0.0D0,0.0D0,25.4D0,25.4D0,1.0D0,1.0D0,           0000301P    797
8.764087129211866D0,-67.96263558121262D0,82.52074103683231D0,    0000301P    798
19.11868373040927D0,-46.82602683578799D0,72.97159971578623D0,    0000301P    799
0.0D0,25.4D0,0.8980296098018631D0,-0.4399350178368543D0,0.0D0;   0000301P    800
126,1,1,1,0,1,0,0.0D0,0.0D0,25.39999999999999D0,                 0000303P    801
25.39999999999999D0,1.0D0,1.0D0,27.1475038292705D0,              0000303P    802
-68.90183512032002D0,41.72591279594094D0,17.90359953500323D0,    0000303P    803
-45.77555208378956D0,46.7144262330994D0,0.0D0,                   0000303P    804
25.39999999999999D0,0.9285681667872362D0,0.3711619048735892D0,   0000303P    805
0.0D0;                                                           0000303P    806
126,1,1,1,0,1,0,0.0D0,0.0D0,25.4D0,25.4D0,1.0D0,1.0D0,           0000305P    807
-22.0947723919225D0,-71.06874089271825D0,163.5355668976619D0,    0000305P    808
-8.789200176887206D0,-49.73267152498114D0,159.9447603078285D0,   0000305P    809
0.0D0,25.4D0,0.8485246502305865D0,-0.5291558541215062D0,0.0D0;   0000305P    810
126,1,1,1,0,1,0,0.0D0,0.0D0,25.4D0,25.4D0,1.0D0,1.0D0,           0000307P    811
-13.38676906306712D0,-53.36407805996912D0,83.73901285530629D0,   0000307P    812
3.601044652419063D0,-66.35715486335305D0,97.44135354401001D0,    0000307P    813
0.0D0,25.4D0,-0.6278216033256073D0,0.0D0,0.77835726655416D0;     0000307P    814
126,1,1,1,0,1,0,0.0D0,0.0D0,25.40000000000002D0,                 0000309P    815
25.40000000000002D0,1.0D0,1.0D0,21.74485091847024D0,             0000309P    816
-61.09223761749907D0,223.8938012987873D0,31.35462192038742D0,    0000309P    817
-63.56337203116012D0,247.2755419525609D0,0.0D0,                  0000309P    818
25.40000000000002D0,0.9249286498306259D0,0.0D0,                  0000309P    819
-0.3801407538300718D0;                                           0000309P    820
126,1,1,1,0,1,0,0.0D0,0.0D0,25.4D0,25.4D0,1.0D0,1.0D0,           0000311P    821
17.95256460912791D0,-67.67213860413875D0,115.8819033719103D0,    0000311P    822
32.61251603186449D0,-65.90822971580269D0,136.5491346745461D0,    0000311P    823
0.0D0,25.4D0,0.8156396690527665D0,0.0D0,-0.5785602218157535D0;   0000311P    824
126,1,1,1,0,1,0,0.0D0,0.0D0,25.40000000000003D0,                 0000313P    825
25.40000000000003D0,1.0D0,1.0D0,18.88980765018007D0,             0000313P    826
-69.76501748353914D0,201.3740142970246D0,34.39102833923948D0,    0000313P    827
-55.40877636715327D0,215.4726134528723D0,0.0D0,                  0000313P    828
25.40000000000003D0,-0.6794910764173197D0,0.7336837718453585D0,  0000313P    829
0.0D0;                                                           0000313P    830
126,1,1,1,0,1,0,0.0D0,0.0D0,25.39999999999999D0,                 0000315P    831
25.39999999999999D0,1.0D0,1.0D0,35.57229733981617D0,             0000315P    832
-64.62927542419033D0,256.1325593895738D0,18.70757377752945D0,    0000315P    833
-45.66995868555892D0,257.2663177288605D0,0.0D0,                  0000315P    834
25.39999999999999D0,0.7471744941058797D0,0.6646279224931968D0,   0000315P    835
0.0D0;                                                           0000315P    836
126,1,1,1,0,1,0,0.0D0,0.0D0,25.4D0,25.4D0,1.0D0,1.0D0,           0000317P    837
20.80265320929178D0,-40.73839337449527D0,91.45995405731691D0,    0000317P    838
28.94360364114164D0,-63.15319622572623D0,82.71572514868168D0,    0000317P    839
0.0D0,25.4D0,0.0D0,0.3634338692151983D0,-0.9316199990915128D0;   0000317P    840
126,1,1,1,0,1,0,0.0D0,0.0D0,25.39999999999999D0,                 0000319P    841
25.39999999999999D0,1.0D0,1.0D0,45.00312889135999D0,             0000319P    842
-57.70653095688766D0,79.04670204241708D0,40.90339893379278D0,    0000319P    843
-34.93088497025985D0,89.51676241315182D0,0.0D0,                  0000319P    844
25.39999999999999D0,0.0D0,-0.4176837803596896D0,                 0000319P    845
0.9085924606909516D0;                                            0000319P    846
126,1,1,1,0,1,0,0.0D0,0.0D0,25.40000000000001D0,                 0000321P    847
25.40000000000001D0,1.0D0,1.0D0,23.04103128296911D0,             0000321P    848
-51.75855793861432D0,101.3279684356583D0,48.14275082666027D0,    0000321P    849
-52.69953462123513D0,105.0933686577645D0,0.0D0,                  0000321P    850
25.40000000000001D0,-0.1483459354104995D0,0.0D0,                 0000321P    851
0.9889355304807204D0;                                            0000321P    852
126,1,1,1,0,1,0,0.0D0,0.0D0,25.4D0,25.4D0,1.0D0,1.0D0,           0000323P    853
50.46157255590339D0,-51.17877015285622D0,291.3533547508899D0,    0000323P    854
47.44394039445455D0,-36.90832738260134D0,270.5589237829824D0,    0000323P    855
0.0D0,25.4D0,0.0D0,-0.8245178876063467D0,-0.5658358887673774D0;  0000323P    856
126,1,1,1,0,1,0,0.0D0,0.0D0,25.4D0,25.4D0,1.0D0,1.0D0,           0000325P    857
24.34913499212373D0,-58.29473760413465D0,33.7589324490963D0,     0000325P    858
48.10291707793348D0,-49.34775368655181D0,32.82656160100112D0,    0000325P    859
0.0D0,25.4D0,-0.352481015156495D0,0.9358189643057289D0,0.0D0;    0000325P    860
126,1,1,1,0,1,0,0.0D0,0.0D0,25.39999999999999D0,                 0000327P    861
25.39999999999999D0,1.0D0,1.0D0,33.84953382300586D0,             0000327P    862
-52.93491402148921D0,137.0220996320617D0,49.8215922705752D0,     0000327P    863
-55.51178371911021D0,117.4411626905129D0,0.0D0,                  0000327P    864
25.39999999999999D0,-0.7749011472638824D0,0.0D0,                 0000327P    865
-0.632082440801134D0;                                            0000327P    866
126,1,1,1,0,1,0,0.0D0,0.0D0,25.4D0,25.4D0,1.0D0,1.0D0,           0000329P    867
41.84856103540996D0,-43.57277445983083D0,4.549796964118741D0,    0000329P    868
54.02956711486113D0,-42.64325790487269D0,26.81903785523203D0,    0000329P    869
0.0D0,25.4D0,0.8773294258372967D0,0.0D0,-0.4798886105754122D0;   0000329P    870
126,1,1,1,0,1,0,0.0D0,0.0D0,25.39999999999998D0,                 0000331P    871
25.39999999999998D0,1.0D0,1.0D0,51.73016642488396D0,             0000331P    872
-40.53682991558095D0,128.1021266502631D0,55.58147766125961D0,    0000331P    873
-46.92679579109882D0,152.3816599627113D0,0.0D0,                  0000331P    874
25.39999999999998D0,0.0D0,0.9670685081892885D0,                  0000331P    875
0.2545162086558417D0;                                            0000331P    876
126,1,1,1,0,1,0,0.0D0,0.0D0,25.40000000000002D0,                 0000333P    877
25.40000000000002D0,1.0D0,1.0D0,59.67363263804346D0,             0000333P    878
-36.21343105082384D0,166.8248808908284D0,52.37406292593473D0,    0000333P    879
-14.96924452669294D0,178.6807157811262D0,0.0D0,                  0000333P    880
25.40000000000002D0,0.0D0,-0.4873227361693998D0,                 0000333P    881
0.8732219367448171D0;                                            0000333P    882
126,1,1,1,0,1,0,0.0D0,0.0D0,25.39999999999998D0,                 0000335P    883
25.39999999999998D0,1.0D0,1.0D0,35.13000963857933D0,             0000335P    884
-54.46300436194885D0,273.5057450459612D0,49.45621538876198D0,    0000335P    885
-36.77714998620839D0,284.7809560774024D0,0.0D0,                  0000335P    886
25.39999999999998D0,0.7770496157437576D0,-0.6294393494789458D0,  0000335P    887
0.0D0;                                                           0000335P    888
126,1,1,1,0,1,0,0.0D0,0.0D0,25.40000000000001D0,                 0000337P    889
25.40000000000001D0,1.0D0,1.0D0,53.12828130871027D0,             0000337P    890
-48.11991149361676D0,65.87313309207127D0,38.86449189990342D0,    0000337P    891
-41.40945925666191D0,85.7898130984568D0,0.0D0,                   0000337P    892
25.40000000000001D0,0.8130071000715063D0,0.0D0,                  0000337P    893
0.5822537721932933D0;                                            0000337P    894
126,1,1,1,0,1,0,0.0D0,0.0D0,25.4D0,25.4D0,1.0D0,1.0D0,           0000339P    895
54.51528949903969D0,-48.86372398267945D0,34.77058762385979D0,    0000339P    896
56.2047736501432D0,-35.01990817632419D0,55.99920998196108D0,     0000339P    897
0.0D0,25.4D0,0.0D0,0.837627529515404D0,-0.5462418162296999D0;    0000339P    898
126,1,1,1,0,1,0,0.0D0,0.0D0,25.4D0,25.4D0,1.0D0,1.0D0,           0000341P    899
49.52472672155113D0,-24.39502911012149D0,76.96646600667032D0,    0000341P    900
57.3775862848294D0,-32.5263935899712D0,54.22062004800641D0,      0000341P    901
0.0D0,25.4D0,0.0D0,-0.9416389591337149D0,0.3366245247179324D0;   0000341P    902
126,1,1,1,0,1,0,0.0D0,0.0D0,25.4D0,25.4D0,1.0D0,1.0D0,           0000343P    903
49.73112776813807D0,-44.38540007499291D0,148.5288713855179D0,    0000343P    904
50.30171504664941D0,-45.66099593950658D0,173.8904029904513D0,    0000343P    905
0.0D0,25.4D0,0.0D0,0.9987375266458628D0,0.05023298586889206D0;   0000343P    906
126,1,1,1,0,1,0,0.0D0,0.0D0,25.40000000000001D0,                 0000345P    907
25.40000000000001D0,1.0D0,1.0D0,51.65927143500613D0,             0000345P    908
-24.32192064515652D0,218.6107673327888D0,58.32081397820645D0,    0000345P    909
-44.10061134125595D0,233.0878956838521D0,0.0D0,                  0000345P    910
25.40000000000001D0,0.0D0,-0.5906406041106098D0,                 0000345P    911
-0.8069347413365308D0;                                           0000345P    912
126,1,1,1,0,1,0,0.0D0,0.0D0,25.40000000000001D0,                 0000347P    913
25.40000000000001D0,1.0D0,1.0D0,63.57484997462698D0,             0000347P    914
-33.35615450734769D0,143.9993866018721D0,44.36740534562373D0,    0000347P    915
-16.74226769831169D0,144.4607280375946D0,0.0D0,                  0000347P    916
25.40000000000001D0,-0.6541979495063267D0,-0.7563233718864687D0, 0000347P    917
0.0D0;                                                           0000347P    918
126,1,1,1,0,1,0,0.0D0,0.0D0,25.39999999999998D0,                 0000349P    919
25.39999999999998D0,1.0D0,1.0D0,53.59155005290934D0,             0000349P    920
-7.262273209434362D0,255.8645181200995D0,66.68424684997571D0,    0000349P    921
-26.11504245382434D0,244.9872766316582D0,0.0D0,                  0000349P    922
25.39999999999998D0,-0.821359842843519D0,-0.5704103860941433D0,  0000349P    923
0.0D0;                                                           0000349P    924
126,1,1,1,0,1,0,0.0D0,0.0D0,25.4D0,25.4D0,1.0D0,1.0D0,           0000351P    925
65.22756114773674D0,-17.97925476682083D0,42.75178957973485D0,    0000351P    926
69.45269184644997D0,4.417465084142528D0,53.9631771163538D0,      0000351P    927
0.0D0,25.4D0,0.0D0,-0.4476296629605537D0,0.8942190362756886D0;   0000351P    928
126,1,1,1,0,1,0,0.0D0,0.0D0,25.39999999999998D0,                 0000353P    929
25.39999999999998D0,1.0D0,1.0D0,65.08501190928699D0,             0000353P    930
-17.64389776719695D0,97.16643588047376D0,64.79340312240555D0,    0000353P    931
7.526689471824518D0,100.560033139758D0,0.0D0,                    0000353P    932
25.39999999999998D0,0.0D0,-0.1336149972013299D0,                 0000353P    933
0.9910333155463991D0;                                            0000353P    934
126,1,1,1,0,1,0,0.0D0,0.0D0,25.39999999999999D0,                 0000355P    935
25.39999999999999D0,1.0D0,1.0D0,64.44441728509761D0,             0000355P    936
-36.40691889499976D0,110.3378503029157D0,46.49702761682902D0,    0000355P    937
-18.56851937947305D0,108.1372352025899D0,0.0D0,                  0000355P    938
25.39999999999999D0,-0.7049499284446468D0,-0.7092570749635758D0, 0000355P    939
0.0D0;                                                           0000355P    940
126,1,1,1,0,1,0,0.0D0,0.0D0,25.40000000000001D0,                 0000357P    941
25.40000000000001D0,1.0D0,1.0D0,49.39663430294878D0,             0000357P    942
-34.62263432206408D0,166.1294752582743D0,51.55084839582818D0,    0000357P    943
-35.18462157509259D0,191.4317188736036D0,0.0D0,                  0000357P    944
25.40000000000001D0,0.9963952394472864D0,0.0D0,                  0000357P    945
-0.08483234528636288D0;                                          0000357P    946
126,1,1,1,0,1,0,0.0D0,0.0D0,25.39999999999999D0,                 0000359P    947
25.39999999999999D0,1.0D0,1.0D0,57.64917039641765D0,             0000359P    948
-8.015653626970085D0,83.59986897249017D0,42.99083154416011D0,    0000359P    949
10.1318899136866D0,73.55199529034397D0,0.0D0,                    0000359P    950
25.39999999999999D0,0.7779263546167199D0,0.6283554621332906D0,   0000359P    951
0.0D0;                                                           0000359P    952
126,1,1,1,0,1,0,0.0D0,0.0D0,25.4D0,25.4D0,1.0D0,1.0D0,           0000361P    953
48.95923391050136D0,-24.00174449266915D0,61.04238188525585D0,    0000361P    954
53.25703479454223D0,-47.10045970543725D0,70.69319859062193D0,    0000361P    955
0.0D0,25.4D0,0.0D0,-0.3855121441241358D0,-0.9227027618538982D0;  0000361P    956
126,1,1,1,0,1,0,0.0D0,0.0D0,25.4D0,25.4D0,1.0D0,1.0D0,           0000363P    957
52.7210346334711D0,-31.93661257238067D0,135.8049311718191D0,     0000363P    958
60.02989524657327D0,-15.4208139780662D0,153.6646331102693D0,     0000363P    959
0.0D0,25.4D0,0.0D0,0.7341901247716573D0,-0.6789439304447595D0;   0000363P    960
126,1,1,1,0,1,0,0.0D0,0.0D0,25.4D0,25.4D0,1.0D0,1.0D0,           0000365P    961
52.8001129279261D0,-25.72610736222681D0,13.00060512230696D0,     0000365P    962
58.60801329257546D0,-26.62857828958354D0,37.7112068871281D0,     0000365P    963
0.0D0,25.4D0,0.9734729902556866D0,0.0D0,-0.2288019607491426D0;   0000365P    964
126,1,1,1,0,1,0,0.0D0,0.0D0,25.39999999999999D0,                 0000367P    965
25.39999999999999D0,1.0D0,1.0D0,30.66760223237687D0,             0000367P    966
-22.01857944951476D0,204.294881043782D0,54.86716328634699D0,     0000367P    967
-28.73134082733481D0,200.4896110823181D0,0.0D0,                  0000367P    968
25.39999999999999D0,0.2672986142423847D0,0.9636137456595877D0,   0000367P    969
0.0D0;                                                           0000367P    970
126,1,1,1,0,1,0,0.0D0,0.0D0,25.4D0,25.4D0,1.0D0,1.0D0,           0000369P    971
37.82323862159654D0,-32.769643254328D0,82.74114167970401D0,      0000369P    972
51.95244803881929D0,-12.87406072359021D0,89.79034284060626D0,    0000369P    973
0.0D0,25.4D0,0.8153182571012378D0,-0.5790130738052466D0,0.0D0;   0000369P    974
126,1,1,1,0,1,0,0.0D0,0.0D0,25.39999999999993D0,                 0000371P    975
25.39999999999993D0,1.0D0,1.0D0,52.80382141536915D0,             0000371P    976
-39.65882690072637D0,266.5112382705088D0,44.23958983135639D0,    0000371P    977
-22.89921095384005D0,283.5678853820682D0,0.0D0,                  0000371P    978
25.39999999999993D0,0.0D0,0.7132902637284714D0,                  0000371P    979
-0.7008687463927662D0;                                           0000371P    980
126,1,1,1,0,1,0,0.0D0,0.0D0,25.4D0,25.4D0,1.0D0,1.0D0,           0000373P    981
47.44286542097333D0,-32.89010228403743D0,234.5547899534876D0,    0000373P    982
55.22741619418584D0,-40.62183579363968D0,257.4628904027996D0,    0000373P    983
0.0D0,25.4D0,0.9468256800619356D0,0.0D0,-0.3217469993259506D0;   0000373P    984
126,1,1,1,0,1,0,0.0D0,0.0D0,25.40000000000001D0,                 0000375P    985
25.40000000000001D0,1.0D0,1.0D0,41.1238529455235D0,              0000375P    986
-29.72125742171701D0,144.9903299370227D0,52.14505277175439D0,    0000375P    987
-42.36096364540733D0,164.0673050895224D0,0.0D0,                  0000375P    988
25.40000000000001D0,0.0D0,0.8336256433167694D0,                  0000375P    989
0.5523298713673761D0;                                            0000375P    990
126,1,1,1,0,1,0,0.0D0,0.0D0,25.40000000000002D0,                 0000377P    991
25.40000000000002D0,1.0D0,1.0D0,52.76197060500431D0,             0000377P    992
-1.948087876934991D0,177.1861726344006D0,72.19396731986461D0,    0000377P    993
9.352836365549948D0,165.3604965463591D0,0.0D0,                   0000377P    994
25.40000000000002D0,0.5198668878476157D0,0.0D0,                  0000377P    995
0.8542472820674554D0;                                            0000377P    996
126,1,1,1,0,1,0,0.0D0,0.0D0,25.39999999999999D0,                 0000379P    997
25.39999999999999D0,1.0D0,1.0D0,50.5701069161903D0,              0000379P    998
-13.07797752947418D0,229.5250780568793D0,66.16921854476081D0,    0000379P    999
6.959479803586149D0,228.9523477318724D0,0.0D0,                   0000379P   1000
25.39999999999999D0,0.7890768944528276D0,-0.6142944364396288D0,  0000379P   1001
0.0D0;                                                           0000379P   1002
126,1,1,1,0,1,0,0.0D0,0.0D0,25.40000000000001D0,                 0000381P   1003
25.40000000000001D0,1.0D0,1.0D0,49.90136145105605D0,             0000381P   1004
-5.712587721974458D0,122.7929754645038D0,71.99957016018396D0,    0000381P   1005
-4.888774501367919D0,110.2969559532603D0,0.0D0,                  0000381P   1006
25.40000000000001D0,0.4922282369741858D0,0.0D0,                  0000381P   1007
0.8704661755204992D0;                                            0000381P   1008
126,1,1,1,0,1,0,0.0D0,0.0D0,25.40000000000001D0,                 0000383P   1009
25.40000000000001D0,1.0D0,1.0D0,50.45605294253583D0,             0000383P   1010
-1.127313914846326D0,151.1280537332408D0,74.12640721400624D0,    0000383P   1011
6.49450807511397D0,145.9529055985068D0,0.0D0,                    0000383P   1012
25.40000000000001D0,-0.3065009619410523D0,0.9518703484872347D0,  0000383P   1013
0.0D0;                                                           0000383P   1014
126,1,1,1,0,1,0,0.0D0,0.0D0,25.4D0,25.4D0,1.0D0,1.0D0,           0000385P   1015
48.64561821351283D0,-4.494366730908624D0,283.8881559220486D0,    0000385P   1016
71.98620706306087D0,4.919784261200434D0,287.3160814250496D0,     0000385P   1017
0.0D0,25.4D0,-0.3740579872395813D0,0.9274053170983405D0,0.0D0;   0000385P   1018
126,1,1,1,0,1,0,0.0D0,0.0D0,25.40000000000001D0,                 0000387P   1019
25.40000000000001D0,1.0D0,1.0D0,70.31482359454094D0,             0000387P   1020
17.57684548136023D0,199.0324962876449D0,66.79755515786364D0,     0000387P   1021
20.69714996551688D0,223.9935163523479D0,0.0D0,                   0000387P   1022
25.40000000000001D0,0.9902175628544438D0,0.0D0,                  0000387P   1023
0.1395319970996103D0;                                            0000387P   1024
126,1,1,1,0,1,0,0.0D0,0.0D0,25.39999999999999D0,                 0000389P   1025
25.39999999999999D0,1.0D0,1.0D0,50.14946269144226D0,             0000389P   1026
-12.05374012133669D0,152.796851078881D0,59.7696630605822D0,      0000389P   1027
-8.986394416181383D0,129.490132408449D0,0.0D0,                   0000389P   1028
25.39999999999999D0,-0.9243521902874645D0,0.0D0,                 0000389P   1029
-0.381540336413815D0;                                            0000389P   1030
126,1,1,1,0,1,0,0.0D0,0.0D0,25.4D0,25.4D0,1.0D0,1.0D0,           0000391P   1031
63.11961998846426D0,-8.861849667428686D0,196.8908450195129D0,    0000391P   1032
49.66240905439029D0,12.67153369525778D0,196.2769436989265D0,     0000391P   1033
0.0D0,25.4D0,0.8480187228168334D0,0.5299662685040499D0,0.0D0;    0000391P   1034
126,1,1,1,0,1,0,0.0D0,0.0D0,25.4D0,25.4D0,1.0D0,1.0D0,           0000393P   1035
43.24975302370405D0,10.41748959774506D0,114.4992978355648D0,     0000393P   1036
68.01666126485571D0,13.69202970980757D0,109.912616766549D0,      0000393P   1037
0.0D0,25.4D0,0.1820975736006383D0,0.0D0,0.983280465426198D0;     0000393P   1038
126,1,1,1,0,1,0,0.0D0,0.0D0,25.39999999999997D0,                 0000395P   1039
25.39999999999997D0,1.0D0,1.0D0,54.95693876981159D0,             0000395P   1040
-23.31461873582782D0,295.5456029511813D0,61.35322107421783D0,    0000395P   1041
0.9413088309445357D0,291.5584296971288D0,0.0D0,                  0000395P   1042
25.39999999999997D0,0.9669454604075606D0,-0.2549832868978105D0,  0000395P   1043
0.0D0;                                                           0000395P   1044
126,1,1,1,0,1,0,0.0D0,0.0D0,25.39999999999995D0,                 0000397P   1045
25.39999999999995D0,1.0D0,1.0D0,46.31310178743886D0,             0000397P   1046
-1.015044887294778D0,252.7746000279299D0,70.27928274353823D0,    0000397P   1047
5.442520301732706D0,258.1673750287025D0,0.0D0,                   0000397P   1048
25.39999999999995D0,-0.2601662496969964D0,0.9655638365838897D0,  0000397P   1049
0.0D0;                                                           0000397P   1050
126,1,1,1,0,1,0,0.0D0,0.0D0,25.4D0,25.4D0,1.0D0,1.0D0,           0000399P   1051
50.38876076752209D0,25.22997263812742D0,293.7768696423136D0,     0000399P   1052
61.37570313435797D0,13.89481411746645D0,273.8780938322465D0,     0000399P   1053
0.0D0,25.4D0,0.0D0,-0.8689114417074753D0,0.4949675812311721D0;   0000399P   1054
126,1,1,1,0,1,0,0.0D0,0.0D0,25.40000000000001D0,                 0000401P   1055
25.40000000000001D0,1.0D0,1.0D0,45.15062078901716D0,             0000401P   1056
9.719163919689143D0,155.8555249347418D0,62.16542586258709D0,     0000401P   1057
7.242575137502381D0,174.5510569226892D0,0.0D0,                   0000401P   1058
25.40000000000001D0,0.739568475302956D0,0.0D0,                   0000401P   1059
-0.6730813252037685D0;                                           0000401P   1060
126,1,1,1,0,1,0,0.0D0,0.0D0,25.4D0,25.4D0,1.0D0,1.0D0,           0000403P   1061
66.67560555462981D0,-23.64817389504793D0,229.4854804890239D0,    0000403P   1062
47.96133391120507D0,-7.706657069120041D0,235.8732874792801D0,    0000403P   1063
0.0D0,25.4D0,-0.6484600880230139D0,-0.7612486546728245D0,0.0D0;  0000403P   1064
126,1,1,1,0,1,0,0.0D0,0.0D0,25.4D0,25.4D0,1.0D0,1.0D0,           0000405P   1065
44.18136439613797D0,-1.077950957924486D0,58.31808535253732D0,    0000405P   1066
65.40601051764602D0,8.672798105088816D0,68.29792952601508D0,     0000405P   1067
0.0D0,25.4D0,-0.4255099214335671D0,0.0D0,0.9049537594604485D0;   0000405P   1068
126,1,1,1,0,1,0,0.0D0,0.0D0,25.39999999999999D0,                 0000407P   1069
25.39999999999999D0,1.0D0,1.0D0,46.87951377765773D0,             0000407P   1070
1.388287683488542D0,32.25937918310782D0,68.42975490568568D0,     0000407P   1071
-7.469820489684572D0,42.37278745708825D0,0.0D0,                  0000407P   1072
25.39999999999999D0,-0.4248379098043913D0,0.0D0,                 0000407P   1073
0.9052694352473388D0;                                            0000407P   1074
126,1,1,1,0,1,0,0.0D0,0.0D0,25.40000000000002D0,                 0000409P   1075
25.40000000000002D0,1.0D0,1.0D0,43.7182565818844D0,              0000409P   1076
-5.305525682277384D0,85.11246857328639D0,68.06922388641703D0,    0000409P   1077
1.620425373804569D0,87.1671201988278D0,0.0D0,                    0000409P   1078
25.40000000000002D0,-0.2735717634860786D0,0.9618515946980164D0,  0000409P   1079
0.0D0;                                                           0000409P   1080
126,1,1,1,0,1,0,0.0D0,0.0D0,25.39999999999999D0,                 0000411P   1081
25.39999999999999D0,1.0D0,1.0D0,44.67482996706259D0,             0000411P   1082
-25.62525579918224D0,61.79910482324613D0,59.99164470388946D0,    0000411P   1083
-6.48661217538212D0,68.45248791449359D0,0.0D0,                   0000411P   1084
25.39999999999999D0,0.7807513903203684D0,-0.6248417931867324D0,  0000411P   1085
0.0D0;                                                           0000411P   1086
126,1,1,1,0,1,0,0.0D0,0.0D0,25.39999999999997D0,                 0000413P   1087
25.39999999999997D0,1.0D0,1.0D0,22.26391517567243D0,             0000413P   1088
29.14457350103498D0,154.1542081327451D0,44.90416740075511D0,     0000413P   1089
33.45226566438727D0,164.8323525132276D0,0.0D0,                   0000413P   1090
25.39999999999997D0,-0.4265788122184932D0,0.0D0,                 0000413P   1091
0.9044503949726924D0;                                            0000413P   1092
126,1,1,1,0,1,0,0.0D0,0.0D0,25.39999999999998D0,                 0000415P   1093
25.39999999999998D0,1.0D0,1.0D0,38.81717097495078D0,             0000415P   1094
32.35414510662959D0,247.1734825412219D0,62.74343951423756D0,     0000415P   1095
29.88730922307592D0,255.3348791441046D0,0.0D0,                   0000415P   1096
25.39999999999998D0,-0.3228409848186667D0,0.0D0,                 0000415P   1097
0.9464532204611665D0;                                            0000415P   1098
126,1,1,1,0,1,0,0.0D0,0.0D0,25.39999999999998D0,                 0000417P   1099
25.39999999999998D0,1.0D0,1.0D0,46.34436722336028D0,             0000417P   1100
23.9345275751016D0,69.06714365566864D0,60.03294401903287D0,      0000417P   1101
18.39860179030207D0,89.73442192384331D0,0.0D0,                   0000417P   1102
25.39999999999998D0,0.83371490109361D0,0.0D0,                    0000417P   1103
-0.5521951319003746D0;                                           0000417P   1104
126,1,1,1,0,1,0,0.0D0,0.0D0,25.39999999999999D0,                 0000419P   1105
25.39999999999999D0,1.0D0,1.0D0,46.16333581051714D0,             0000419P   1106
26.47359531097757D0,158.274431507425D0,63.01257611430532D0,      0000419P   1107
25.0400409363023D0,139.3216474628565D0,0.0D0,                    0000419P   1108
25.39999999999999D0,-0.7473638676181678D0,0.0D0,                 0000419P   1109
-0.6644149677564569D0;                                           0000419P   1110
126,1,1,1,0,1,0,0.0D0,0.0D0,25.4D0,25.4D0,1.0D0,1.0D0,           0000421P   1111
42.61706122604618D0,13.38068647874324D0,49.63429615582625D0,     0000421P   1112
58.74772383714293D0,25.85306361581097D0,34.48828901606446D0,     0000421P   1113
0.0D0,25.4D0,0.6845064386138706D0,0.0D0,0.7290068144373929D0;    0000421P   1114
126,1,1,1,0,1,0,0.0D0,0.0D0,25.40000000000001D0,                 0000423P   1115
25.40000000000001D0,1.0D0,1.0D0,44.8123603082332D0,              0000423P   1116
19.54938761833835D0,215.8735847361467D0,53.21223731743083D0,     0000423P   1117
35.44750188232464D0,233.8138196587889D0,0.0D0,                   0000423P   1118
25.40000000000001D0,0.0D0,0.7484185342002283D0,                  0000423P   1119
-0.6632267317181822D0;                                           0000423P   1120
126,1,1,1,0,1,0,0.0D0,0.0D0,25.40000000000001D0,                 0000425P   1121
25.40000000000001D0,1.0D0,1.0D0,45.53939345255029D0,             0000425P   1122
32.08277068732237D0,107.3772928608332D0,67.27519623865052D0,     0000425P   1123
19.52744967145454D0,111.260434814492D0,0.0D0,                    0000425P   1124
25.40000000000001D0,0.500183726160062D0,0.8659193034484428D0,    0000425P   1125
0.0D0;                                                           0000425P   1126
126,1,1,1,0,1,0,0.0D0,0.0D0,25.39999999999993D0,                 0000427P   1127
25.39999999999993D0,1.0D0,1.0D0,54.87086775489827D0,             0000427P   1128
40.49989749102732D0,267.0383924940813D0,54.73259778658745D0,     0000427P   1129
40.62832240574562D0,292.4376914697841D0,0.0D0,                   0000427P   1130
25.39999999999993D0,0.9999851825790905D0,0.0D0,                  0000427P   1131
0.005443769122871123D0;                                          0000427P   1132
126,1,1,1,0,1,0,0.0D0,0.0D0,25.39999999999997D0,                 0000429P   1133
25.39999999999997D0,1.0D0,1.0D0,50.594447377818D0,               0000429P   1134
24.97665281573142D0,212.5906528831795D0,59.08683714973233D0,     0000429P   1135
41.1607179330293D0,194.9521905850951D0,0.0D0,                    0000429P   1136
25.39999999999997D0,0.0D0,-0.7368320553338962D0,                 0000429P   1137
-0.6760758258009422D0;                                           0000429P   1138
126,1,1,1,0,1,0,0.0D0,0.0D0,25.40000000000002D0,                 0000431P   1139
25.40000000000002D0,1.0D0,1.0D0,36.79083521463851D0,             0000431P   1140
-1.28957946528201D0,255.4525091535899D0,43.69200745860696D0,     0000431P   1141
19.63588514894985D0,242.8168947111652D0,0.0D0,                   0000431P   1142
25.40000000000002D0,0.0D0,0.5169102207029402D0,                  0000431P   1143
0.856039615749667D0;                                             0000431P   1144
126,1,1,1,0,1,0,0.0D0,0.0D0,25.40000000000001D0,                 0000433P   1145
25.40000000000001D0,1.0D0,1.0D0,53.70661181857956D0,             0000433P   1146
33.47820047487514D0,45.00699704537308D0,49.33106812556422D0,     0000433P   1147
35.67583887997721D0,69.9305803116479D0,0.0D0,                    0000433P   1148
25.40000000000001D0,0.9849369393355449D0,0.0D0,                  0000433P   1149
0.1729139252123122D0;                                            0000433P   1150
126,1,1,1,0,1,0,0.0D0,0.0D0,25.4D0,25.4D0,1.0D0,1.0D0,           0000435P   1151
44.51661653702654D0,12.45351669018064D0,20.45261284697146D0,     0000435P   1152
43.59216881702952D0,37.59500493124612D0,16.95819366242032D0,     0000435P   1153
0.0D0,25.4D0,0.0D0,0.1376667679923221D0,0.990478601985196D0;     0000435P   1154
126,1,1,1,0,1,0,0.0D0,0.0D0,25.4D0,25.4D0,1.0D0,1.0D0,           0000437P   1155
38.41340002326599D0,12.15021866923788D0,274.4392956145614D0,     0000437P   1156
50.65085831092961D0,33.78918919370818D0,269.2278112483948D0,     0000437P   1157
0.0D0,25.4D0,0.870446746721163D0,-0.4922625936657622D0,0.0D0;    0000437P   1158
126,1,1,1,0,1,0,0.0D0,0.0D0,25.40000000000002D0,                 0000439P   1159
25.40000000000002D0,1.0D0,1.0D0,52.36980013018706D0,             0000439P   1160
15.20637481824885D0,119.5485288794984D0,44.52960955592012D0,     0000439P   1161
28.42605417343966D0,139.7705834117441D0,0.0D0,                   0000439P   1162
25.40000000000002D0,0.0D0,0.837015741198293D0,                   0000439P   1163
-0.5471788089704063D0;                                           0000439P   1164
126,1,1,1,0,1,0,0.0D0,0.0D0,25.39999999999999D0,                 0000441P   1165
25.39999999999999D0,1.0D0,1.0D0,-9.25515751995011D0,             0000441P   1166
46.88188969698643D0,21.50353333999227D0,-16.78727558813835D0,    0000441P   1167
65.77933794299742D0,6.294534451301132D0,0.0D0,                   0000441P   1168
25.39999999999999D0,0.0D0,0.626980825389289D0,                   0000441P   1169
0.7790346876706875D0;                                            0000441P   1170
126,1,1,1,0,1,0,0.0D0,0.0D0,25.4D0,25.4D0,1.0D0,1.0D0,           0000443P   1171
-12.87434191638452D0,50.92385748822838D0,92.60150268922465D0,    0000443P   1172
-18.19936573253401D0,71.09882989003296D0,107.085100651881D0,     0000443P   1173
0.0D0,25.4D0,0.0D0,-0.5831802767611634D0,0.8123427631220538D0;   0000443P   1174
126,1,1,1,0,1,0,0.0D0,0.0D0,25.39999999999999D0,                 0000445P   1175
25.39999999999999D0,1.0D0,1.0D0,10.52411003269012D0,             0000445P   1176
47.5091330108954D0,49.36348574238377D0,4.261807530242855D0,      0000445P   1177
69.718645724227D0,38.74834973740463D0,0.0D0,25.39999999999999D0, 0000445P   1178
0.0D0,0.4312305031747055D0,0.9022417930531096D0;                 0000445P   1179
126,1,1,1,0,1,0,0.0D0,0.0D0,25.39999999999997D0,                 0000447P   1180
25.39999999999997D0,1.0D0,1.0D0,-39.8559500600706D0,             0000447P   1181
52.22119840527762D0,272.9605839863971D0,-21.79063011885225D0,    0000447P   1182
70.057410549275D0,272.1397601467473D0,0.0D0,25.39999999999997D0, 0000447P   1183
-0.7025800306192026D0,0.7116047361949754D0,0.0D0;                0000447P   1184
126,1,1,1,0,1,0,0.0D0,0.0D0,25.4D0,25.4D0,1.0D0,1.0D0,           0000449P   1185
8.368986520280149D0,50.19647359948169D0,143.3270626673686D0,     0000449P   1186
9.081662393689719D0,69.10959090337388D0,160.2665457453339D0,     0000449P   1187
0.0D0,25.4D0,0.0D0,-0.6671714520924715D0,0.7449041908278022D0;   0000449P   1188
126,1,1,1,0,1,0,0.0D0,0.0D0,25.39999999999999D0,                 0000451P   1189
25.39999999999999D0,1.0D0,1.0D0,-18.72382579697296D0,            0000451P   1190
64.74507674513872D0,139.1309576930354D0,2.614454498132261D0,     0000451P   1191
56.98571560478298D0,127.745435801569D0,0.0D0,                    0000451P   1192
25.39999999999999D0,0.4707525820222229D0,0.0D0,                  0000451P   1193
0.8822652699270273D0;                                            0000451P   1194
126,1,1,1,0,1,0,0.0D0,0.0D0,25.39999999999998D0,                 0000453P   1195
25.39999999999998D0,1.0D0,1.0D0,-28.48663495937461D0,            0000453P   1196
43.11746192464553D0,250.059470621426D0,-27.09725583973022D0,     0000453P   1197
67.19711487725623D0,258.0218785074691D0,0.0D0,                   0000453P   1198
25.39999999999998D0,0.0D0,-0.3139506610163572D0,                 0000453P   1199
0.9494392989798728D0;                                            0000453P   1200
126,1,1,1,0,1,0,0.0D0,0.0D0,25.39999999999995D0,                 0000455P   1201
25.39999999999995D0,1.0D0,1.0D0,13.4054101494912D0,              0000455P   1202
38.60516602691289D0,255.6641212302357D0,12.09627376881365D0,     0000455P   1203
63.83435614208916D0,258.2973944916114D0,0.0D0,                   0000455P   1204
25.39999999999995D0,0.0D0,-0.1038101507981211D0,                 0000455P   1205
0.9945971307978279D0;                                            0000455P   1206
126,1,1,1,0,1,0,0.0D0,0.0D0,25.39999999999999D0,                 0000457P   1207
25.39999999999999D0,1.0D0,1.0D0,36.86841869488845D0,             0000457P   1208
48.14231967225329D0,94.84799754755794D0,35.1580053487134D0,      0000457P   1209
50.63412682630571D0,120.0675412248777D0,0.0D0,                   0000457P   1210
25.39999999999999D0,0.0D0,0.9951542751389194D0,                  0000457P   1211
-0.09832582912303313D0;                                          0000457P   1212
126,1,1,1,0,1,0,0.0D0,0.0D0,25.40000000000002D0,                 0000459P   1213
25.40000000000002D0,1.0D0,1.0D0,2.641459812026653D0,             0000459P   1214
65.25082737244148D0,173.7866031678774D0,18.26854057296006D0,     0000459P   1215
45.22737147012496D0,173.9113453790621D0,0.0D0,                   0000459P   1216
25.40000000000002D0,-0.7883345425051962D0,-0.6152468196529932D0, 0000459P   1217
0.0D0;                                                           0000459P   1218
126,1,1,1,0,1,0,0.0D0,0.0D0,25.4D0,25.4D0,1.0D0,1.0D0,           0000461P   1219
8.22517419542153D0,46.98702138727528D0,4.18368629615906D0,       0000461P   1220
24.58115100474544D0,65.69898262606563D0,9.428162362542274D0,     0000461P   1221
0.0D0,25.4D0,0.7529153700519907D0,-0.6581173493682368D0,0.0D0;   0000461P   1222
126,1,1,1,0,1,0,0.0D0,0.0D0,25.40000000000001D0,                 0000463P   1223
25.40000000000001D0,1.0D0,1.0D0,24.13783688232978D0,             0000463P   1224
44.68929165099068D0,64.84301069179733D0,20.115758398027D0,       0000463P   1225
69.53259120576192D0,68.27715569427063D0,0.0D0,                   0000463P   1226
25.40000000000001D0,0.9871466607622814D0,0.1598169895407787D0,   0000463P   1227
0.0D0;                                                           0000463P   1228
126,1,1,1,0,1,0,0.0D0,0.0D0,25.4D0,25.4D0,1.0D0,1.0D0,           0000465P   1229
19.88928013732341D0,50.92878912078576D0,88.75207467937602D0,     0000465P   1230
20.80976011270118D0,62.31518617288314D0,111.4382528234997D0,     0000465P   1231
0.0D0,25.4D0,0.0D0,0.8937436858177209D0,-0.4485780022035803D0;   0000465P   1232
126,1,1,1,0,1,0,0.0D0,0.0D0,25.40000000000001D0,                 0000467P   1233
25.40000000000001D0,1.0D0,1.0D0,13.35206453589066D0,             0000467P   1234
60.17906277835336D0,121.2198644670673D0,32.65138532671153D0,     0000467P   1235
51.71372234255052D0,135.398518434174D0,0.0D0,                    0000467P   1236
25.40000000000001D0,-0.5920645323998481D0,0.0D0,                 0000467P   1237
0.8058905567595076D0;                                            0000467P   1238
126,1,1,1,0,1,0,0.0D0,0.0D0,25.4D0,25.4D0,1.0D0,1.0D0,           0000469P   1239
38.31109988559575D0,52.23518436728911D0,39.15316649288509D0,     0000469P   1240
39.06127112995993D0,57.81088503797231D0,63.92227639080173D0,     0000469P   1241
0.0D0,25.4D0,0.0D0,0.9755873900439095D0,-0.219611576168727D0;    0000469P   1242
126,1,1,1,0,1,0,0.0D0,0.0D0,25.4D0,25.4D0,1.0D0,1.0D0,           0000471P   1243
24.62880999225344D0,43.79416052633373D0,147.2091193670569D0,     0000471P   1244
44.31434535418155D0,59.74995846070804D0,148.9561768336829D0,     0000471P   1245
0.0D0,25.4D0,-0.629672256006705D0,0.7768608948939485D0,0.0D0;    0000471P   1246
126,1,1,1,0,1,0,0.0D0,0.0D0,25.40000000000001D0,                 0000473P   1247
25.40000000000001D0,1.0D0,1.0D0,29.47891115350951D0,             0000473P   1248
42.63031634680523D0,26.80515570484289D0,8.801003012025333D0,     0000473P   1249
53.68496268064636D0,36.5713683446555D0,0.0D0,                    0000473P   1250
25.40000000000001D0,-0.4714655384638176D0,-0.8818844856561557D0, 0000473P   1251
0.0D0;                                                           0000473P   1252
126,1,1,1,0,1,0,0.0D0,0.0D0,25.4D0,25.4D0,1.0D0,1.0D0,           0000475P   1253
40.35083674717796D0,41.65983517099488D0,182.6775993553733D0,     0000475P   1254
41.51580108480256D0,61.87512113859063D0,198.0120400475013D0,     0000475P   1255
0.0D0,25.4D0,0.0D0,-0.6043541239833151D0,0.796715816853387D0;    0000475P   1256
126,1,1,1,0,1,0,0.0D0,0.0D0,25.40000000000001D0,                 0000477P   1257
25.40000000000001D0,1.0D0,1.0D0,29.65539458458754D0,             0000477P   1258
36.489978781016D0,224.9868457144908D0,51.9349297579614D0,        0000477P   1259
48.022081192633D0,228.9608772224653D0,0.0D0,25.40000000000001D0, 0000477P   1260
-0.4596809237276233D0,0.8880841448651807D0,0.0D0;                0000477P   1261
126,1,1,1,0,1,0,0.0D0,0.0D0,25.40000000000001D0,                 0000479P   1262
25.40000000000001D0,1.0D0,1.0D0,21.97534337285694D0,             0000479P   1263
36.2462744156723D0,56.1380138949672D0,19.35035533643327D0,       0000479P   1264
37.74507550201779D0,81.35751097782361D0,0.0D0,                   0000479P   1265
25.40000000000001D0,0.9946267083068031D0,0.0D0,                  0000479P   1266
0.103526378874051D0;                                             0000479P   1267
126,1,1,1,0,1,0,0.0D0,0.0D0,25.39999999999998D0,                 0000481P   1268
25.39999999999998D0,1.0D0,1.0D0,5.580786862813667D0,             0000481P   1269
27.11449696440746D0,294.1182525958498D0,29.28007244274254D0,     0000481P   1270
36.13896988152396D0,292.6820243517307D0,0.0D0,                   0000481P   1271
25.39999999999998D0,-0.355863560972435D0,0.9345379210989876D0,   0000481P   1272
0.0D0;                                                           0000481P   1273
126,1,1,1,0,1,0,0.0D0,0.0D0,25.39999999999998D0,                 0000483P   1274
25.39999999999998D0,1.0D0,1.0D0,12.71712970820319D0,             0000483P   1275
44.2472120884111D0,271.4587741472776D0,33.120576537692D0,        0000483P   1276
50.07103631857869D0,257.49659563487D0,0.0D0,25.39999999999998D0, 0000483P   1277
0.5647369600430027D0,0.0D0,0.8252709651753102D0;                 0000483P   1278
126,1,1,1,0,1,0,0.0D0,0.0D0,25.40000000000001D0,                 0000485P   1279
25.40000000000001D0,1.0D0,1.0D0,15.51156831968292D0,             0000485P   1280
52.80837557412814D0,174.2462327642845D0,33.12381436411816D0,     0000485P   1281
37.21554150564388D0,164.6633148901195D0,0.0D0,                   0000485P   1282
25.40000000000001D0,0.662878384148222D0,0.7487270850109821D0,    0000485P   1283
0.0D0;                                                           0000485P   1284
126,1,1,1,0,1,0,0.0D0,0.0D0,25.4D0,25.4D0,1.0D0,1.0D0,           0000487P   1285
38.33743453977519D0,29.44767117558307D0,77.12273814630953D0,     0000487P   1286
42.4392084495112D0,40.67881881099906D0,99.5324854359355D0,0.0D0, 0000487P   1287
25.4D0,0.0D0,0.8940075313499581D0,-0.4480519321346063D0;         0000487P   1288
126,1,1,1,0,1,0,0.0D0,0.0D0,25.39999999999999D0,                 0000489P   1289
25.39999999999999D0,1.0D0,1.0D0,36.73242971603936D0,             0000489P   1290
29.30740317903145D0,132.4960267814805D0,45.31835210257988D0,     0000489P   1291
48.51009415145897D0,118.2588010619187D0,0.0D0,                   0000489P   1292
25.39999999999999D0,0.0D0,0.5955789173534066D0,                  0000489P   1293
0.8032968026851247D0;                                            0000489P   1294
126,1,1,1,0,1,0,0.0D0,0.0D0,25.40000000000003D0,                 0000491P   1295
25.40000000000003D0,1.0D0,1.0D0,9.474996340032661D0,             0000491P   1296
47.15163659475724D0,236.3466423829564D0,30.83477630944903D0,     0000491P   1297
36.43595394101101D0,244.9544263557524D0,0.0D0,                   0000491P   1298
25.40000000000003D0,0.4484114261514331D0,0.8938272724060492D0,   0000491P   1299
0.0D0;                                                           0000491P   1300
126,1,1,1,0,1,0,0.0D0,0.0D0,25.40000000000002D0,                 0000493P   1301
25.40000000000002D0,1.0D0,1.0D0,31.20790291558147D0,             0000493P   1302
54.71340780166445D0,36.90200233058637D0,46.35148148845245D0,     0000493P   1303
51.17206130789121D0,56.98410613019671D0,0.0D0,                   0000493P   1304
25.40000000000002D0,0.7984323744262807D0,0.0D0,                  0000493P   1305
-0.6020844986112925D0;                                           0000493P   1306
126,1,1,1,0,1,0,0.0D0,0.0D0,25.39999999999999D0,                 0000495P   1307
25.39999999999999D0,1.0D0,1.0D0,41.05867973074385D0,             0000495P   1308
32.71071257733257D0,12.34864271694529D0,29.92211138819762D0,     0000495P   1309
39.8586080716988D0,34.02915091102173D0,0.0D0,                    0000495P   1310
25.39999999999999D0,0.8895114198957013D0,0.0D0,                  0000495P   1311
0.4569129390541852D0;                                            0000495P   1312
126,1,1,1,0,1,0,0.0D0,0.0D0,25.40000000000002D0,                 0000497P   1313
25.40000000000002D0,1.0D0,1.0D0,48.30457450669827D0,             0000497P   1314
28.73861556649383D0,148.6039256336536D0,39.18555466914906D0,     0000497P   1315
33.74893811297517D0,171.7750314592849D0,0.0D0,                   0000497P   1316
25.40000000000002D0,0.9305314792575163D0,0.0D0,                  0000497P   1317
0.3662119142120017D0;                                            0000497P   1318
126,1,1,1,0,1,0,0.0D0,0.0D0,25.40000000000002D0,                 0000499P   1319
25.40000000000002D0,1.0D0,1.0D0,12.65739154217651D0,             0000499P   1320
44.05411575722739D0,219.7953179513132D0,27.88313420323315D0,     0000499P   1321
52.29341459846914D0,201.2090134497724D0,0.0D0,                   0000499P   1322
25.40000000000002D0,-0.7735743591741672D0,0.0D0,                 0000499P   1323
-0.6337055395278446D0;                                           0000499P   1324
126,1,1,1,0,1,0,0.0D0,0.0D0,25.39999999999999D0,                 0000501P   1325
25.39999999999999D0,1.0D0,1.0D0,-69.47393194435672D0,            0000501P   1326
-14.80288530304236D0,109.3751585488063D0,-46.42359314166322D0,   0000501P   1327
-6.537258643581133D0,116.1221057849603D0,0.0D0,                  0000501P   1328
25.39999999999999D0,-0.3375444388005275D0,0.9413095940416398D0,  0000501P   1329
0.0D0;                                                           0000501P   1330
126,1,1,1,0,1,0,0.0D0,0.0D0,25.39999999999999D0,                 0000503P   1331
25.39999999999999D0,1.0D0,1.0D0,-6.361362200974241D0,            0000503P   1332
-34.51586966296463D0,122.3869278968348D0,7.071798833230467D0,    0000503P   1333
-54.01111736000101D0,131.5872269061237D0,0.0D0,                  0000503P   1334
25.39999999999999D0,-0.8234463944306659D0,-0.5673940742545132D0, 0000503P   1335
0.0D0;                                                           0000503P   1336
126,1,1,1,0,1,0,0.0D0,0.0D0,25.4D0,25.4D0,1.0D0,1.0D0,           0000505P   1337
2.436037876808271D0,-2.554443549891307D0,101.6918672640982D0,    0000505P   1338
-10.38343304037197D0,0.5076006059924953D0,123.404652690915D0,    0000505P   1339
0.0D0,25.4D0,0.861114262490385D0,0.0D0,0.5084114740401127D0;     0000505P   1340
126,1,1,1,0,1,0,0.0D0,0.0D0,25.40000000000002D0,                 0000507P   1341
25.40000000000002D0,1.0D0,1.0D0,6.582525610201564D0,             0000507P   1342
-15.39633663263135D0,198.5689722172138D0,-0.05313486509010801D0, 0000507P   1343
9.120085789544049D0,198.8392344493303D0,0.0D0,                   0000507P   1344
25.40000000000002D0,0.9652681240637317D0,0.261261265147523D0,    0000507P   1345
0.0D0;                                                           0000507P   1346
126,1,1,1,0,1,0,0.0D0,0.0D0,25.39999999999996D0,                 0000509P   1347
25.39999999999996D0,1.0D0,1.0D0,8.191847376141027D0,             0000509P   1348
13.95211787090776D0,268.2963896234017D0,31.14329679038408D0,     0000509P   1349
24.67254377244117D0,266.4353581150248D0,0.0D0,                   0000509P   1350
25.39999999999996D0,-0.4232014852557572D0,0.9060355969151106D0,  0000509P   1351
0.0D0;                                                           0000509P   1352
126,1,1,1,0,1,0,0.0D0,0.0D0,25.4D0,25.4D0,1.0D0,1.0D0,           0000511P   1353
-56.63848206181125D0,17.70373059392308D0,17.5711519309388D0,     0000511P   1354
-37.05422536861696D0,3.16431020005647D0,24.65791031439525D0,     0000511P   1355
0.0D0,25.4D0,0.5960892532031409D0,0.8029181790292966D0,0.0D0;    0000511P   1356
126,1,1,1,0,1,0,0.0D0,0.0D0,25.4D0,25.4D0,1.0D0,1.0D0,           0000513P   1357
-22.73353325890226D0,-58.92806347876112D0,24.84906846505734D0,   0000513P   1358
-1.028380561156753D0,-51.25909407215268D0,14.11439312725346D0,   0000513P   1359
0.0D0,25.4D0,0.4433141507026596D0,0.0D0,0.8963663111623391D0;    0000513P   1360
126,1,1,1,0,1,0,0.0D0,0.0D0,25.40000000000001D0,                 0000515P   1361
25.40000000000001D0,1.0D0,1.0D0,20.36578630830733D0,             0000515P   1362
-1.703307924449611D0,244.3667504734243D0,21.89889588230866D0,    0000515P   1363
-5.295417710083711D0,269.4646850960593D0,0.0D0,                  0000515P   1364
25.40000000000001D0,0.0D0,0.9899125154547497D0,                  0000515P   1365
0.1416799624013586D0;                                            0000515P   1366
126,1,1,1,0,1,0,0.0D0,0.0D0,25.39999999999999D0,                 0000517P   1367
25.39999999999999D0,1.0D0,1.0D0,21.88260007476239D0,             0000517P   1368
-33.60088189014016D0,263.6893194116703D0,47.08936590826895D0,    0000517P   1369
-31.43958076722228D0,265.9493489846716D0,0.0D0,                  0000517P   1370
25.39999999999999D0,-0.08930141897697695D0,0.0D0,                0000517P   1371
0.9960046468609964D0;                                            0000517P   1372
126,1,1,1,0,1,0,0.0D0,0.0D0,25.40000000000002D0,                 0000519P   1373
25.40000000000002D0,1.0D0,1.0D0,-4.310937760590079D0,            0000519P   1374
-28.8010553604493D0,252.6582914213124D0,-8.874680853808599D0,    0000519P   1375
-20.77883531706047D0,228.994474430925D0,0.0D0,                   0000519P   1376
25.40000000000002D0,0.0D0,-0.9470587343684337D0,                 0000519P   1377
-0.3210603582762285D0;                                           0000519P   1378
126,1,1,1,0,1,0,0.0D0,0.0D0,25.4D0,25.4D0,1.0D0,1.0D0,           0000521P   1379
28.19749412740709D0,29.79417075556145D0,16.25121563786196D0,     0000521P   1380
43.66538914324724D0,28.02980030166729D0,36.3208748447437D0,      0000521P   1381
0.0D0,25.4D0,0.7920572772563521D0,0.0D0,-0.610446778634513D0;    0000521P   1382
126,1,1,1,0,1,0,0.0D0,0.0D0,25.4D0,25.4D0,1.0D0,1.0D0,           0000523P   1383
-2.228907811948048D0,-42.0088540455204D0,231.2948046391502D0,    0000523P   1384
6.740776139111134D0,-50.26710736951896D0,253.5772197204374D0,    0000523P   1385
0.0D0,25.4D0,0.9276602259919443D0,0.0D0,-0.3734253675268658D0;   0000523P   1386
126,1,1,1,0,1,0,0.0D0,0.0D0,25.4D0,25.4D0,1.0D0,1.0D0,           0000525P   1387
-22.96078586332171D0,-29.95295015529148D0,44.72094116488161D0,   0000525P   1388
-8.578530929436155D0,-24.90185212204573D0,24.40353110170511D0,   0000525P   1389
0.0D0,25.4D0,-0.8161995998241258D0,0.0D0,-0.5777700349160876D0;  0000525P   1390
126,1,1,1,0,1,0,0.0D0,0.0D0,25.40000000000002D0,                 0000527P   1391
25.40000000000002D0,1.0D0,1.0D0,41.35661079006984D0,             0000527P   1392
19.08688463065954D0,177.3027359668397D0,36.89238681452052D0,     0000527P   1393
37.64253615919759D0,160.5421124507651D0,0.0D0,                   0000527P   1394
25.40000000000002D0,0.0D0,0.6703012389569141D0,                  0000527P   1395
0.7420891112614618D0;                                            0000527P   1396
126,1,1,1,0,1,0,0.0D0,0.0D0,25.39999999999998D0,                 0000529P   1397
25.39999999999998D0,1.0D0,1.0D0,14.96883014477959D0,             0000529P   1398
-33.06303073609506D0,122.4210768391059D0,35.0267586458437D0,     0000529P   1399
-47.96667707708856D0,126.9730906779238D0,0.0D0,                  0000529P   1400
25.39999999999998D0,0.5964135029580643D0,0.8026773532928976D0,   0000529P   1401
0.0D0;                                                           0000529P   1402
126,1,1,1,0,1,0,0.0D0,0.0D0,25.40000000000001D0,                 0000531P   1403
25.40000000000001D0,1.0D0,1.0D0,9.204126744269502D0,             0000531P   1404
20.0179547582725D0,167.9067113445665D0,22.27510772833648D0,      0000531P   1405
40.03486912709599D0,176.4876550726974D0,0.0D0,                   0000531P   1406
25.40000000000001D0,0.8372951999069774D0,-0.5467510843269855D0,  0000531P   1407
0.0D0;                                                           0000531P   1408
126,1,1,1,0,1,0,0.0D0,0.0D0,25.40000000000001D0,                 0000533P   1409
25.40000000000001D0,1.0D0,1.0D0,-48.11109273635198D0,            0000533P   1410
11.93451680586794D0,138.7208100999755D0,-61.40077245458233D0,    0000533P   1411
27.31854575773259D0,123.493332758175D0,0.0D0,                    0000533P   1412
25.40000000000001D0,0.0D0,0.7034813367100188D0,                  0000533P   1413
0.7107137320332887D0;                                            0000533P   1414
126,1,1,1,0,1,0,0.0D0,0.0D0,25.40000000000002D0,                 0000535P   1415
25.40000000000002D0,1.0D0,1.0D0,-16.41843563857702D0,            0000535P   1416
54.97515011542636D0,192.5093880587715D0,1.591543431746658D0,     0000535P   1417
66.51453490008895D0,206.2076818458824D0,0.0D0,                   0000535P   1418
25.40000000000002D0,-0.6053832403325053D0,0.0D0,                 0000535P   1419
0.7959341256187699D0;                                            0000535P   1420
126,1,1,1,0,1,0,0.0D0,0.0D0,25.40000000000001D0,                 0000537P   1421
25.40000000000001D0,1.0D0,1.0D0,38.02084617358081D0,             0000537P   1422
35.27081448022786D0,229.5126234165159D0,39.95247384863213D0,     0000537P   1423
48.56307859807418D0,251.0705576669581D0,0.0D0,                   0000537P   1424
25.40000000000001D0,0.0D0,0.8512025387262148D0,                  0000537P   1425
-0.5248373443897135D0;                                           0000537P   1426
126,1,1,1,0,1,0,0.0D0,0.0D0,25.40000000000002D0,                 0000539P   1427
25.40000000000002D0,1.0D0,1.0D0,-15.40431247687994D0,            0000539P   1428
-36.11293914339046D0,167.2419408987974D0,-19.95330403213183D0,   0000539P   1429
-30.39331721368066D0,191.5679064667133D0,0.0D0,                  0000539P   1430
25.40000000000002D0,0.0D0,0.9734540446134738D0,                  0000539P   1431
-0.2288825529079684D0;                                           0000539P   1432
126,1,1,1,0,1,0,0.0D0,0.0D0,25.4D0,25.4D0,1.0D0,1.0D0,           0000541P   1433
-22.886303879039D0,-8.359423060746828D0,85.06017371241737D0,     0000541P   1434
-30.78118002054853D0,5.41325331512919D0,104.8880408734514D0,     0000541P   1435
0.0D0,25.4D0,0.0D0,0.82130545020747D0,-0.5704887005537492D0;     0000541P   1436
126,1,1,1,0,1,0,0.0D0,0.0D0,25.39999999999998D0,                 0000543P   1437
25.39999999999998D0,1.0D0,1.0D0,-42.61699486908887D0,            0000543P   1438
11.34278728531312D0,155.4060393106811D0,-23.09163776572814D0,    0000543P   1439
24.65865941161718D0,146.0996984883085D0,0.0D0,                   0000543P   1440
25.39999999999998D0,-0.5634271911802232D0,0.8261657220187513D0,  0000543P   1441
0.0D0;                                                           0000543P   1442
126,1,1,1,0,1,0,0.0D0,0.0D0,25.4D0,25.4D0,1.0D0,1.0D0,           0000545P   1443
-10.66532513132956D0,35.31433890296837D0,73.62378451787255D0,    0000545P   1444
-20.32354495527931D0,56.77248514631388D0,64.06205090772312D0,    0000545P   1445
0.0D0,25.4D0,0.9118888374396694D0,0.4104372645763639D0,0.0D0;    0000545P   1446
126,1,1,1,0,1,0,0.0D0,0.0D0,25.40000000000001D0,                 0000547P   1447
25.40000000000001D0,1.0D0,1.0D0,-39.90796594890954D0,            0000547P   1448
1.736387958771473D0,240.0531529203817D0,-46.45377180359215D0,    0000547P   1449
25.79685995797036D0,244.8911393701943D0,0.0D0,                   0000547P   1450
25.40000000000001D0,0.9649279541592327D0,0.2625148439271153D0,   0000547P   1451
0.0D0;                                                           0000547P   1452
126,1,1,1,0,1,0,0.0D0,0.0D0,25.4D0,25.4D0,1.0D0,1.0D0,           0000549P   1453
-22.18698866088698D0,-6.226064848918721D0,194.8363019784504D0,   0000549P   1454
-11.88329967505022D0,-10.42029169025171D0,172.0020633336743D0,   0000549P   1455
0.0D0,25.4D0,-0.9114985471309673D0,0.0D0,-0.4113032926906079D0;  0000549P   1456
126,1,1,1,0,1,0,0.0D0,0.0D0,25.40000000000001D0,                 0000551P   1457
25.40000000000001D0,1.0D0,1.0D0,-13.80642361464629D0,            0000551P   1458
-7.706537682313858D0,262.6199343661163D0,-9.966653503458531D0,   0000551P   1459
-10.30456410373855D0,287.5932486076584D0,0.0D0,                  0000551P   1460
25.40000000000001D0,0.9883852448579005D0,0.0D0,                  0000551P   1461
-0.1519691012909791D0;                                           0000551P   1462
126,1,1,1,0,1,0,0.0D0,0.0D0,25.4D0,25.4D0,1.0D0,1.0D0,           0000553P   1463
-37.27964993010377D0,-64.78926792756725D0,48.09383566485168D0,   0000553P   1464
-22.40585423150254D0,-60.94866946125235D0,68.32203392709962D0,   0000553P   1465
0.0D0,25.4D0,0.8056487220322223D0,0.0D0,-0.5923935657042934D0;   0000553P   1466
126,1,1,1,0,1,0,0.0D0,0.0D0,25.40000000000001D0,                 0000555P   1467
25.40000000000001D0,1.0D0,1.0D0,4.598479575356166D0,             0000555P   1468
43.80636858874228D0,32.31373499085493D0,-2.184933117276888D0,    0000555P   1469
65.70046620300131D0,21.36869949987903D0,0.0D0,                   0000555P   1470
25.40000000000001D0,0.0D0,0.4471477927763424D0,                  0000555P   1471
0.8944600893361564D0;                                            0000555P   1472
126,1,1,1,0,1,0,0.0D0,0.0D0,25.4D0,25.4D0,1.0D0,1.0D0,           0000557P   1473
38.51670381836844D0,61.72500991459472D0,177.551156638189D0,      0000557P   1474
47.90316885878072D0,57.40213231411626D0,200.7538936167525D0,     0000557P   1475
0.0D0,25.4D0,0.9270179246585875D0,0.0D0,-0.3750170227625478D0;   0000557P   1476
126,1,1,1,0,1,0,0.0D0,0.0D0,25.4D0,25.4D0,1.0D0,1.0D0,           0000559P   1477
-40.57740693030321D0,-24.55363834722069D0,17.62184102570853D0,   0000559P   1478
-39.78550358176923D0,-2.542244935191093D0,30.27219474200598D0,   0000559P   1479
0.0D0,25.4D0,0.0D0,-0.4982876545243905D0,0.8670117723241024D0;   0000559P   1480
126,1,1,1,0,1,0,0.0D0,0.0D0,25.40000000000002D0,                 0000561P   1481
25.40000000000002D0,1.0D0,1.0D0,-38.73114271740567D0,            0000561P   1482
54.51764587559977D0,114.8853719154358D0,-36.48461092786528D0,    0000561P   1483
53.85506866176964D0,140.177150942509D0,0.0D0,                    0000561P   1484
25.40000000000002D0,0.9960782874706307D0,0.0D0,                  0000561P   1485
-0.0884762410456931D0;                                           0000561P   1486
126,1,1,1,0,1,0,0.0D0,0.0D0,25.39999999999999D0,                 0000563P   1487
25.39999999999999D0,1.0D0,1.0D0,9.002535477082048D0,             0000563P   1488
68.43950257574201D0,62.93862058804326D0,22.09163883399246D0,     0000563P   1489
49.10724983033113D0,52.93365296692275D0,0.0D0,                   0000563P   1490
25.39999999999999D0,-0.8280566709681183D0,-0.5606444057200589D0, 0000563P   1491
0.0D0;                                                           0000563P   1492
126,1,1,1,0,1,0,0.0D0,0.0D0,25.40000000000001D0,                 0000565P   1493
25.40000000000001D0,1.0D0,1.0D0,-15.12338139253047D0,            0000565P   1494
-44.31374138242182D0,97.68826995520068D0,4.011272397737294D0,    0000565P   1495
-28.5300578560643D0,92.22014791318459D0,0.0D0,                   0000565P   1496
25.40000000000001D0,-0.6363252406823924D0,0.7714208890550576D0,  0000565P   1497
0.0D0;                                                           0000565P   1498
126,1,1,1,0,1,0,0.0D0,0.0D0,25.4D0,25.4D0,1.0D0,1.0D0,           0000567P   1499
10.44039176315647D0,58.06821522617508D0,27.23932560054681D0,     0000567P   1500
33.76122922827917D0,53.4624563505757D0,36.18837723215374D0,      0000567P   1501
0.0D0,25.4D0,-0.3582639983337094D0,0.0D0,0.9336203229889245D0;   0000567P   1502
126,1,1,1,0,1,0,0.0D0,0.0D0,25.40000000000001D0,                 0000569P   1503
25.40000000000001D0,1.0D0,1.0D0,49.83497048618916D0,             0000569P   1504
0.2410028487154872D0,83.06117431784675D0,54.25258043056061D0,    0000569P   1505
-4.13798872876675D0,107.6877687869107D0,0.0D0,                   0000569P   1506
25.40000000000001D0,0.9842889107620176D0,0.0D0,                  0000569P   1507
-0.176565399076152D0;                                            0000569P   1508
126,1,1,1,0,1,0,0.0D0,0.0D0,25.40000000000002D0,                 0000571P   1509
25.40000000000002D0,1.0D0,1.0D0,-45.566300255803D0,              0000571P   1510
-20.05151678122131D0,114.4523486187664D0,-33.16187119555333D0,   0000571P   1511
-39.35556528351117D0,125.3447244436484D0,0.0D0,                  0000571P   1512
25.40000000000002D0,-0.8412838502800332D0,-0.5405936396758685D0, 0000571P   1513
0.0D0;                                                           0000571P   1514
126,1,1,1,0,1,0,0.0D0,0.0D0,25.40000000000001D0,                 0000573P   1515
25.40000000000001D0,1.0D0,1.0D0,-51.24821908049735D0,            0000573P   1516
-8.523796395508271D0,201.8475516019967D0,-33.20560486519901D0,   0000573P   1517
-19.87390695147326D0,215.6605549917482D0,0.0D0,                  0000573P   1518
25.40000000000001D0,-0.6078862779429932D0,0.0D0,                 0000573P   1519
0.7940241010754108D0;                                            0000573P   1520
126,1,1,1,0,1,0,0.0D0,0.0D0,25.40000000000002D0,                 0000575P   1521
25.40000000000002D0,1.0D0,1.0D0,-3.808923979291635D0,            0000575P   1522
34.829777648042D0,119.5913239909098D0,13.81538786087667D0,       0000575P   1523
43.94230435887631D0,135.4502485794447D0,0.0D0,                   0000575P   1524
25.40000000000002D0,-0.6688958444016191D0,0.0D0,                 0000575P   1525
0.7433561389685599D0;                                            0000575P   1526
126,1,1,1,0,1,0,0.0D0,0.0D0,25.40000000000002D0,                 0000577P   1527
25.40000000000002D0,1.0D0,1.0D0,-41.64817913013103D0,            0000577P   1528
-45.63254677289518D0,167.0352258012758D0,-43.35207645039495D0,   0000577P   1529
-27.30504079328381D0,149.5321044085268D0,0.0D0,                  0000577P   1530
25.40000000000002D0,0.0D0,0.690655018106244D0,                   0000577P   1531
0.7231843789550932D0;                                            0000577P   1532
126,1,1,1,0,1,0,0.0D0,0.0D0,25.4D0,25.4D0,1.0D0,1.0D0,           0000579P   1533
-61.01578053175241D0,15.01743564240215D0,36.3689724403285D0,     0000579P   1534
-48.07279142420438D0,6.54604467312457D0,56.51530133686781D0,     0000579P   1535
0.0D0,25.4D0,0.8413346321169587D0,0.0D0,-0.5405146036885795D0;   0000579P   1536
126,1,1,1,0,1,0,0.0D0,0.0D0,25.40000000000001D0,                 0000581P   1537
25.40000000000001D0,1.0D0,1.0D0,-40.40909662356994D0,            0000581P   1538
55.07941592599926D0,51.0024939719394D0,-31.78141610353349D0,     0000581P   1539
46.84117637083234D0,73.42691231168385D0,0.0D0,                   0000581P   1540
25.40000000000001D0,0.9333051011129894D0,0.0D0,                  0000581P   1541
-0.3590843748152688D0;                                           0000581P   1542
126,1,1,1,0,1,0,0.0D0,0.0D0,25.40000000000001D0,                 0000583P   1543
25.40000000000001D0,1.0D0,1.0D0,6.953418636906846D0,             0000583P   1544
58.74310674098882D0,169.9708179442098D0,25.10723758563618D0,     0000583P   1545
41.64698845306324D0,174.8000618873144D0,0.0D0,                   0000583P   1546
25.40000000000001D0,0.6855809545813463D0,0.7279963974604065D0,   0000583P   1547
0.0D0;                                                           0000583P   1548
126,1,1,1,0,1,0,0.0D0,0.0D0,25.39999999999999D0,                 0000585P   1549
25.39999999999999D0,1.0D0,1.0D0,-31.599298353825D0,              0000585P   1550
36.49351042951419D0,109.4217702767832D0,-46.84085609639418D0,    0000585P   1551
53.06246766543796D0,97.66062349196426D0,0.0D0,                   0000585P   1552
25.39999999999999D0,0.7359726837884286D0,0.6770112323420179D0,   0000585P   1553
0.0D0;                                                           0000585P   1554
126,1,1,1,0,1,0,0.0D0,0.0D0,25.4D0,25.4D0,1.0D0,1.0D0,           0000587P   1555
19.67889407691295D0,-57.46205594172535D0,29.31077096330755D0,    0000587P   1556
33.51646781074849D0,-51.5106110571214D0,8.859319744721951D0,     0000587P   1557
0.0D0,25.4D0,-0.8282313765920999D0,0.0D0,-0.5603862835833469D0;  0000587P   1558
126,1,1,1,0,1,0,0.0D0,0.0D0,25.4D0,25.4D0,1.0D0,1.0D0,           0000589P   1559
38.98960740167804D0,-42.30071443336416D0,220.2260613743386D0,    0000589P   1560
39.03154241432334D0,-32.27239450449402D0,243.5625358479805D0,    0000589P   1561
0.0D0,25.4D0,0.0D0,0.9187600897012634D0,-0.3948162833168435D0;   0000589P   1562
126,1,1,1,0,1,0,0.0D0,0.0D0,25.4D0,25.4D0,1.0D0,1.0D0,           0000591P   1563
23.3985168084544D0,-37.95061731693416D0,142.6475168503258D0,     0000591P   1564
15.31395993898789D0,-26.74582102106639D0,163.9607165207757D0,    0000591P   1565
0.0D0,25.4D0,0.0D0,0.8851351152059476D0,-0.4653341034454214D0;   0000591P   1566
126,1,1,1,0,1,0,0.0D0,0.0D0,25.40000000000001D0,                 0000593P   1567
25.40000000000001D0,1.0D0,1.0D0,36.42795776898291D0,             0000593P   1568
-57.25760640126703D0,218.2539940603463D0,54.79055671128128D0,    0000593P   1569
-40.63380168636814D0,212.6304651962602D0,0.0D0,                  0000593P   1570
25.40000000000001D0,-0.6711358380434591D0,0.7413343961355792D0,  0000593P   1571
0.0D0;                                                           0000593P   1572
126,1,1,1,0,1,0,0.0D0,0.0D0,25.40000000000002D0,                 0000595P   1573
25.40000000000002D0,1.0D0,1.0D0,-64.00286065760102D0,            0000595P   1574
37.57246093972516D0,203.1163767426166D0,-55.74561892185721D0,    0000595P   1575
33.87669410476025D0,226.85072456216D0,0.0D0,25.40000000000002D0, 0000595P   1576
0.9444743665737445D0,0.0D0,-0.3285851044784659D0;                0000595P   1577
126,1,1,1,0,1,0,0.0D0,0.0D0,25.4D0,25.4D0,1.0D0,1.0D0,           0000597P   1578
10.76964491357777D0,-15.79382784074359D0,81.86206891382042D0,    0000597P   1579
12.48023129374499D0,-11.06257901970877D0,56.9652984640323D0,     0000597P   1580
0.0D0,25.4D0,0.0D0,-0.98241821047142D0,-0.1866934914080632D0;    0000597P   1581
126,1,1,1,0,1,0,0.0D0,0.0D0,25.4D0,25.4D0,1.0D0,1.0D0,           0000599P   1582
-38.52779436427576D0,19.41326189570769D0,221.4056578723659D0,    0000599P   1583
-19.80830427145003D0,10.79938835689744D0,236.2563101584436D0,    0000599P   1584
0.0D0,25.4D0,-0.6215015812838417D0,0.0D0,0.7834129080259555D0;   0000599P   1585
126,1,1,1,0,1,0,0.0D0,0.0D0,25.4D0,25.4D0,1.0D0,1.0D0,           0000601P   1586
42.75213209577818D0,-39.84866373139216D0,8.450301187580784D0,    0000601P   1587
34.25004260343616D0,-24.27084681405881D0,26.62187498717916D0,    0000601P   1588
0.0D0,25.4D0,0.0D0,0.7592115498463133D0,-0.6508439310464216D0;   0000601P   1589
126,1,1,1,0,1,0,0.0D0,0.0D0,25.39999999999998D0,                 0000603P   1590
25.39999999999998D0,1.0D0,1.0D0,-18.68543953029927D0,            0000603P   1591
-59.96369228566689D0,205.0080079280784D0,-19.52265759054461D0,   0000603P   1592
-35.39413525172719D0,198.620838517801D0,0.0D0,                   0000603P   1593
25.39999999999998D0,0.0D0,0.2516000752028243D0,                  0000603P   1594
0.9678312880651943D0;                                            0000603P   1595
126,1,1,1,0,1,0,0.0D0,0.0D0,25.4D0,25.4D0,1.0D0,1.0D0,           0000605P   1596
-56.64649272115934D0,44.67852860690789D0,96.2044609347445D0,     0000605P   1597
-41.45050445238891D0,49.66400556466899D0,76.47157062341341D0,    0000605P   1598
0.0D0,25.4D0,-0.7922970776379477D0,0.0D0,-0.6101355101666908D0;  0000605P   1599
126,1,1,1,0,1,0,0.0D0,0.0D0,25.39999999999997D0,                 0000607P   1600
25.39999999999997D0,1.0D0,1.0D0,-66.07649057835347D0,            0000607P   1601
-28.18546497482704D0,123.086779992979D0,-50.59461460096338D0,    0000607P   1602
-31.27109923620651D0,142.9852818819583D0,0.0D0,                  0000607P   1603
25.39999999999997D0,0.7892510351766653D0,0.0D0,                  0000607P   1604
-0.6140706827984563D0;                                           0000607P   1605
126,1,1,1,0,1,0,0.0D0,0.0D0,25.40000000000002D0,                 0000609P   1606
25.40000000000002D0,1.0D0,1.0D0,49.22963166155644D0,             0000609P   1607
-47.22533310155026D0,148.787227876114D0,46.23111028000959D0,     0000609P   1608
-22.22760199220883D0,145.4283130350573D0,0.0D0,                  0000609P   1609
25.40000000000002D0,0.0D0,0.1331719584390014D0,                  0000609P   1610
0.9910929469457043D0;                                            0000609P   1611
126,1,1,1,0,1,0,0.0D0,0.0D0,25.39999999999997D0,                 0000611P   1612
25.39999999999997D0,1.0D0,1.0D0,0.1976091265483717D0,            0000611P   1613
-34.8954285111611D0,285.8962807881393D0,14.6388820357985D0,      0000611P   1614
-31.22600950228513D0,265.325792196522D0,0.0D0,                   0000611P   1615
25.39999999999997D0,-0.8184473791809981D0,0.0D0,                 0000611P   1616
-0.5745814890089618D0;                                           0000611P   1617
126,1,1,1,0,1,0,0.0D0,0.0D0,25.4D0,25.4D0,1.0D0,1.0D0,           0000613P   1618
-33.2717969989043D0,57.38519417820369D0,47.97190431015079D0,     0000613P   1619
-16.24785643294323D0,47.20897782575194D0,32.10401004674209D0,    0000613P   1620
0.0D0,25.4D0,0.6818331579576141D0,0.0D0,0.7315077201981858D0;    0000613P   1621
126,1,1,1,0,1,0,0.0D0,0.0D0,25.39999999999997D0,                 0000615P   1622
25.39999999999997D0,1.0D0,1.0D0,-25.42155158822635D0,            0000615P   1623
15.78530643387091D0,257.4890121861877D0,-6.448575313838944D0,    0000615P   1624
3.225495304727843D0,246.200198444621D0,0.0D0,                    0000615P   1625
25.39999999999997D0,0.5519941962642095D0,0.8338479521415337D0,   0000615P   1626
0.0D0;                                                           0000615P   1627
126,1,1,1,0,1,0,0.0D0,0.0D0,25.39999999999999D0,                 0000617P   1628
25.39999999999999D0,1.0D0,1.0D0,33.47225559862986D0,             0000617P   1629
12.12047179261087D0,53.82444499411773D0,47.33693384149814D0,     0000617P   1630
2.199376879093574D0,72.65268370459502D0,0.0D0,                   0000617P   1631
25.39999999999999D0,0.8052347308091593D0,0.0D0,                  0000617P   1632
-0.5929561773847211D0;                                           0000617P   1633
126,1,1,1,0,1,0,0.0D0,0.0D0,25.40000000000002D0,                 0000619P   1634
25.40000000000002D0,1.0D0,1.0D0,16.86217250932377D0,             0000619P   1635
-52.65691312361079D0,171.1116066349604D0,11.71982541915685D0,    0000619P   1636
-45.52658501131125D0,194.9417280659394D0,0.0D0,                  0000619P   1637
25.40000000000002D0,0.0D0,0.9580330430443222D0,                  0000619P   1638
-0.2866577897689789D0;                                           0000619P   1639
126,1,1,1,0,1,0,0.0D0,0.0D0,25.4D0,25.4D0,1.0D0,1.0D0,           0000621P   1640
-10.60962473128224D0,27.51986354790344D0,30.81294216988207D0,    0000621P   1641
-9.673850260879139D0,45.78592677553738D0,13.18809436047898D0,    0000621P   1642
0.0D0,25.4D0,0.0D0,0.6943630345475407D0,0.7196248857939329D0;    0000621P   1643
126,1,1,1,0,1,0,0.0D0,0.0D0,25.4D0,25.4D0,1.0D0,1.0D0,           0000623P   1644
25.41915182343256D0,35.74549571368084D0,97.09797584632068D0,     0000623P   1645
41.72862676451772D0,26.64578835368509D0,79.88297212548011D0,     0000623P   1646
0.0D0,25.4D0,-0.7259416506271109D0,0.0D0,-0.6877562939623201D0;  0000623P   1647
126,1,1,1,0,1,0,0.0D0,0.0D0,25.39999999999998D0,                 0000625P   1648
25.39999999999998D0,1.0D0,1.0D0,-6.327767527473412D0,            0000625P   1649
-68.80956091656827D0,277.2660329968882D0,12.1059510155454D0,     0000625P   1650
-52.11778137671624D0,272.0947162912763D0,0.0D0,                  0000625P   1651
25.39999999999998D0,-0.671215165532326D0,0.7412625726147327D0,   0000625P   1652
0.0D0;                                                           0000625P   1653
126,1,1,1,0,1,0,0.0D0,0.0D0,25.40000000000001D0,                 0000627P   1654
25.40000000000001D0,1.0D0,1.0D0,4.481404307600627D0,             0000627P   1655
37.49252977627489D0,262.4568275610663D0,15.79436701705059D0,     0000627P   1656
39.9945859381853D0,285.0602916694114D0,0.0D0,                    0000627P   1657
25.40000000000001D0,0.8942493952817483D0,0.0D0,                  0000627P   1658
-0.447569010364019D0;                                            0000627P   1659
126,1,1,1,0,1,0,0.0D0,0.0D0,25.4D0,25.4D0,1.0D0,1.0D0,           0000629P   1660
52.64998230530775D0,-11.37794684471325D0,189.315720455422D0,     0000629P   1661
42.63288908505117D0,-7.587114149765203D0,212.3471648498928D0,    0000629P   1662
0.0D0,25.4D0,0.9170202315300989D0,0.0D0,0.3988406887022479D0;    0000629P   1663
126,1,1,1,0,1,0,0.0D0,0.0D0,25.39999999999998D0,                 0000631P   1664
25.39999999999998D0,1.0D0,1.0D0,29.00045196086321D0,             0000631P   1665
43.36358481169939D0,97.87145822809427D0,28.11930833224042D0,     0000631P   1666
48.36757203561514D0,122.7580750686498D0,0.0D0,                   0000631P   1667
25.39999999999998D0,0.0D0,0.9803781574078489D0,                  0000631P   1668
-0.1971260218174927D0;                                           0000631P   1669
126,1,1,1,0,1,0,0.0D0,0.0D0,25.4D0,25.4D0,1.0D0,1.0D0,           0000633P   1670
56.44855248987884D0,-21.50528191901564D0,111.3410633687822D0,    0000633P   1671
69.77611656810168D0,-19.38924269013964D0,132.8598554752811D0,    0000633P   1672
0.0D0,25.4D0,0.8501518425692152D0,0.0D0,-0.5265376003441428D0;   0000633P   1673
126,1,1,1,0,1,0,0.0D0,0.0D0,25.39999999999999D0,                 0000635P   1674
25.39999999999999D0,1.0D0,1.0D0,37.79254716003904D0,             0000635P   1675
49.12865004262309D0,4.150838597221036D0,40.89791159436D0,        0000635P   1676
57.91647035730885D0,27.7790193534039D0,0.0D0,                    0000635P   1677
25.39999999999999D0,0.0D0,0.937274489944955D0,                   0000635P   1678
-0.3485922123318658D0;                                           0000635P   1679
126,1,1,1,0,1,0,0.0D0,0.0D0,25.39999999999998D0,                 0000637P   1680
25.39999999999998D0,1.0D0,1.0D0,3.776085126449942D0,             0000637P   1681
-73.23606813847329D0,143.8950189335749D0,24.72302541881419D0,    0000637P   1682
-59.06884270306665D0,141.5127058033391D0,0.0D0,                  0000637P   1683
25.39999999999998D0,-0.5602343905153134D0,0.8283341280449186D0,  0000637P   1684
0.0D0;                                                           0000637P   1685
126,1,1,1,0,1,0,0.0D0,0.0D0,25.40000000000001D0,                 0000639P   1686
25.40000000000001D0,1.0D0,1.0D0,47.06095484550289D0,             0000639P   1687
-9.421591495620603D0,131.4259229465485D0,37.75779956245561D0,    0000639P   1688
4.484008960446118D0,150.5373221034848D0,0.0D0,                   0000639P   1689
25.40000000000001D0,0.0D0,0.8086072373955401D0,                  0000639P   1690
-0.588348821390468D0;                                            0000639P   1691
126,1,1,1,0,1,0,0.0D0,0.0D0,25.39999999999998D0,                 0000641P   1692
25.39999999999998D0,1.0D0,1.0D0,23.26483199681748D0,             0000641P   1693
-28.64730906906648D0,97.2276576591439D0,28.35231810574625D0,     0000641P   1694
-7.06326421382289D0,109.6133951332828D0,0.0D0,                   0000641P   1695
25.39999999999998D0,0.0D0,-0.4977132758787017D0,                 0000641P   1696
0.8673416253207794D0;                                            0000641P   1697
126,1,1,1,0,1,0,0.0D0,0.0D0,25.4D0,25.4D0,1.0D0,1.0D0,           0000643P   1698
-29.67010738305049D0,-41.45948483912984D0,23.61173976647141D0,   0000643P   1699
-33.45974947960342D0,-36.91964334894156D0,48.31373264202699D0,   0000643P   1700
0.0D0,25.4D0,0.0D0,0.9835277712670091D0,-0.1807570832541563D0;   0000643P   1701
126,1,1,1,0,1,0,0.0D0,0.0D0,25.4D0,25.4D0,1.0D0,1.0D0,           0000645P   1702
1.047734283640978D0,-19.7943055257781D0,228.7347474088853D0,     0000645P   1703
25.87551937222253D0,-14.65843172945463D0,227.1972533622479D0,    0000645P   1704
0.0D0,25.4D0,-0.2025712101927613D0,0.9792675348448144D0,0.0D0;   0000645P   1705
126,1,1,1,0,1,0,0.0D0,0.0D0,25.4D0,25.4D0,1.0D0,1.0D0,           0000647P   1706
42.11491630088845D0,23.57202398841278D0,216.7683813397756D0,     0000647P   1707
40.75516408301122D0,24.86903776091563D0,242.0987747275601D0,     0000647P   1708
0.0D0,25.4D0,0.9985622998342643D0,0.0D0,0.05360348262664653D0;   0000647P   1709
126,1,1,1,0,1,0,0.0D0,0.0D0,25.39999999999997D0,                 0000649P   1710
25.39999999999997D0,1.0D0,1.0D0,-17.25364258875703D0,            0000649P   1711
-66.08348896110463D0,231.1211667274574D0,-17.67530257680306D0,   0000649P   1712
-65.90604117849323D0,256.5170466125672D0,0.0D0,                  0000649P   1713
25.39999999999997D0,0.9998621907154729D0,0.0D0,                  0000649P   1714
0.01660119205524984D0;                                           0000649P   1715
126,1,1,1,0,1,0,0.0D0,0.0D0,25.40000000000002D0,                 0000651P   1716
25.40000000000002D0,1.0D0,1.0D0,18.88888788723257D0,             0000651P   1717
40.20828246169787D0,218.3135600252423D0,28.37380330568435D0,     0000651P   1718
29.26188931744954D0,239.179150278968D0,0.0D0,                    0000651P   1719
25.40000000000002D0,0.0D0,0.8855383257374931D0,                  0000651P   1720
0.4645663285797167D0;                                            0000651P   1721
126,1,1,1,0,1,0,0.0D0,0.0D0,25.39999999999999D0,                 0000653P   1722
25.39999999999999D0,1.0D0,1.0D0,-20.27623637498275D0,            0000653P   1723
-58.95928702824814D0,72.96369892327422D0,-16.74452197214705D0,   0000653P   1724
-35.0808469360409D0,65.0575562392802D0,0.0D0,                    0000653P   1725
25.39999999999999D0,0.0D0,0.3143186819635333D0,                  0000653P   1726
0.9493175265256125D0;                                            0000653P   1727
126,1,1,1,0,1,0,0.0D0,0.0D0,25.4D0,25.4D0,1.0D0,1.0D0,           0000655P   1728
-48.53345399568069D0,-5.330826026486164D0,86.75121658333398D0,   0000655P   1729
-38.13340920022794D0,17.82504170420862D0,85.85407785875216D0,    0000655P   1730
0.0D0,25.4D0,0.9122175238087953D0,-0.4097062231113289D0,0.0D0;   0000655P   1731
126,1,1,1,0,1,0,0.0D0,0.0D0,25.40000000000003D0,                 0000657P   1732
25.40000000000003D0,1.0D0,1.0D0,52.65509467655338D0,             0000657P   1733
-13.73741109529506D0,240.0586197404206D0,49.40829996497985D0,    0000657P   1734
-9.025831930229124D0,264.8057275688561D0,0.0D0,                  0000657P   1735
25.40000000000003D0,0.0D0,0.982354291438038D0,                   0000657P   1736
-0.1870295326767146D0;                                           0000657P   1737
126,1,1,1,0,1,0,0.0D0,0.0D0,25.4D0,25.4D0,1.0D0,1.0D0,           0000659P   1738
-21.23393485086424D0,-20.94002192197148D0,49.48333855736968D0,   0000659P   1739
-23.62513077442104D0,-19.71020415632751D0,74.74060939803005D0,   0000659P   1740
0.0D0,25.4D0,0.9955483609142591D0,0.0D0,0.09425211446398629D0;   0000659P   1741
126,1,1,1,0,1,0,0.0D0,0.0D0,25.39999999999999D0,                 0000661P   1742
25.39999999999999D0,1.0D0,1.0D0,-0.1370000213512839D0,           0000661P   1743
-54.82554939815049D0,221.3479111882988D0,-6.186963687975151D0,   0000661P   1744
-30.50613124397924D0,217.2098149744467D0,0.0D0,                  0000661P   1745
25.39999999999999D0,0.9704224956728729D0,0.2414128826140664D0,   0000661P   1746
0.0D0;                                                           0000661P   1747
126,1,1,1,0,1,0,0.0D0,0.0D0,25.40000000000001D0,                 0000663P   1748
25.40000000000001D0,1.0D0,1.0D0,-25.31670772682443D0,            0000663P   1749
1.029207468400205D0,155.2269538474585D0,-24.60282702714616D0,    0000663P   1750
-1.428328202659284D0,180.4977055729632D0,0.0D0,                  0000663P   1751
25.40000000000001D0,0.0D0,0.9953046691177583D0,                  0000663P   1752
0.09679160930777986D0;                                           0000663P   1753
126,1,1,1,0,1,0,0.0D0,0.0D0,25.4D0,25.4D0,1.0D0,1.0D0,           0000665P   1754
36.16287147934482D0,56.55303163717284D0,38.31086057249644D0,     0000665P   1755
34.99652005477845D0,59.83906736631726D0,63.47038349208293D0,     0000665P   1756
0.0D0,25.4D0,0.0D0,0.9915783644378601D0,-0.1295080969620764D0;   0000665P   1757
126,1,1,1,0,1,0,0.0D0,0.0D0,25.4D0,25.4D0,1.0D0,1.0D0,           0000667P   1758
-19.45655554655792D0,25.21983405021599D0,68.53764646784778D0,    0000667P   1759
5.414404775292908D0,29.53799673199903D0,71.35700875790164D0,     0000667P   1760
0.0D0,25.4D0,-0.1710634792256859D0,0.9852600093758009D0,0.0D0;   0000667P   1761
126,1,1,1,0,1,0,0.0D0,0.0D0,25.4D0,25.4D0,1.0D0,1.0D0,           0000669P   1762
-60.91481573078143D0,32.41668037901798D0,180.9826728984945D0,    0000669P   1763
-40.25589071604624D0,20.55161491343034D0,172.1742088591248D0,    0000669P   1764
0.0D0,25.4D0,0.4980352186392015D0,0.8671568030033568D0,0.0D0;    0000669P   1765
126,1,1,1,0,1,0,0.0D0,0.0D0,25.39999999999998D0,                 0000671P   1766
25.39999999999998D0,1.0D0,1.0D0,-12.64139965719124D0,            0000671P   1767
-52.69234004440685D0,176.1192915497754D0,-0.8537812213619418D0,  0000671P   1768
-57.05762553938229D0,198.1909098447408D0,0.0D0,                  0000671P   1769
25.39999999999998D0,0.8820858181237091D0,0.0D0,                  0000671P   1770
-0.4710887490325223D0;                                           0000671P   1771
126,1,1,1,0,1,0,0.0D0,0.0D0,25.40000000000001D0,                 0000673P   1772
25.40000000000001D0,1.0D0,1.0D0,-16.06378119594847D0,            0000673P   1773
49.24243150856523D0,55.35806430427348D0,-6.809939504379656D0,    0000673P   1774
72.82107510588123D0,53.46756699982368D0,0.0D0,                   0000673P   1775
25.40000000000001D0,0.9308750106990946D0,-0.3653378086866459D0,  0000673P   1776
0.0D0;                                                           0000673P   1777
126,1,1,1,0,1,0,0.0D0,0.0D0,25.39999999999998D0,                 0000675P   1778
25.39999999999998D0,1.0D0,1.0D0,18.1925527929794D0,              0000675P   1779
61.90639316152959D0,90.00633046088814D0,5.040977864960929D0,     0000675P   1780
69.35599109168095D0,110.4195508729593D0,0.0D0,                   0000675P   1781
25.39999999999998D0,0.8406387500939744D0,0.0D0,                  0000675P   1782
0.5415962443005313D0;                                            0000675P   1783
126,1,1,1,0,1,0,0.0D0,0.0D0,25.4D0,25.4D0,1.0D0,1.0D0,           0000677P   1784
-30.75962526501348D0,-67.41054123694336D0,219.4230471072627D0,   0000677P   1785
-38.52201697605545D0,-49.15675518913271D0,203.5578471449206D0,   0000677P   1786
0.0D0,25.4D0,0.0D0,0.6559984016769902D0,0.7547622784673557D0;    0000677P   1787
126,1,1,1,0,1,0,0.0D0,0.0D0,25.40000000000001D0,                 0000679P   1788
25.40000000000001D0,1.0D0,1.0D0,-8.168125127951086D0,            0000679P   1789
-15.09473893732763D0,146.7195563188885D0,-23.2348549805163D0,    0000679P   1790
0.4843961327008941D0,133.4740211458716D0,0.0D0,                  0000679P   1791
25.40000000000001D0,0.7188292803692746D0,0.6951866408985368D0,   0000679P   1792
0.0D0;                                                           0000679P   1793
126,1,1,1,0,1,0,0.0D0,0.0D0,25.40000000000001D0,                 0000681P   1794
25.40000000000001D0,1.0D0,1.0D0,-48.75050693190338D0,            0000681P   1795
21.41975640922938D0,45.72863844781274D0,-23.84360141801691D0,    0000681P   1796
18.89609124388195D0,50.02249124635438D0,0.0D0,                   0000681P   1797
25.40000000000001D0,-0.1698899618305914D0,0.0D0,                 0000681P   1798
0.9854630388143433D0;                                            0000681P   1799
126,1,1,1,0,1,0,0.0D0,0.0D0,25.4D0,25.4D0,1.0D0,1.0D0,           0000683P   1800
-21.68264996826123D0,-7.852246437599572D0,95.22427857866549D0,   0000683P   1801
1.871042876661335D0,-17.26513358312939D0,93.8896966394191D0,     0000683P   1802
0.0D0,25.4D0,0.3710987127614757D0,0.9285934230796469D0,0.0D0;    0000683P   1803
126,1,1,1,0,1,0,0.0D0,0.0D0,25.4D0,25.4D0,1.0D0,1.0D0,           0000685P   1804
27.45955289481967D0,11.75760169633469D0,197.9204144226275D0,     0000685P   1805
38.83251342609328D0,31.26309868434672D0,186.2863542541073D0,     0000685P   1806
0.0D0,25.4D0,0.0D0,0.5122523957506449D0,0.8588349568151757D0;    0000685P   1807
126,1,1,1,0,1,0,0.0D0,0.0D0,25.40000000000005D0,                 0000687P   1808
25.40000000000005D0,1.0D0,1.0D0,-43.39291768683221D0,            0000687P   1809
-24.76655101025764D0,182.5734750935188D0,-31.09094046661713D0,   0000687P   1810
-2.575180616907602D0,181.405384113133D0,0.0D0,                   0000687P   1811
25.40000000000005D0,0.8746013280432322D0,-0.4848427755314241D0,  0000687P   1812
0.0D0;                                                           0000687P   1813
126,1,1,1,0,1,0,0.0D0,0.0D0,25.39999999999995D0,                 0000689P   1814
25.39999999999995D0,1.0D0,1.0D0,-43.19123894279872D0,            0000689P   1815
-28.71362026303512D0,241.6065499162677D0,-25.58021207910517D0,   0000689P   1816
-37.28893805586412D0,257.7767588684814D0,0.0D0,                  0000689P   1817
25.39999999999995D0,-0.6763327740568003D0,0.0D0,                 0000689P   1818
0.7365962114595983D0;                                            0000689P   1819
126,1,1,1,0,1,0,0.0D0,0.0D0,25.40000000000002D0,                 0000691P   1820
25.40000000000002D0,1.0D0,1.0D0,46.09677431811829D0,             0000691P   1821
-17.46474210293292D0,71.53236289005071D0,54.73601765796889D0,    0000691P   1822
-21.14276988712228D0,95.1331168215161D0,0.0D0,                   0000691P   1823
25.40000000000002D0,0.9390609394606518D0,0.0D0,                  0000691P   1824
-0.3437507119691218D0;                                           0000691P   1825
126,1,1,1,0,1,0,0.0D0,0.0D0,25.4D0,25.4D0,1.0D0,1.0D0,           0000693P   1826
33.1944264405785D0,-22.63277230320978D0,196.7769937148906D0,     0000693P   1827
30.5726007688259D0,-18.08773100407338D0,221.6291290303134D0,     0000693P   1828
0.0D0,25.4D0,0.0D0,0.9836849795117651D0,-0.1798995861110805D0;   0000693P   1829
126,1,1,1,0,1,0,0.0D0,0.0D0,25.40000000000001D0,                 0000695P   1830
25.40000000000001D0,1.0D0,1.0D0,40.66705709413833D0,             0000695P   1831
-26.36026967556384D0,231.1210636514628D0,64.56480018481952D0,    0000695P   1832
-19.67534735374714D0,225.7016828083151D0,0.0D0,                  0000695P   1833
25.40000000000001D0,-0.2693890504092186D0,0.9630314322594149D0,  0000695P   1834
0.0D0;                                                           0000695P   1835
126,1,1,1,0,1,0,0.0D0,0.0D0,25.40000000000002D0,                 0000697P   1836
25.40000000000002D0,1.0D0,1.0D0,36.572197329614D0,               0000697P   1837
12.34161906837233D0,171.7714822095558D0,52.17018113563162D0,     0000697P   1838
-0.881133311294974D0,186.8387221921544D0,0.0D0,                  0000697P   1839
25.40000000000002D0,-0.6947643520803222D0,0.0D0,                 0000697P   1840
0.7192374399865528D0;                                            0000697P   1841
126,1,1,1,0,1,0,0.0D0,0.0D0,25.39999999999998D0,                 0000699P   1842
25.39999999999998D0,1.0D0,1.0D0,-11.34907048633351D0,            0000699P   1843
26.64831503542882D0,180.829152776328D0,-8.868042044721779D0,     0000699P   1844
25.64646877206809D0,206.0878305314383D0,0.0D0,                   0000699P   1845
25.39999999999998D0,0.9952105737884097D0,0.0D0,                  0000699P   1846
-0.09775435447970821D0;                                          0000699P   1847
126,1,1,1,0,1,0,0.0D0,0.0D0,25.39999999999998D0,                 0000701P   1848
25.39999999999998D0,1.0D0,1.0D0,-50.0304787138234D0,             0000701P   1849
-46.07263704717315D0,232.5999503931015D0,-53.87637485487342D0,   0000701P   1850
-45.3407104417542D0,257.6964315471704D0,0.0D0,                   0000701P   1851
25.39999999999998D0,0.9884609147153511D0,0.0D0,                  0000701P   1852
0.1514761369988398D0;                                            0000701P   1853
126,1,1,1,0,1,0,0.0D0,0.0D0,25.40000000000001D0,                 0000703P   1854
25.40000000000001D0,1.0D0,1.0D0,7.159461878009623D0,             0000703P   1855
-1.103796553267614D0,215.2247414308972D0,-3.519661844645285D0,   0000703P   1856
20.69847510124347D0,222.693159417267D0,0.0D0,                    0000703P   1857
25.40000000000001D0,0.8980552220321723D0,0.4398827323057201D0,   0000703P   1858
0.0D0;                                                           0000703P   1859
126,1,1,1,0,1,0,0.0D0,0.0D0,25.40000000000003D0,                 0000705P   1860
25.40000000000003D0,1.0D0,1.0D0,-23.92156811017693D0,            0000705P   1861
-16.72747598816468D0,210.9782704429036D0,-2.677078324125773D0,   0000705P   1862
-2.9188009969657D0,209.2028412785027D0,0.0D0,                    0000705P   1863
25.40000000000003D0,-0.5449815983959999D0,0.8384480051915807D0,  0000705P   1864
0.0D0;                                                           0000705P   1865
126,1,1,1,0,1,0,0.0D0,0.0D0,25.40000000000001D0,                 0000707P   1866
25.40000000000001D0,1.0D0,1.0D0,-3.784439518580854D0,            0000707P   1867
35.50905917383798D0,208.0445137319918D0,9.352087759675925D0,     0000707P   1868
54.39440594437622D0,218.8118406251504D0,0.0D0,                   0000707P   1869
25.40000000000001D0,0.8209277239116106D0,-0.5710321112803572D0,  0000707P   1870
0.0D0;                                                           0000707P   1871
126,1,1,1,0,1,0,0.0D0,0.0D0,25.40000000000002D0,                 0000709P   1872
25.40000000000002D0,1.0D0,1.0D0,56.37424263109219D0,             0000709P   1873
-27.86512590643521D0,249.7391424177382D0,63.06851666923043D0,    0000709P   1874
-26.62235064010913D0,274.2095777375218D0,0.0D0,                  0000709P   1875
25.40000000000002D0,0.9645582164006115D0,0.0D0,                  0000709P   1876
-0.2638701331603701D0;                                           0000709P   1877
126,1,1,1,0,1,0,0.0D0,0.0D0,25.40000000000002D0,                 0000711P   1878
25.40000000000002D0,1.0D0,1.0D0,19.92451981844037D0,             0000711P   1879
-12.66657201436593D0,185.3565682126513D0,21.56304288056444D0,    0000711P   1880
0.9640578252089824D0,163.9864682514583D0,0.0D0,                  0000711P   1881
25.40000000000002D0,0.0D0,-0.8430985749862896D0,                 0000711P   1882
-0.5377590472098888D0;                                           0000711P   1883
126,1,1,1,0,1,0,0.0D0,0.0D0,25.40000000000002D0,                 0000713P   1884
25.40000000000002D0,1.0D0,1.0D0,23.23526851017614D0,             0000713P   1885
-9.190007388923277D0,237.6584066759129D0,13.37891626363691D0,    0000713P   1886
14.09301638957808D0,240.0900982932613D0,0.0D0,                   0000713P   1887
25.40000000000002D0,0.9208843122155337D0,0.389835970012162D0,    0000713P   1888
0.0D0;                                                           0000713P   1889
126,1,1,1,0,1,0,0.0D0,0.0D0,25.4D0,25.4D0,1.0D0,1.0D0,           0000715P   1890
28.73561455113924D0,4.090603951879665D0,33.77530593639254D0,     0000715P   1891
19.92002377978212D0,22.93306713919988D0,48.34949340556027D0,     0000715P   1892
0.0D0,25.4D0,0.0D0,-0.6118181088578422D0,0.7909984839894535D0;   0000715P   1893
126,1,1,1,0,1,0,0.0D0,0.0D0,25.40000000000002D0,                 0000717P   1894
25.40000000000002D0,1.0D0,1.0D0,25.28255830678706D0,             0000717P   1895
23.26686342123002D0,100.2244168697189D0,10.20417164175534D0,     0000717P   1896
28.98488937174478D0,119.8485457627178D0,0.0D0,                   0000717P   1897
25.40000000000002D0,0.7929577370048242D0,0.0D0,                  0000717P   1898
0.6092766426872014D0;                                            0000717P   1899
126,1,1,1,0,1,0,0.0D0,0.0D0,25.39999999999992D0,                 0000719P   1900
25.39999999999992D0,1.0D0,1.0D0,-57.35847711507279D0,            0000719P   1901
-6.933947327433572D0,285.588449172936D0,-49.02431730999696D0,    0000719P   1902
1.923046888199607D0,263.2892242131376D0,0.0D0,                   0000719P   1903
25.39999999999992D0,0.0D0,-0.9293749929209242D0,                 0000719P   1904
-0.3691369969716283D0;                                           0000719P   1905
126,1,1,1,0,1,0,0.0D0,0.0D0,25.4D0,25.4D0,1.0D0,1.0D0,           0000721P   1906
-28.24699180388622D0,9.337685156308781D0,4.573442390110998D0,    0000721P   1907
-30.06060053793336D0,9.782166818983129D0,29.9047127769537D0,     0000721P   1908
0.0D0,25.4D0,0.9974468428581232D0,0.0D0,0.0714128536914926D0;    0000721P   1909
126,1,1,1,0,1,0,0.0D0,0.0D0,25.4D0,25.4D0,1.0D0,1.0D0,           0000723P   1910
50.61801575310792D0,18.64872771060361D0,139.067159579237D0,      0000723P   1911
66.681328855126D0,4.339981804817427D0,152.5723349868421D0,0.0D0, 0000723P   1912
25.4D0,0.6651488762136565D0,0.7467107689538902D0,0.0D0;          0000723P   1913
126,1,1,1,0,1,0,0.0D0,0.0D0,25.39999999999998D0,                 0000725P   1914
25.39999999999998D0,1.0D0,1.0D0,-11.36932058260359D0,            0000725P   1915
-13.57729538751067D0,257.2789564346282D0,8.905846899164629D0,    0000725P   1916
-27.25879841581505D0,264.1268800960562D0,0.0D0,                  0000725P   1917
25.39999999999998D0,0.5593539007277961D0,0.8289289557860787D0,   0000725P   1918
0.0D0;                                                           0000725P   1919
126,1,1,1,0,1,0,0.0D0,0.0D0,25.39999999999997D0,                 0000727P   1920
25.39999999999997D0,1.0D0,1.0D0,31.43143500099805D0,             0000727P   1921
-56.57128519127184D0,272.3295633629668D0,23.93506681898069D0,    0000727P   1922
-35.42364875198996D0,284.2351056484569D0,0.0D0,                  0000727P   1923
25.39999999999997D0,0.0D0,-0.4905741227735329D0,                 0000727P   1924
0.8713994664130674D0;                                            0000727P   1925
126,1,1,1,0,1,0,0.0D0,0.0D0,25.40000000000001D0,                 0000729P   1926
25.40000000000001D0,1.0D0,1.0D0,55.32684993916628D0,             0000729P   1927
14.85179617586202D0,51.37709650230886D0,56.90904633259709D0,     0000729P   1928
33.49558495322928D0,68.55457578762687D0,0.0D0,                   0000729P   1929
25.40000000000001D0,0.0D0,-0.6775945886733949D0,                 0000729P   1930
0.7354356351173993D0;                                            0000729P   1931
126,1,1,1,0,1,0,0.0D0,0.0D0,25.40000000000002D0,                 0000731P   1932
25.40000000000002D0,1.0D0,1.0D0,-16.2917558423178D0,             0000731P   1933
-64.34319855427621D0,93.67374594961649D0,-0.1992401657184075D0,  0000731P   1934
-47.52455670691199D0,103.838598413302D0,0.0D0,                   0000731P   1935
25.40000000000002D0,0.7225319972450462D0,-0.6913374812326353D0,  0000731P   1936
0.0D0;                                                           0000731P   1937
126,1,1,1,0,1,0,0.0D0,0.0D0,25.40000000000001D0,                 0000733P   1938
25.40000000000001D0,1.0D0,1.0D0,-68.08960502212841D0,            0000733P   1939
-0.7965353695835873D0,106.676519258576D0,-48.57915559917194D0,   0000733P   1940
15.46517459019226D0,106.4333063921709D0,0.0D0,                   0000733P   1941
25.40000000000001D0,-0.6402541535879017D0,0.7681631459614811D0,  0000733P   1942
0.0D0;                                                           0000733P   1943
126,1,1,1,0,1,0,0.0D0,0.0D0,25.39999999999999D0,                 0000735P   1944
25.39999999999999D0,1.0D0,1.0D0,-11.01949043615778D0,            0000735P   1945
-67.77009467832721D0,223.186772124356D0,8.544692801528811D0,     0000735P   1946
-54.84284331439687D0,232.9483758048986D0,0.0D0,                  0000735P   1947
25.39999999999999D0,-0.5512844577762029D0,0.8343173536577062D0,  0000735P   1948
0.0D0;                                                           0000735P   1949
126,1,1,1,0,1,0,0.0D0,0.0D0,25.39999999999999D0,                 0000737P   1950
25.39999999999999D0,1.0D0,1.0D0,65.70919464222689D0,             0000737P   1951
-35.5791120666217D0,12.37537645708954D0,65.43148228140048D0,     0000737P   1952
-31.22598246828446D0,37.3980289652615D0,0.0D0,                   0000737P   1953
25.39999999999999D0,0.0D0,0.9852026881790967D0,                  0000737P   1954
-0.1713932997660106D0;                                           0000737P   1955
126,1,1,1,0,1,0,0.0D0,0.0D0,25.40000000000002D0,                 0000739P   1956
25.40000000000002D0,1.0D0,1.0D0,25.49099512677648D0,             0000739P   1957
36.29691408932739D0,148.8332782418215D0,27.07494967457174D0,     0000739P   1958
59.68313662628121D0,158.6177395679546D0,0.0D0,                   0000739P   1959
25.40000000000002D0,0.0D0,-0.3859662207275643D0,                 0000739P   1960
0.9225129139785961D0;                                            0000739P   1961
126,1,1,1,0,1,0,0.0D0,0.0D0,25.39999999999999D0,                 0000741P   1962
25.39999999999999D0,1.0D0,1.0D0,11.89309456764495D0,             0000741P   1963
29.66694808772922D0,63.2603671242269D0,18.12116441870067D0,      0000741P   1964
22.52781782193642D0,86.82737722263377D0,0.0D0,                   0000741P   1965
25.39999999999999D0,0.0D0,0.9570513148726988D0,                  0000741P   1966
0.2899185759837378D0;                                            0000741P   1967
126,1,1,1,0,1,0,0.0D0,0.0D0,25.4D0,25.4D0,1.0D0,1.0D0,           0000743P   1968
0.5710103384638501D0,63.59114318288748D0,203.5183455660637D0,    0000743P   1969
22.84906655956527D0,66.34228529271476D0,191.6322432570231D0,     0000743P   1970
0.0D0,25.4D0,0.4707261240063301D0,0.0D0,0.8822793866899402D0;    0000743P   1971
126,1,1,1,0,1,0,0.0D0,0.0D0,25.4D0,25.4D0,1.0D0,1.0D0,           0000745P   1972
-12.39921192288537D0,40.08338474172334D0,101.8215042568046D0,    0000745P   1973
0.3501443147817227D0,27.6822260247646D0,119.9550416392862D0,     0000745P   1974
0.0D0,25.4D0,0.818045867765436D0,0.0D0,-0.575152986806028D0;     0000745P   1975
126,1,1,1,0,1,0,0.0D0,0.0D0,25.40000000000002D0,                 0000747P   1976
25.40000000000002D0,1.0D0,1.0D0,-45.56633828527781D0,            0000747P   1977
-8.467960858049693D0,150.1437424296886D0,-52.79217063518618D0,   0000747P   1978
0.879132057063714D0,172.6288308415062D0,0.0D0,                   0000747P   1979
25.40000000000002D0,0.0D0,0.9233929075805624D0,                  0000747P   1980
-0.3838561426236587D0;                                           0000747P   1981
126,1,1,1,0,1,0,0.0D0,0.0D0,25.39999999999998D0,                 0000749P   1982
25.39999999999998D0,1.0D0,1.0D0,0.3170558692176328D0,            0000749P   1983
-42.82291017284811D0,58.81034371173047D0,0.2023197505027321D0,   0000749P   1984
-42.28689045605511D0,84.20442803241961D0,0.0D0,                  0000749P   1985
25.39999999999998D0,0.0D0,0.9997772994322132D0,                  0000749P   1986
-0.02110335376263654D0;                                          0000749P   1987
126,1,1,1,0,1,0,0.0D0,0.0D0,25.39999999999999D0,                 0000751P   1988
25.39999999999999D0,1.0D0,1.0D0,35.74427520856814D0,             0000751P   1989
61.04500814879132D0,74.36064508782825D0,37.70747827526177D0,     0000751P   1990
57.35244763867993D0,99.41400475470905D0,0.0D0,                   0000751P   1991
25.39999999999999D0,0.0D0,0.9893122300181884D0,                  0000751P   1992
0.1458125904592583D0;                                            0000751P   1993
126,1,1,1,0,1,0,0.0D0,0.0D0,25.39999999999999D0,                 0000753P   1994
25.39999999999999D0,1.0D0,1.0D0,45.86549391740203D0,             0000753P   1995
16.10343984473873D0,39.92921689095471D0,58.55069060779726D0,     0000753P   1996
17.16708864092011D0,17.94935255642418D0,0.0D0,                   0000753P   1997
25.39999999999999D0,-0.8661087243303397D0,0.0D0,                 0000753P   1998
-0.499855656803913D0;                                            0000753P   1999
126,1,1,1,0,1,0,0.0D0,0.0D0,25.39999999999998D0,                 0000755P   2000
25.39999999999998D0,1.0D0,1.0D0,7.133596974904378D0,             0000755P   2001
-41.45116051020452D0,201.5389555186093D0,20.69853563923512D0,    0000755P   2002
-20.32941124657776D0,197.6628560516933D0,0.0D0,                  0000755P   2003
25.39999999999998D0,0.8414199164826179D0,-0.540381831806348D0,   0000755P   2004
0.0D0;                                                           0000755P   2005
126,1,1,1,0,1,0,0.0D0,0.0D0,25.39999999999998D0,                 0000757P   2006
25.39999999999998D0,1.0D0,1.0D0,26.60951445011209D0,             0000757P   2007
-17.94861686389464D0,128.519690537737D0,35.5323543536041D0,      0000757P   2008
-27.91480877270578D0,150.11177118999D0,0.0D0,                    0000757P   2009
25.39999999999998D0,0.0D0,0.9079495249517497D0,                  0000757P   2010
0.4190795391568192D0;                                            0000757P   2011
126,1,1,1,0,1,0,0.0D0,0.0D0,25.39999999999999D0,                 0000759P   2012
25.39999999999999D0,1.0D0,1.0D0,4.459463868840274D0,             0000759P   2013
-9.312343885770698D0,124.4936231583393D0,21.6007082904125D0,     0000759P   2014
-15.90047052873645D0,142.0416808006017D0,0.0D0,                  0000759P   2015
25.39999999999999D0,0.7153500729069906D0,0.0D0,                  0000759P   2016
-0.6987662507533999D0;                                           0000759P   2017
126,1,1,1,0,1,0,0.0D0,0.0D0,25.40000000000004D0,                 0000761P   2018
25.40000000000004D0,1.0D0,1.0D0,31.12376488315734D0,             0000761P   2019
-27.08513061843485D0,233.7422616526846D0,30.37759254720264D0,    0000761P   2020
-17.52351293693098D0,257.2620128026822D0,0.0D0,                  0000761P   2021
25.40000000000004D0,0.0D0,0.9263742715554045D0,                  0000761P   2022
-0.3766041808055159D0;                                           0000761P   2023
126,1,1,1,0,1,0,0.0D0,0.0D0,25.39999999999999D0,                 0000763P   2024
25.39999999999999D0,1.0D0,1.0D0,-35.39513998221143D0,            0000763P   2025
41.38877658202023D0,142.259054730003D0,-11.96898187831695D0,     0000763P   2026
50.91717220921639D0,144.6222714494275D0,0.0D0,                   0000763P   2027
25.39999999999999D0,-0.3767679665049785D0,0.9263076699540511D0,  0000763P   2028
0.0D0;                                                           0000763P   2029
126,1,1,1,0,1,0,0.0D0,0.0D0,25.40000000000001D0,                 0000765P   2030
25.40000000000001D0,1.0D0,1.0D0,-8.891656022457141D0,            0000765P   2031
19.79374523495815D0,274.2953473496798D0,-18.73484950780824D0,    0000765P   2032
31.86152688083459D0,294.3612434960618D0,0.0D0,                   0000765P   2033
25.40000000000001D0,0.0D0,0.8569603096960275D0,                  0000765P   2034
-0.5153824090960891D0;                                           0000765P   2035
126,1,1,1,0,1,0,0.0D0,0.0D0,25.39999999999999D0,                 0000767P   2036
25.39999999999999D0,1.0D0,1.0D0,29.92296447425585D0,             0000767P   2037
51.40015258859432D0,259.1081210603594D0,51.11870221928334D0,     0000767P   2038
39.04917168046256D0,265.6924943829301D0,0.0D0,                   0000767P   2039
25.39999999999999D0,0.5034695201222588D0,0.8640129873490688D0,   0000767P   2040
0.0D0;                                                           0000767P   2041
126,1,1,1,0,1,0,0.0D0,0.0D0,25.40000000000002D0,                 0000769P   2042
25.40000000000002D0,1.0D0,1.0D0,-36.00188804745322D0,            0000769P   2043
48.48139610144407D0,153.4204057501989D0,-34.01512035214552D0,    0000769P   2044
47.38864115709806D0,178.7189954491622D0,0.0D0,                   0000769P   2045
25.40000000000002D0,0.9969304948329683D0,0.0D0,                  0000769P   2046
-0.07829168839725585D0;                                          0000769P   2047
126,1,1,1,0,1,0,0.0D0,0.0D0,25.40000000000003D0,                 0000771P   2048
25.40000000000003D0,1.0D0,1.0D0,35.87436809105414D0,             0000771P   2049
-5.72451214074762D0,105.4622347637567D0,47.2286247067299D0,      0000771P   2050
11.24100171520817D0,120.575546654562D0,0.0D0,                    0000771P   2051
25.40000000000003D0,0.0D0,-0.6651712325336687D0,                 0000771P   2052
0.746690853974816D0;                                             0000771P   2053
126,1,1,1,0,1,0,0.0D0,0.0D0,25.4D0,25.4D0,1.0D0,1.0D0,           0000773P   2054
-40.89273577226312D0,24.76678735491818D0,101.724537714817D0,     0000773P   2055
-21.51190904876448D0,19.0053133459725D0,86.35089231894665D0,     0000773P   2056
0.0D0,25.4D0,0.6214603414463969D0,0.0D0,0.7834456228796787D0;    0000773P   2057
126,1,1,1,0,1,0,0.0D0,0.0D0,25.39999999999999D0,                 0000775P   2058
25.39999999999999D0,1.0D0,1.0D0,-40.81143040475105D0,            0000775P   2059
-42.30523600762714D0,76.26192209069272D0,-45.22413899672341D0,   0000775P   2060
-39.09242184843757D0,101.0684903350276D0,0.0D0,                  0000775P   2061
25.39999999999999D0,0.9845443636941359D0,0.0D0,                  0000775P   2062
0.1751353645558465D0;                                            0000775P   2063
126,1,1,1,0,1,0,0.0D0,0.0D0,25.4D0,25.4D0,1.0D0,1.0D0,           0000777P   2064
-38.93343814707885D0,42.16968250685143D0,246.2839508732283D0,    0000777P   2065
-17.93807811364542D0,55.27144205878773D0,252.0022332822872D0,    0000777P   2066
0.0D0,25.4D0,-0.5294077784207405D0,0.8483674935708085D0,0.0D0;   0000777P   2067
126,1,1,1,0,1,0,0.0D0,0.0D0,25.4D0,25.4D0,1.0D0,1.0D0,           0000779P   2068
-6.110231274779494D0,-15.14655462642912D0,172.9708013592369D0,   0000779P   2069
4.603261405872274D0,-27.40339865384375D0,192.4682588619281D0,    0000779P   2070
0.0D0,25.4D0,0.0D0,0.8466111286918777D0,0.5322119848096853D0;    0000779P   2071
126,1,1,1,0,1,0,0.0D0,0.0D0,25.39999999999999D0,                 0000781P   2072
25.39999999999999D0,1.0D0,1.0D0,-27.10434595085907D0,            0000781P   2073
-17.35580553469788D0,112.2102754621567D0,-33.35405615682412D0,   0000781P   2074
2.955637555211496D0,126.1223709889574D0,0.0D0,                   0000781P   2075
25.39999999999999D0,0.0D0,-0.565093103295667D0,                  0000781P   2076
0.8250271417399992D0;                                            0000781P   2077
126,1,1,1,0,1,0,0.0D0,0.0D0,25.4D0,25.4D0,1.0D0,1.0D0,           0000783P   2078
46.42675301410397D0,43.23348627749979D0,21.3487322574668D0,      0000783P   2079
44.97210160543948D0,44.28756242178283D0,46.68512728046334D0,     0000783P   2080
0.0D0,25.4D0,0.9983559078099834D0,0.0D0,0.05731911845888754D0;   0000783P   2081
126,1,1,1,0,1,0,0.0D0,0.0D0,25.4D0,25.4D0,1.0D0,1.0D0,           0000785P   2082
-59.42480353240418D0,-3.375913012069375D0,224.8081323233894D0,   0000785P   2083
-35.92880343734427D0,5.129926345424465D0,220.2530608247789D0,    0000785P   2084
0.0D0,25.4D0,-0.3403939175459437D0,0.9402829259843685D0,0.0D0;   0000785P   2085
126,1,1,1,0,1,0,0.0D0,0.0D0,25.40000000000001D0,                 0000787P   2086
25.40000000000001D0,1.0D0,1.0D0,-6.744253369954038D0,            0000787P   2087
4.792818512230482D0,194.9128881044277D0,5.011520571174287D0,     0000787P   2088
13.1386560318455D0,174.0009590891198D0,0.0D0,                    0000787P   2089
25.40000000000001D0,-0.8717035051759079D0,0.0D0,                 0000787P   2090
-0.4900336713574243D0;                                           0000787P   2091
126,1,1,1,0,1,0,0.0D0,0.0D0,25.40000000000002D0,                 0000789P   2092
25.40000000000002D0,1.0D0,1.0D0,-15.31268826813628D0,            0000789P   2093
37.2904005548296D0,202.2191053854147D0,-28.23994836341986D0,     0000789P   2094
53.05935089545466D0,187.0736060016443D0,0.0D0,                   0000789P   2095
25.40000000000002D0,0.0D0,0.6927057261191383D0,                  0000789P   2096
0.7212203387327325D0;                                            0000789P   2097
126,1,1,1,0,1,0,0.0D0,0.0D0,25.39999999999998D0,                 0000791P   2098
25.39999999999998D0,1.0D0,1.0D0,9.066058074422777D0,             0000791P   2099
-27.83613890098543D0,104.7482493488665D0,0.02891784182456547D0,  0000791P   2100
-8.915609388346226D0,119.0836481705841D0,0.0D0,                  0000791P   2101
25.39999999999998D0,0.0D0,-0.6039022338622213D0,                 0000791P   2102
0.7970583993260587D0;                                            0000791P   2103
126,1,1,1,0,1,0,0.0D0,0.0D0,25.4D0,25.4D0,1.0D0,1.0D0,           0000793P   2104
-1.495297913499037D0,-42.21790038399757D0,34.34111360952255D0,   0000793P   2105
23.44910013027559D0,-38.01404694221181D0,32.04663709543078D0,    0000793P   2106
0.0D0,25.4D0,-0.1661854817625912D0,0.9860945115207445D0,0.0D0;   0000793P   2107
126,1,1,1,0,1,0,0.0D0,0.0D0,25.40000000000001D0,                 0000795P   2108
25.40000000000001D0,1.0D0,1.0D0,22.34672318252982D0,             0000795P   2109
-0.504626993053563D0,166.3559268485947D0,28.26562155026341D0,    0000795P   2110
23.81862461997008D0,162.0540582915623D0,0.0D0,                   0000795P   2111
25.40000000000001D0,0.9716452896893396D0,-0.2364432934648799D0,  0000795P   2112
0.0D0;                                                           0000795P   2113
126,1,1,1,0,1,0,0.0D0,0.0D0,25.40000000000002D0,                 0000797P   2114
25.40000000000002D0,1.0D0,1.0D0,5.885828714457801D0,             0000797P   2115
48.68617619924957D0,235.0380014176096D0,14.58965109253697D0,     0000797P   2116
49.8998564095473D0,258.8692929553752D0,0.0D0,                    0000797P   2117
25.40000000000002D0,0.9393127494964018D0,0.0D0,                  0000797P   2118
-0.343062033214855D0;                                            0000797P   2119
126,1,1,1,0,1,0,0.0D0,0.0D0,25.39999999999999D0,                 0000799P   2120
25.39999999999999D0,1.0D0,1.0D0,-61.71589270009692D0,            0000799P   2121
-9.022259760363966D0,140.3501444062831D0,-44.35929342214695D0,   0000799P   2122
-11.55720230526731D0,121.9794468746512D0,0.0D0,                  0000799P   2123
25.39999999999999D0,-0.7268848328082294D0,0.0D0,                 0000799P   2124
-0.6867593754972352D0;                                           0000799P   2125
126,1,1,1,0,1,0,0.0D0,0.0D0,25.4D0,25.4D0,1.0D0,1.0D0,           0000801P   2126
-39.07141449947914D0,-50.40352578057819D0,26.11989118632408D0,   0000801P   2127
-51.38024007835896D0,-38.86658834476584D0,7.13168728308812D0,    0000801P   2128
0.0D0,25.4D0,-0.839119576461555D0,0.0D0,0.5439469977846928D0;    0000801P   2129
126,1,1,1,0,1,0,0.0D0,0.0D0,25.40000000000003D0,                 0000803P   2130
25.40000000000003D0,1.0D0,1.0D0,-30.98078136056375D0,            0000803P   2131
-49.33120685971966D0,216.9745021896666D0,-15.41460273895484D0,   0000803P   2132
-39.56722462156091D0,234.5107142656278D0,0.0D0,                  0000803P   2133
25.40000000000003D0,0.7478658208860419D0,0.0D0,                  0000803P   2134
-0.6638499182424042D0;                                           0000803P   2135
126,1,1,1,0,1,0,0.0D0,0.0D0,25.39999999999997D0,                 0000805P   2136
25.39999999999997D0,1.0D0,1.0D0,-3.264920368055297D0,            0000805P   2137
-3.647002339862638D0,161.5839976081443D0,-1.202544407940739D0,   0000805P   2138
19.58785339026406D0,151.5317299734591D0,0.0D0,                   0000805P   2139
25.39999999999997D0,0.0D0,0.3970696280707456D0,                  0000805P   2140
0.9177884889579733D0;                                            0000805P   2141
126,1,1,1,0,1,0,0.0D0,0.0D0,25.39999999999999D0,                 0000807P   2142
25.39999999999999D0,1.0D0,1.0D0,1.06753895362781D0,              0000807P   2143
-8.625580222748535D0,30.69080206850371D0,11.04195253718213D0,    0000807P   2144
-12.13082409831311D0,53.78591711556558D0,0.0D0,                  0000807P   2145
25.39999999999999D0,0.9180403185213581D0,0.0D0,                  0000807P   2146
-0.3964870408590973D0;                                           0000807P   2147
126,1,1,1,0,1,0,0.0D0,0.0D0,25.40000000000002D0,                 0000809P   2148
25.40000000000002D0,1.0D0,1.0D0,-25.70189998723802D0,            0000809P   2149
-20.61423567473915D0,151.6611651833883D0,-16.67834196577552D0,   0000809P   2150
-22.65448075055524D0,175.316456360288D0,0.0D0,                   0000809P   2151
25.40000000000002D0,0.9343297215917449D0,0.0D0,                  0000809P   2152
-0.3564098362142835D0;                                           0000809P   2153
126,1,1,1,0,1,0,0.0D0,0.0D0,25.39999999999998D0,                 0000811P   2154
25.39999999999998D0,1.0D0,1.0D0,0.7417172118622375D0,            0000811P   2155
14.90177869714648D0,291.1451815205047D0,18.94644260675361D0,     0000811P   2156
32.54763754979362D0,292.6851940688467D0,0.0D0,                   0000811P   2157
25.39999999999998D0,-0.6959992934373821D0,0.7180424663866787D0,  0000811P   2158
0.0D0;                                                           0000811P   2159
126,1,1,1,0,1,0,0.0D0,0.0D0,25.40000000000001D0,                 0000813P   2160
25.40000000000001D0,1.0D0,1.0D0,-62.70848683953391D0,            0000813P   2161
-16.58206378310892D0,233.3867457501119D0,-57.97528111932868D0,   0000813P   2162
-23.5743912243457D0,257.3422069346673D0,0.0D0,                   0000813P   2163
25.40000000000001D0,0.0D0,0.9599426986492234D0,                  0000813P   2164
0.2801963870396015D0;                                            0000813P   2165
126,1,1,1,0,1,0,0.0D0,0.0D0,25.4D0,25.4D0,1.0D0,1.0D0,           0000815P   2166
19.12284324541551D0,-45.01928648615579D0,60.84819032957056D0,    0000815P   2167
23.26839953642071D0,-21.25692085485404D0,52.89053095997972D0,    0000815P   2168
0.0D0,25.4D0,0.0D0,0.317551660498244D0,0.9482409730204699D0;     0000815P   2169
126,1,1,1,0,1,0,0.0D0,0.0D0,25.39999999999999D0,                 0000817P   2170
25.39999999999999D0,1.0D0,1.0D0,25.21554074232411D0,             0000817P   2171
-9.730194239897145D0,285.4975603012616D0,31.93429298118271D0,    0000817P   2172
13.31862382387339D0,293.7903495917258D0,0.0D0,                   0000817P   2173
25.39999999999999D0,0.0D0,-0.3385465230222421D0,                 0000817P   2174
0.9409496542055533D0;                                            0000817P   2175
126,1,1,1,0,1,0,0.0D0,0.0D0,25.40000000000001D0,                 0000819P   2176
25.40000000000001D0,1.0D0,1.0D0,32.06233442397217D0,             0000819P   2177
-18.49316958779815D0,27.83524884579113D0,35.6751617628847D0,     0000819P   2178
4.584161017825096D0,37.81243736450578D0,0.0D0,                   0000819P   2179
25.40000000000001D0,0.0D0,-0.3968375082045383D0,                 0000819P   2180
0.9178888778506976D0;                                            0000819P   2181
126,1,1,1,0,1,0,0.0D0,0.0D0,25.40000000000002D0,                 0000821P   2182
25.40000000000002D0,1.0D0,1.0D0,-4.343360491694455D0,            0000821P   2183
16.82959184865534D0,234.9033370009675D0,18.92137499426542D0,     0000821P   2184
26.30008850043095D0,238.6745139972152D0,0.0D0,                   0000821P   2185
25.40000000000002D0,-0.3770329753902941D0,0.9261998356015517D0,  0000821P   2186
0.0D0;                                                           0000821P   2187
126,1,1,1,0,1,0,0.0D0,0.0D0,25.40000000000002D0,                 0000823P   2188
25.40000000000002D0,1.0D0,1.0D0,2.510748451024611D0,             0000823P   2189
-57.91184401736106D0,151.1246234558511D0,0.8687782616181465D0,   0000823P   2190
-34.84947164075069D0,140.6084019737949D0,0.0D0,                  0000823P   2191
25.40000000000002D0,0.0D0,0.4148922742746072D0,                  0000823P   2192
0.9098705406524844D0;                                            0000823P   2193
126,1,1,1,0,1,0,0.0D0,0.0D0,25.4D0,25.4D0,1.0D0,1.0D0,           0000825P   2194
-18.78919733092799D0,33.75303526066301D0,53.61222644234591D0,    0000825P   2195
-0.8359145104941064D0,40.78615141655223D0,37.07817330624877D0,   0000825P   2196
0.0D0,25.4D0,0.6774344066955048D0,0.0D0,0.7355831867471614D0;    0000825P   2197
126,1,1,1,0,1,0,0.0D0,0.0D0,25.4D0,25.4D0,1.0D0,1.0D0,           0000827P   2198
14.0026019050113D0,11.49114360277636D0,212.2802127938571D0,      0000827P   2199
26.19919850013051D0,33.45828592365959D0,208.5589643810274D0,     0000827P   2200
0.0D0,25.4D0,0.8742817940663687D0,-0.4854187311632006D0,0.0D0;   0000827P   2201
126,1,1,1,0,1,0,0.0D0,0.0D0,25.39999999999999D0,                 0000829P   2202
25.39999999999999D0,1.0D0,1.0D0,69.54033836232237D0,             0000829P   2203
-26.74317902056409D0,98.01469745306781D0,60.57052732009276D0,    0000829P   2204
-4.08389993879436D0,105.1742757479933D0,0.0D0,                   0000829P   2205
25.39999999999999D0,0.9297994081347002D0,0.3680666524318132D0,   0000829P   2206
0.0D0;                                                           0000829P   2207
126,1,1,1,0,1,0,0.0D0,0.0D0,25.39999999999998D0,                 0000831P   2208
25.39999999999998D0,1.0D0,1.0D0,-34.71090023279371D0,            0000831P   2209
25.49416584580894D0,251.960120735116D0,-30.85759368645241D0,     0000831P   2210
25.91865706636478D0,277.0625476270241D0,0.0D0,                   0000831P   2211
25.39999999999998D0,0.9884225658542345D0,0.0D0,                  0000831P   2212
-0.1517261721329953D0;                                           0000831P   2213
126,1,1,1,0,1,0,0.0D0,0.0D0,25.39999999999999D0,                 0000833P   2214
25.39999999999999D0,1.0D0,1.0D0,-17.11024523409522D0,            0000833P   2215
53.58631871051042D0,112.2395222652283D0,-22.31907883469943D0,    0000833P   2216
62.64747142740347D0,135.3895452449654D0,0.0D0,                   0000833P   2217
25.39999999999999D0,0.0D0,0.9312093593088125D0,                  0000833P   2218
-0.364484744722836D0;                                            0000833P   2219
126,1,1,1,0,1,0,0.0D0,0.0D0,25.39999999999999D0,                 0000835P   2220
25.39999999999999D0,1.0D0,1.0D0,-37.23984709397532D0,            0000835P   2221
-29.53424428128358D0,289.957974463698D0,-37.01373335715443D0,    0000835P   2222
-29.28793977886819D0,264.5601752151388D0,0.0D0,                  0000835P   2223
25.39999999999999D0,0.0D0,-0.9999529789956326D0,                 0000835P   2224
-0.009697411910375674D0;                                         0000835P   2225
126,1,1,1,0,1,0,0.0D0,0.0D0,25.39999999999999D0,                 0000837P   2226
25.39999999999999D0,1.0D0,1.0D0,39.13294553100565D0,             0000837P   2227
35.27931126762928D0,174.7603283707326D0,22.07082695574246D0,     0000837P   2228
47.74365377290496D0,188.8558693548466D0,0.0D0,                   0000837P   2229
25.39999999999999D0,-0.6369015190638084D0,0.0D0,                 0000837P   2230
-0.7709451699143158D0;                                           0000837P   2231
126,1,1,1,0,1,0,0.0D0,0.0D0,25.39999999999998D0,                 0000839P   2232
25.39999999999998D0,1.0D0,1.0D0,-54.39214282689552D0,            0000839P   2233
28.53999924264098D0,140.5582392242014D0,-46.82462594973771D0,    0000839P   2234
30.56352423578483D0,164.7201521227294D0,0.0D0,                   0000839P   2235
25.39999999999998D0,0.9542895404559562D0,0.0D0,                  0000839P   2236
-0.2988837114604276D0;                                           0000839P   2237
126,1,1,1,0,1,0,0.0D0,0.0D0,25.4D0,25.4D0,1.0D0,1.0D0,           0000841P   2238
-47.24362901341372D0,-44.43383557121125D0,55.80711453586923D0,   0000841P   2239
-27.72207038778875D0,-33.33454608017182D0,67.67617185397117D0,   0000841P   2240
0.0D0,25.4D0,-0.5195115582485701D0,0.0D0,0.8544634227666754D0;   0000841P   2241
126,1,1,1,0,1,0,0.0D0,0.0D0,25.4D0,25.4D0,1.0D0,1.0D0,           0000843P   2242
0.03765560153190961D0,-40.57820047579012D0,15.37347505432828D0,  0000843P   2243
-19.81858185414519D0,-25.53049201568755D0,20.31880661080888D0,   0000843P   2244
0.0D0,25.4D0,-0.6039878506871333D0,-0.7969935233252131D0,0.0D0;  0000843P   2245
126,1,1,1,0,1,0,0.0D0,0.0D0,25.39999999999999D0,                 0000845P   2246
25.39999999999999D0,1.0D0,1.0D0,-24.37351710191414D0,            0000845P   2247
36.48609876418264D0,89.62197973071416D0,-2.061163660057701D0,    0000845P   2248
48.61028732718023D0,89.05370552352608D0,0.0D0,                   0000845P   2249
25.39999999999999D0,-0.47744976735576D0,0.878659046304043D0,     0000845P   2250
0.0D0;                                                           0000845P   2251
126,1,1,1,0,1,0,0.0D0,0.0D0,25.40000000000002D0,                 0000847P   2252
25.40000000000002D0,1.0D0,1.0D0,-14.35481316624926D0,            0000847P   2253
-52.26660894094869D0,111.3289324166341D0,-34.22788626233456D0,   0000847P   2254
-36.45746288896824D0,110.7886854131235D0,0.0D0,                  0000847P   2255
25.40000000000002D0,-0.6225481594875708D0,-0.7825814904012478D0, 0000847P   2256
0.0D0;                                                           0000847P   2257
126,1,1,1,0,1,0,0.0D0,0.0D0,25.40000000000001D0,                 0000849P   2258
25.40000000000001D0,1.0D0,1.0D0,33.27495127151471D0,             0000849P   2259
-35.31854356606948D0,181.3233441914042D0,12.5618018918959D0,     0000849P   2260
-21.74339793983479D0,175.6805732405221D0,0.0D0,                  0000849P   2261
25.40000000000001D0,-0.5481522985282535D0,-0.8363785372773456D0, 0000849P   2262
0.0D0;                                                           0000849P   2263
126,1,1,1,0,1,0,0.0D0,0.0D0,25.4D0,25.4D0,1.0D0,1.0D0,           0000851P   2264
-57.08219174532766D0,-37.75354092646181D0,67.42460865283446D0,   0000851P   2265
-56.56913234785178D0,-15.99756838291682D0,80.52325090076148D0,   0000851P   2266
0.0D0,25.4D0,0.0D0,-0.5157998124520621D0,0.8567091417012062D0;   0000851P   2267
126,1,1,1,0,1,0,0.0D0,0.0D0,25.4D0,25.4D0,1.0D0,1.0D0,           0000853P   2268
-3.05161001652678D0,-74.5206206850812D0,42.34737728317144D0,     0000853P   2269
-11.88888910895972D0,-60.58488684943088D0,61.65690396572786D0,   0000853P   2270
0.0D0,25.4D0,0.0D0,0.810879208577126D0,-0.5852135585385334D0;    0000853P   2271
126,1,1,1,0,1,0,0.0D0,0.0D0,25.40000000000001D0,                 0000855P   2272
25.40000000000001D0,1.0D0,1.0D0,-40.69865972672133D0,            0000855P   2273
-2.228498156155041D0,244.4812173554519D0,-22.48932535505753D0,   0000855P   2274
-15.91730081392666D0,255.7149533118258D0,0.0D0,                  0000855P   2275
25.40000000000001D0,0.600893063959384D0,0.7993294225070813D0,    0000855P   2276
0.0D0;                                                           0000855P   2277
126,1,1,1,0,1,0,0.0D0,0.0D0,25.39999999999999D0,                 0000857P   2278
25.39999999999999D0,1.0D0,1.0D0,5.33175637263713D0,              0000857P   2279
59.19077002647576D0,279.1597304224846D0,-11.33383725833153D0,    0000857P   2280
72.6818423427117D0,265.5432346660314D0,0.0D0,                    0000857P   2281
25.39999999999999D0,0.6327090800929203D0,0.0D0,                  0000857P   2282
-0.7743895789381278D0;                                           0000857P   2283
126,1,1,1,0,1,0,0.0D0,0.0D0,25.39999999999998D0,                 0000859P   2284
25.39999999999998D0,1.0D0,1.0D0,-61.09814172105985D0,            0000859P   2285
23.89784569271129D0,197.8001267114618D0,-37.31354730168781D0,    0000859P   2286
32.80521512924615D0,198.1345486411558D0,0.0D0,                   0000859P   2287
25.39999999999998D0,-0.3507142354331479D0,0.9364825279013711D0,  0000859P   2288
0.0D0;                                                           0000859P   2289
126,1,1,1,0,1,0,0.0D0,0.0D0,25.4D0,25.4D0,1.0D0,1.0D0,           0000861P   2290
-44.09116544736218D0,22.71603639209876D0,121.0382304763173D0,    0000861P   2291
-38.53829075263655D0,47.50062209591812D0,120.8148605707597D0,    0000861P   2292
0.0D0,25.4D0,0.9758088240225501D0,-0.2186255679460394D0,0.0D0;   0000861P   2293
126,1,1,1,0,1,0,0.0D0,0.0D0,25.4D0,25.4D0,1.0D0,1.0D0,           0000863P   2294
14.98334622646293D0,41.91926646732402D0,81.31525345054862D0,     0000863P   2295
12.82740722604056D0,44.7733203703349D0,106.4621479575283D0,      0000863P   2296
0.0D0,25.4D0,0.0D0,0.9936209717188852D0,-0.1127712931575164D0;   0000863P   2297
126,1,1,1,0,1,0,0.0D0,0.0D0,25.4D0,25.4D0,1.0D0,1.0D0,           0000865P   2298
8.347110423860414D0,67.9607900189541D0,215.4867295882883D0,      0000865P   2299
18.06731267512022D0,54.75090118211051D0,234.8819997620405D0,     0000865P   2300
0.0D0,25.4D0,0.0D0,0.8265080755236813D0,0.5629248627429247D0;    0000865P   2301
126,1,1,1,0,1,0,0.0D0,0.0D0,25.40000000000001D0,                 0000867P   2302
25.40000000000001D0,1.0D0,1.0D0,-19.08872146395972D0,            0000867P   2303
5.053446450951558D0,56.58806121227958D0,-13.10573214530681D0,    0000867P   2304
-2.797122144701774D0,79.9917449295457D0,0.0D0,                   0000867P   2305
25.40000000000001D0,0.0D0,0.9480819558867858D0,                  0000867P   2306
0.3180261072960626D0;                                            0000867P   2307
126,1,1,1,0,1,0,0.0D0,0.0D0,25.39999999999998D0,                 0000869P   2308
25.39999999999998D0,1.0D0,1.0D0,39.30421448723478D0,             0000869P   2309
56.28115191342835D0,126.6164065017701D0,40.04781391496333D0,     0000869P   2310
59.88493451917302D0,151.748453987433D0,0.0D0,                    0000869P   2311
25.39999999999998D0,0.0D0,0.9898749699079479D0,                  0000869P   2312
-0.1419420443340851D0;                                           0000869P   2313
126,1,1,1,0,1,0,0.0D0,0.0D0,25.4D0,25.4D0,1.0D0,1.0D0,           0000871P   2314
62.16434649636277D0,0.9672782184899518D0,229.973421123223D0,     0000871P   2315
62.6899536164986D0,26.23083047565277D0,227.3972486707529D0,      0000871P   2316
0.0D0,25.4D0,0.0D0,0.1014458346000909D0,0.9948410640108756D0;    0000871P   2317
126,1,1,1,0,1,0,0.0D0,0.0D0,25.40000000000001D0,                 0000873P   2318
25.40000000000001D0,1.0D0,1.0D0,-50.04447896263784D0,            0000873P   2319
29.10223091621552D0,229.7739882493323D0,-29.88389119737951D0,    0000873P   2320
44.54176067875284D0,230.3498542676394D0,0.0D0,                   0000873P   2321
25.40000000000001D0,-0.6080117860206977D0,0.7939279992920777D0,  0000873P   2322
0.0D0;                                                           0000873P   2323
126,1,1,1,0,1,0,0.0D0,0.0D0,25.39999999999998D0,                 0000875P   2324
25.39999999999998D0,1.0D0,1.0D0,-30.61030967874942D0,            0000875P   2325
21.68385552271347D0,156.6717277419837D0,-29.65201205337971D0,    0000875P   2326
17.95227147127243D0,181.7778414621165D0,0.0D0,                   0000875P   2327
25.39999999999998D0,0.0D0,0.9891339017327213D0,                  0000875P   2328
0.1470174290450056D0;                                            0000875P   2329
126,1,1,1,0,1,0,0.0D0,0.0D0,25.4D0,25.4D0,1.0D0,1.0D0,           0000877P   2330
34.54465796106682D0,-24.64346138538306D0,169.5314194595384D0,    0000877P   2331
52.93804870002839D0,-17.36298037542817D0,153.5991323234248D0,    0000877P   2332
0.0D0,25.4D0,0.6547274847064212D0,0.0D0,0.7558650149133791D0;    0000877P   2333
126,1,1,1,0,1,0,0.0D0,0.0D0,25.4D0,25.4D0,1.0D0,1.0D0,           0000879P   2334
1.07836469280258D0,5.063054039553691D0,132.9235498634464D0,      0000879P   2335
22.82450004924495D0,15.97654894560469D0,125.6323753356432D0,     0000879P   2336
0.0D0,25.4D0,-0.4485423420810155D0,0.8937615830636699D0,0.0D0;   0000879P   2337
126,1,1,1,0,1,0,0.0D0,0.0D0,25.4D0,25.4D0,1.0D0,1.0D0,           0000881P   2338
-31.17516415927729D0,34.52035495386461D0,14.48807033978385D0,    0000881P   2339
-31.23659242719789D0,34.52465233042135D0,39.88799569598233D0,    0000881P   2340
0.0D0,25.4D0,0.9999970755799141D0,0.0D0,0.002418435779518773D0;  0000881P   2341
126,1,1,1,0,1,0,0.0D0,0.0D0,25.40000000000001D0,                 0000883P   2342
25.40000000000001D0,1.0D0,1.0D0,-45.94479689059784D0,            0000883P   2343
-13.26196792497239D0,49.05952981070092D0,-54.43407884665706D0,   0000883P   2344
4.013796942276201D0,65.63179700991259D0,0.0D0,                   0000883P   2345
25.40000000000001D0,0.0D0,-0.6922607668223011D0,                 0000883P   2346
0.7216474421201808D0;                                            0000883P   2347
126,1,1,1,0,1,0,0.0D0,0.0D0,25.40000000000001D0,                 0000885P   2348
25.40000000000001D0,1.0D0,1.0D0,-8.184010818216437D0,            0000885P   2349
17.33307834841062D0,41.85872214697007D0,6.929544385485574D0,     0000885P   2350
8.727023821950645D0,23.34720479716187D0,0.0D0,                   0000885P   2351
25.40000000000001D0,-0.7746178947857857D0,0.0D0,                 0000885P   2352
-0.6324295352666869D0;                                           0000885P   2353
126,1,1,1,0,1,0,0.0D0,0.0D0,25.40000000000001D0,                 0000887P   2354
25.40000000000001D0,1.0D0,1.0D0,0.5667369781188398D0,            0000887P   2355
34.90791009745383D0,137.4265071228327D0,15.21641401227375D0,     0000887P   2356
29.69186799342911D0,157.5098302433722D0,0.0D0,                   0000887P   2357
25.40000000000001D0,0.807900518137843D0,0.0D0,                   0000887P   2358
-0.5893188888815669D0;                                           0000887P   2359
126,1,1,1,0,1,0,0.0D0,0.0D0,25.4D0,25.4D0,1.0D0,1.0D0,           0000889P   2360
22.67166207321949D0,-43.12512660915888D0,241.4902366240407D0,    0000889P   2361
16.47360334821258D0,-38.90369749671335D0,265.7579848568282D0,    0000889P   2362
0.0D0,25.4D0,0.9688982051877633D0,0.0D0,0.2474596289982095D0;    0000889P   2363
126,1,1,1,0,1,0,0.0D0,0.0D0,25.39999999999999D0,                 0000891P   2364
25.39999999999999D0,1.0D0,1.0D0,-28.12372631734617D0,            0000891P   2365
-24.45385263727902D0,70.16507703622648D0,-16.91581062400311D0,   0000891P   2366
-34.52531427136658D0,90.61277339459448D0,0.0D0,                  0000891P   2367
25.39999999999999D0,0.8769088893802384D0,0.0D0,                  0000891P   2368
-0.4806566339143952D0;                                           0000891P   2369
126,1,1,1,0,1,0,0.0D0,0.0D0,25.4D0,25.4D0,1.0D0,1.0D0,           0000893P   2370
-2.713215641565085D0,-74.44382765744083D0,162.131689068727D0,    0000893P   2371
20.07817215804189D0,-67.23573478068938D0,170.7198226988035D0,    0000893P   2372
0.0D0,25.4D0,-0.3526119112165825D0,0.0D0,0.9357696511792787D0;   0000893P   2373
126,1,1,1,0,1,0,0.0D0,0.0D0,25.40000000000005D0,                 0000895P   2374
25.40000000000005D0,1.0D0,1.0D0,57.14408049331617D0,             0000895P   2375
18.50708916311692D0,182.2645305189797D0,53.18426951809605D0,     0000895P   2376
42.62074607482936D0,189.1935598438384D0,0.0D0,                   0000895P   2377
25.40000000000005D0,0.0D0,-0.2761731584621751D0,                 0000895P   2378
0.9611078953712878D0;                                            0000895P   2379
126,1,1,1,0,1,0,0.0D0,0.0D0,25.4D0,25.4D0,1.0D0,1.0D0,           0000897P   2380
37.4124837241956D0,26.57571266941048D0,57.01422294107958D0,      0000897P   2381
19.60981263697431D0,44.59700581136499D0,58.87376472656295D0,     0000897P   2382
0.0D0,25.4D0,0.7114087776743376D0,0.7027784508989336D0,0.0D0;    0000897P   2383
126,1,1,1,0,1,0,0.0D0,0.0D0,25.39999999999999D0,                 0000899P   2384
25.39999999999999D0,1.0D0,1.0D0,22.93898190621425D0,             0000899P   2385
-26.82460535061383D0,71.59072046997888D0,21.31196281355245D0,    0000899P   2386
-25.29001056571403D0,96.89206090321031D0,0.0D0,                  0000899P   2387
25.39999999999999D0,0.9979387823030149D0,0.0D0,                  0000899P   2388
0.06417310009323102D0;                                           0000899P   2389
126,1,1,1,0,1,0,0.0D0,0.0D0,25.40000000000001D0,                 0000901P   2390
25.40000000000001D0,1.0D0,1.0D0,-3.220084150120258D0,            0000901P   2391
-40.11241548603527D0,209.5454591553749D0,-14.8439492147867D0,    0000901P   2392
-21.03619765169265D0,197.4564693673432D0,0.0D0,                  0000901P   2393
25.40000000000001D0,0.0D0,0.5352854510321121D0,                  0000901P   2394
0.8446712294812392D0;                                            0000901P   2395
126,1,1,1,0,1,0,0.0D0,0.0D0,25.40000000000002D0,                 0000903P   2396
25.40000000000002D0,1.0D0,1.0D0,62.3639690903623D0,              0000903P   2397
-39.62208226251602D0,206.1342148545741D0,46.82599008700782D0,    0000903P   2398
-19.54164912491095D0,206.8465444815645D0,0.0D0,                  0000903P   2399
25.40000000000002D0,0.7908793052585178D0,0.6119721599172665D0,   0000903P   2400
0.0D0;                                                           0000903P   2401
126,1,1,1,0,1,0,0.0D0,0.0D0,25.40000000000001D0,                 0000905P   2402
25.40000000000001D0,1.0D0,1.0D0,38.96729924263098D0,             0000905P   2403
-36.26525392525393D0,25.08272323323572D0,33.25261706111354D0,    0000905P   2404
-28.06118834730044D0,48.43214968351253D0,0.0D0,                  0000905P   2405
25.40000000000001D0,0.0D0,0.9434574474729153D0,                  0000905P   2406
-0.3314936572664569D0;                                           0000905P   2407
126,1,1,1,0,1,0,0.0D0,0.0D0,25.40000000000001D0,                 0000907P   2408
25.40000000000001D0,1.0D0,1.0D0,-15.84938117579853D0,            0000907P   2409
30.19507800334654D0,204.7226956735802D0,-11.37285692211048D0,    0000907P   2410
20.90746948441088D0,227.936076698436D0,0.0D0,                    0000907P   2411
25.40000000000001D0,0.0D0,0.9284455718870147D0,                  0000907P   2412
0.3714684643995964D0;                                            0000907P   2413
126,1,1,1,0,1,0,0.0D0,0.0D0,25.39999999999999D0,                 0000909P   2414
25.39999999999999D0,1.0D0,1.0D0,-58.73603972534724D0,            0000909P   2415
25.83359659163208D0,80.70563264466448D0,-59.86155593308436D0,    0000909P   2416
26.56897206457524D0,106.070025721967D0,0.0D0,                    0000909P   2417
25.39999999999999D0,0.9990169314968356D0,0.0D0,                  0000909P   2418
0.04433024455884483D0;                                           0000909P   2419
126,1,1,1,0,1,0,0.0D0,0.0D0,25.39999999999998D0,                 0000911P   2420
25.39999999999998D0,1.0D0,1.0D0,-4.027849218693348D0,            0000911P   2421
31.66125712072171D0,247.1291814687188D0,-8.43696413967352D0,     0000911P   2422
33.40176319386325D0,272.082945598063D0,0.0D0,                    0000911P   2423
25.39999999999998D0,0.9847463267880034D0,0.0D0,                  0000911P   2424
0.1739961835142787D0;                                            0000911P   2425
126,1,1,1,0,1,0,0.0D0,0.0D0,25.39999999999998D0,                 0000913P   2426
25.39999999999998D0,1.0D0,1.0D0,32.70849598363833D0,             0000913P   2427
2.92215536658766D0,218.6941593369529D0,42.88067452146305D0,      0000913P   2428
-11.68701715088788D0,236.8120748392741D0,0.0D0,                  0000913P   2429
25.39999999999998D0,0.0D0,0.7784560711404346D0,                  0000913P   2430
0.6276990881820675D0;                                            0000913P   2431
126,1,1,1,0,1,0,0.0D0,0.0D0,25.40000000000002D0,                 0000915P   2432
25.40000000000002D0,1.0D0,1.0D0,3.983318501021771D0,             0000915P   2433
4.455989135830819D0,250.4800233722044D0,4.633918969378398D0,     0000915P   2434
1.919580694061338D0,275.744689434654D0,0.0D0,                    0000915P   2435
25.40000000000002D0,0.0D0,0.9949983484256819D0,                  0000915P   2436
0.09989137415295371D0;                                           0000915P   2437
126,1,1,1,0,1,0,0.0D0,0.0D0,25.4D0,25.4D0,1.0D0,1.0D0,           0000917P   2438
-15.8416951512599D0,-62.88180847002715D0,162.2018506666538D0,    0000917P   2439
-21.93593019333021D0,-41.86842954191334D0,175.1037189528946D0,   0000917P   2440
0.0D0,25.4D0,0.0D0,-0.5232311176921449D0,0.8521908222215426D0;   0000917P   2441
126,1,1,1,0,1,0,0.0D0,0.0D0,25.39999999999999D0,                 0000919P   2442
25.39999999999999D0,1.0D0,1.0D0,-52.28637937492685D0,            0000919P   2443
-41.11753371675574D0,99.68150132069874D0,-50.71177209365101D0,   0000919P   2444
-42.50561568457702D0,124.9946172956308D0,0.0D0,                  0000919P   2445
25.39999999999999D0,0.9980708537427352D0,0.0D0,                  0000919P   2446
-0.0620851907402019D0;                                           0000919P   2447
126,1,1,1,0,1,0,0.0D0,0.0D0,25.4D0,25.4D0,1.0D0,1.0D0,           0000921P   2448
37.47002195493359D0,29.11323076735232D0,121.1126677231177D0,     0000921P   2449
55.30576058866215D0,36.96462372445417D0,104.8215027548752D0,     0000921P   2450
0.0D0,25.4D0,0.6744129410782894D0,0.0D0,0.7383543762355118D0;    0000921P   2451
126,1,1,1,0,1,0,0.0D0,0.0D0,25.4D0,25.4D0,1.0D0,1.0D0,           0000923P   2452
-52.47718230723675D0,-36.40013866027745D0,186.9443549952475D0,   0000923P   2453
-29.244818461042D0,-37.57350983381979D0,197.1443780445902D0,     0000923P   2454
0.0D0,25.4D0,-0.4020048877825923D0,0.0D0,0.9156375211834132D0;   0000923P   2455
126,1,1,1,0,1,0,0.0D0,0.0D0,25.39999999999998D0,                 0000925P   2456
25.39999999999998D0,1.0D0,1.0D0,29.13858472905759D0,             0000925P   2457
-59.1371067996548D0,201.1315182549316D0,39.47087288233258D0,     0000925P   2458
-48.12678909626582D0,180.7066137119936D0,0.0D0,                  0000925P   2459
25.39999999999998D0,0.0D0,-0.8802498679901094D0,                 0000925P   2460
-0.4745104528916036D0;                                           0000925P   2461
126,1,1,1,0,1,0,0.0D0,0.0D0,25.4D0,25.4D0,1.0D0,1.0D0,           0000927P   2462
37.80477909521843D0,12.64812147385141D0,72.93421215566036D0,     0000927P   2463
44.18367064034317D0,8.153177996998519D0,97.10579104069461D0,     0000927P   2464
0.0D0,25.4D0,0.9668975906103795D0,0.0D0,-0.2551647492735681D0;   0000927P   2465
126,1,1,1,0,1,0,0.0D0,0.0D0,25.4D0,25.4D0,1.0D0,1.0D0,           0000929P   2466
-64.6157471308434D0,-31.60346604360014D0,50.80910153804218D0,    0000929P   2467
-42.84137258802915D0,-31.9676552735346D0,37.73607665953598D0,    0000929P   2468
0.0D0,25.4D0,0.5147389322923606D0,0.0D0,0.8573469726910575D0;    0000929P   2469
126,1,1,1,0,1,0,0.0D0,0.0D0,25.40000000000001D0,                 0000931P   2470
25.40000000000001D0,1.0D0,1.0D0,-25.74702248822075D0,            0000931P   2471
22.21360529880154D0,65.20254583738206D0,-35.49630322172353D0,    0000931P   2472
42.16809257496109D0,77.52853312947911D0,0.0D0,                   0000931P   2473
25.40000000000001D0,0.0D0,-0.5255285852758549D0,                 0000931P   2474
0.8507759435115444D0;                                            0000931P   2475
126,1,1,1,0,1,0,0.0D0,0.0D0,25.4D0,25.4D0,1.0D0,1.0D0,           0000933P   2476
-22.51796052515514D0,67.36633763624974D0,144.6906828988468D0,    0000933P   2477
-7.504510211731493D0,63.78885618488395D0,164.8638813599608D0,    0000933P   2478
0.0D0,25.4D0,0.8022172700013964D0,0.0D0,-0.5970322032449393D0;   0000933P   2479
126,1,1,1,0,1,0,0.0D0,0.0D0,25.4D0,25.4D0,1.0D0,1.0D0,           0000935P   2480
-44.21179968884012D0,-27.15853675240073D0,137.6440449377719D0,   0000935P   2481
-19.00367943233803D0,-24.6215878624434D0,139.4536204303872D0,    0000935P   2482
0.0D0,25.4D0,-0.1001343208845978D0,0.9949739281915784D0,0.0D0;   0000935P   2483
126,1,1,1,0,1,0,0.0D0,0.0D0,25.40000000000001D0,                 0000937P   2484
25.40000000000001D0,1.0D0,1.0D0,-66.49895272332874D0,            0000937P   2485
-3.627236454160084D0,35.61583613826694D0,-51.68639173997183D0,   0000937P   2486
-1.998955469060668D0,15.04652068665561D0,0.0D0,                  0000937P   2487
25.40000000000001D0,-0.8114846924941352D0,0.0D0,                 0000937P   2488
-0.5843736765526821D0;                                           0000937P   2489
126,1,1,1,0,1,0,0.0D0,0.0D0,25.4D0,25.4D0,1.0D0,1.0D0,           0000939P   2490
-63.91413463405954D0,5.759167543691092D0,257.150240219312D0,     0000939P   2491
-53.43142764858538D0,28.39481688942061D0,252.3648214336814D0,    0000939P   2492
0.0D0,25.4D0,0.9074173870228522D0,-0.4202305149898314D0,0.0D0;   0000939P   2493
126,1,1,1,0,1,0,0.0D0,0.0D0,25.40000000000002D0,                 0000941P   2494
25.40000000000002D0,1.0D0,1.0D0,-17.8587159926208D0,             0000941P   2495
-12.40854542986533D0,234.5958729365942D0,3.398331442833296D0,    0000941P   2496
1.284115177102592D0,232.1856904063188D0,0.0D0,                   0000941P   2497
25.40000000000002D0,-0.5415245653034567D0,0.8406849262196285D0,  0000941P   2498
0.0D0;                                                           0000941P   2499
126,1,1,1,0,1,0,0.0D0,0.0D0,25.39999999999997D0,                 0000943P   2500
25.39999999999997D0,1.0D0,1.0D0,33.73263003749185D0,             0000943P   2501
19.54882314651549D0,235.5673361118438D0,28.7969471900641D0,      0000943P   2502
26.94355521896226D0,259.3605488500667D0,0.0D0,                   0000943P   2503
25.39999999999997D0,0.0D0,0.9549432673962155D0,                  0000943P   2504
-0.2967884028304338D0;                                           0000943P   2505
126,1,1,1,0,1,0,0.0D0,0.0D0,25.39999999999999D0,                 0000945P   2506
25.39999999999999D0,1.0D0,1.0D0,41.82412808022362D0,             0000945P   2507
-37.61112475130153D0,119.8842294816124D0,46.22527067266015D0,    0000945P   2508
-15.81115537188677D0,107.6142955397519D0,0.0D0,                  0000945P   2509
25.39999999999999D0,0.0D0,0.4904874894820584D0,                  0000945P   2510
0.8714482329212606D0;                                            0000945P   2511
126,1,1,1,0,1,0,0.0D0,0.0D0,25.40000000000001D0,                 0000947P   2512
25.40000000000001D0,1.0D0,1.0D0,-20.98281480800308D0,            0000947P   2513
-42.81957669001773D0,45.96768667567576D0,0.3760369581133602D0,   0000947P   2514
-31.34613347615613D0,53.53865438471787D0,0.0D0,                  0000947P   2515
25.40000000000001D0,-0.47322103134822D0,0.8809437300359924D0,    0000947P   2516
0.0D0;                                                           0000947P   2517
126,1,1,1,0,1,0,0.0D0,0.0D0,25.4D0,25.4D0,1.0D0,1.0D0,           0000949P   2518
8.840381643713169D0,5.212608351110067D0,49.26126305268662D0,     0000949P   2519
19.33867654587407D0,5.808449705868965D0,72.38248225123282D0,     0000949P   2520
0.0D0,25.4D0,0.9105347852713339D0,0.0D0,-0.4134324670498026D0;   0000949P   2521
126,1,1,1,0,1,0,0.0D0,0.0D0,25.4D0,25.4D0,1.0D0,1.0D0,           0000951P   2522
14.39314820115379D0,39.7024766794713D0,10.56756766521121D0,      0000951P   2523
14.00468562412049D0,40.8158400451077D0,35.94018122476206D0,      0000951P   2524
0.0D0,25.4D0,0.0D0,0.9990386382781239D0,-0.04383833057258858D0;  0000951P   2525
126,1,1,1,0,1,0,0.0D0,0.0D0,25.40000000000002D0,                 0000953P   2526
25.40000000000002D0,1.0D0,1.0D0,-58.83326836102464D0,            0000953P   2527
-31.18647077143973D0,227.7369025792819D0,-35.99088898912444D0,   0000953P   2528
-21.68338968529045D0,221.9856284160846D0,0.0D0,                  0000953P   2529
25.40000000000002D0,-0.3841132876336739D0,0.9232859699265719D0,  0000953P   2530
0.0D0;                                                           0000953P   2531
126,1,1,1,0,1,0,0.0D0,0.0D0,25.4D0,25.4D0,1.0D0,1.0D0,           0000955P   2532
4.776310931746806D0,-41.61230082431996D0,99.77307728538474D0,    0000955P   2533
16.63765564920568D0,-51.58468380910946D0,119.8981879459076D0,    0000955P   2534
0.0D0,25.4D0,0.8615027998355633D0,0.0D0,-0.5077528196627619D0;   0000955P   2535
126,1,1,1,0,1,0,0.0D0,0.0D0,25.4D0,25.4D0,1.0D0,1.0D0,           0000957P   2536
38.43293419630871D0,16.26073785087772D0,131.1822462085381D0,     0000957P   2537
38.91274430608038D0,28.66070757421986D0,153.3446137065912D0,     0000957P   2538
0.0D0,25.4D0,0.0D0,0.8726898719066251D0,-0.4882749097297531D0;   0000957P   2539
126,1,1,1,0,1,0,0.0D0,0.0D0,25.40000000000002D0,                 0000959P   2540
25.40000000000002D0,1.0D0,1.0D0,-26.25961171167788D0,            0000959P   2541
63.50653208154533D0,229.9583632047189D0,-6.121750235894638D0,    0000959P   2542
48.03772390598353D0,229.3731206824783D0,0.0D0,                   0000959P   2543
25.40000000000002D0,0.6091699183781059D0,0.7930397282250187D0,   0000959P   2544
0.0D0;                                                           0000959P   2545
126,1,1,1,0,1,0,0.0D0,0.0D0,25.40000000000001D0,                 0000961P   2546
25.40000000000001D0,1.0D0,1.0D0,4.643584055438769D0,             0000961P   2547
-14.66700323422159D0,7.775611234054695D0,27.82968643834115D0,    0000961P   2548
-10.35139447281343D0,17.2064212368077D0,0.0D0,                   0000961P   2549
25.40000000000001D0,-0.3767698536123111D0,0.0D0,                 0000961P   2550
0.9263069023865457D0;                                            0000961P   2551
126,1,1,1,0,1,0,0.0D0,0.0D0,25.39999999999999D0,                 0000963P   2552
25.39999999999999D0,1.0D0,1.0D0,40.96579662258189D0,             0000963P   2553
-59.37967826458468D0,143.6025536437221D0,32.49327901246531D0,    0000963P   2554
-42.48359732104775D0,160.5701372694395D0,0.0D0,                  0000963P   2555
25.39999999999999D0,0.0D0,0.7085982482541466D0,                  0000963P   2556
-0.7056121615811017D0;                                           0000963P   2557
126,1,1,1,0,1,0,0.0D0,0.0D0,25.39999999999999D0,                 0000965P   2558
25.39999999999999D0,1.0D0,1.0D0,27.89843634558429D0,             0000965P   2559
-11.41681932639528D0,191.3180224933793D0,30.64707757515572D0,    0000965P   2560
12.88538862349134D0,198.1742357449904D0,0.0D0,                   0000965P   2561
25.39999999999999D0,0.0D0,-0.2715241544082728D0,                 0000965P   2562
0.9624316254014477D0;                                            0000965P   2563
126,1,1,1,0,1,0,0.0D0,0.0D0,25.40000000000002D0,                 0000967P   2564
25.40000000000002D0,1.0D0,1.0D0,-6.420681831307904D0,            0000967P   2565
-70.7674727478901D0,191.0814383457819D0,-7.207816430313539D0,    0000967P   2566
-69.9812305878704D0,216.4570613408703D0,0.0D0,                   0000967P   2567
25.40000000000002D0,0.9995192477641979D0,0.0D0,                  0000967P   2568
0.03100440853962751D0;                                           0000967P   2569
126,1,1,1,0,1,0,0.0D0,0.0D0,25.40000000000001D0,                 0000969P   2570
25.40000000000001D0,1.0D0,1.0D0,14.09514535501764D0,             0000969P   2571
50.76880997477321D0,119.2611326886031D0,5.807084778239343D0,     0000969P   2572
66.49985141960155D0,137.3995556337421D0,0.0D0,                   0000969P   2573
25.40000000000001D0,0.0D0,0.7554607450960832D0,                  0000969P   2574
-0.6551939122266559D0;                                           0000969P   2575
126,1,1,1,0,1,0,0.0D0,0.0D0,25.39999999999999D0,                 0000971P   2576
25.39999999999999D0,1.0D0,1.0D0,-25.76448700059061D0,            0000971P   2577
-0.5750332892302481D0,131.0023031796515D0,-24.32145814747039D0,  0000971P   2578
24.190888395204D0,136.4545312425201D0,0.0D0,25.39999999999999D0, 0000971P   2579
0.0D0,-0.2150019009473971D0,0.9766136301470535D0;                0000971P   2580
126,1,1,1,0,1,0,0.0D0,0.0D0,25.39999999999998D0,                 0000973P   2581
25.39999999999998D0,1.0D0,1.0D0,-24.68411165471346D0,            0000973P   2582
-45.87701227418732D0,245.1552689928331D0,-12.79709201472706D0,   0000973P   2583
-46.79108223167971D0,267.5834485933131D0,0.0D0,                  0000973P   2584
25.39999999999998D0,0.8835715233367316D0,0.0D0,                  0000973P   2585
-0.468296234394862D0;                                            0000973P   2586
126,1,1,1,0,1,0,0.0D0,0.0D0,25.40000000000001D0,                 0000975P   2587
25.40000000000001D0,1.0D0,1.0D0,-45.31066790051652D0,            0000975P   2588
-17.74223417775044D0,109.0288524756217D0,-46.99636285472164D0,   0000975P   2589
-3.800848077906888D0,87.86387701765204D0,0.0D0,                  0000975P   2590
25.40000000000001D0,0.0D0,-0.835107870412572D0,                  0000975P   2591
-0.5500862157652915D0;                                           0000975P   2592
126,1,1,1,0,1,0,0.0D0,0.0D0,25.39999999999998D0,                 0000977P   2593
25.39999999999998D0,1.0D0,1.0D0,42.7481710125267D0,              0000977P   2594
0.3670682505827507D0,61.81779474178771D0,56.15231498032428D0,    0000977P   2595
-17.39674458878863D0,49.57296408153196D0,0.0D0,                  0000977P   2596
25.39999999999998D0,-0.79824332091086D0,-0.6023351231840974D0,   0000977P   2597
0.0D0;                                                           0000977P   2598
126,1,1,1,0,1,0,0.0D0,0.0D0,25.4D0,25.4D0,1.0D0,1.0D0,           0000979P   2599
-38.1480630108062D0,1.272616850487299D0,189.6366567577491D0,     0000979P   2600
-15.80758610990634D0,4.830585689988204D0,201.1867195098514D0,    0000979P   2601
0.0D0,25.4D0,-0.4592548848702645D0,0.0D0,0.8883045371508582D0;   0000979P   2602
126,1,1,1,0,1,0,0.0D0,0.0D0,25.39999999999999D0,                 0000981P   2603
25.39999999999999D0,1.0D0,1.0D0,31.00889442095347D0,             0000981P   2604
45.62977027980389D0,203.936224874337D0,46.99057867584916D0,      0000981P   2605
56.80099828846548D0,220.2134922480491D0,0.0D0,                   0000981P   2606
25.39999999999999D0,0.7135559231617458D0,0.0D0,                  0000981P   2607
-0.7005982761331837D0;                                           0000981P   2608
126,1,1,1,0,1,0,0.0D0,0.0D0,25.4D0,25.4D0,1.0D0,1.0D0,           0000983P   2609
-57.8441019032822D0,39.65759973926384D0,5.005312683370697D0,     0000983P   2610
-56.71742059943141D0,14.85072762961973D0,10.34475885084108D0,    0000983P   2611
0.0D0,25.4D0,0.0D0,-0.2104215296844011D0,-0.9776107506800839D0;  0000983P   2612
126,1,1,1,0,1,0,0.0D0,0.0D0,25.4D0,25.4D0,1.0D0,1.0D0,           0000985P   2613
-5.623589393555129D0,64.01322400007258D0,62.22206984377554D0,    0000985P   2614
9.182099355051484D0,61.38910352228457D0,82.69316098219406D0,     0000985P   2615
0.0D0,25.4D0,0.8102842879564058D0,0.0D0,-0.5860370062470294D0;   0000985P   2616
126,1,1,1,0,1,0,0.0D0,0.0D0,25.39999999999996D0,                 0000987P   2617
25.39999999999996D0,1.0D0,1.0D0,20.39161110213186D0,             0000987P   2618
-14.77793393883455D0,267.2907721865585D0,45.41082871966012D0,    0000987P   2619
-11.65163958983408D0,270.3607939210368D0,0.0D0,                  0000987P   2620
25.39999999999996D0,-0.1239914720541719D0,0.9922832835727102D0,  0000987P   2621
0.0D0;                                                           0000987P   2622
126,1,1,1,0,1,0,0.0D0,0.0D0,25.39999999999993D0,                 0000989P   2623
25.39999999999993D0,1.0D0,1.0D0,-24.89632690319897D0,            0000989P   2624
1.784379783939386D0,264.067548219664D0,-31.5551529110266D0,      0000989P   2625
4.302236786230935D0,288.4495176297319D0,0.0D0,                   0000989P   2626
25.39999999999993D0,0.9646713826202602D0,0.0D0,                  0000989P   2627
0.2634561131450842D0;                                            0000989P   2628
126,1,1,1,0,1,0,0.0D0,0.0D0,25.4D0,25.4D0,1.0D0,1.0D0,           0000991P   2629
-25.56324656322579D0,-11.91127027806242D0,27.1684688860192D0,    0000991P   2630
-26.43451374847358D0,1.995580731486783D0,48.40523861425496D0,    0000991P   2631
0.0D0,25.4D0,0.0D0,0.8365856118574063D0,-0.5478362109546696D0;   0000991P   2632
126,1,1,1,0,1,0,0.0D0,0.0D0,25.40000000000001D0,                 0000993P   2633
25.40000000000001D0,1.0D0,1.0D0,-5.369586447997747D0,            0000993P   2634
-12.75515841853418D0,163.7422105905394D0,11.94537954878687D0,    0000993P   2635
-23.88494878783287D0,148.8600158980332D0,0.0D0,                  0000993P   2636
25.40000000000001D0,0.6518208005335366D0,0.0D0,                  0000993P   2637
0.758373024303884D0;                                             0000993P   2638
126,1,1,1,0,1,0,0.0D0,0.0D0,25.39999999999999D0,                 0000995P   2639
25.39999999999999D0,1.0D0,1.0D0,8.828301976691915D0,             0000995P   2640
1.310818714D0,86.55545922266494D0,1.523932174686472D0,           0000995P   2641
14.66613403156843D0,106.8887259194816D0,0.0D0,                   0000995P   2642
25.39999999999999D0,0.0D0,0.8358289479587634D0,                  0000995P   2643
-0.5489899541468374D0;                                           0000995P   2644
126,1,1,1,0,1,0,0.0D0,0.0D0,25.40000000000002D0,                 0000997P   2645
25.40000000000002D0,1.0D0,1.0D0,-4.727197760091897D0,            0000997P   2646
47.88086206316063D0,190.6383507693375D0,0.4063083028135424D0,    0000997P   2647
38.88286506011275D0,167.4469048153817D0,0.0D0,                   0000997P   2648
25.40000000000002D0,0.0D0,-0.9322881791898506D0,                 0000997P   2649
0.3617163957341069D0;                                            0000997P   2650
126,1,1,1,0,1,0,0.0D0,0.0D0,25.4D0,25.4D0,1.0D0,1.0D0,           0000999P   2651
18.22468708732583D0,-43.32595776142274D0,209.1635025535062D0,    0000999P   2652
20.89733112564917D0,-35.75402367975838D0,233.2608631580899D0,    0000999P   2653
0.0D0,25.4D0,0.0D0,0.9540109516675838D0,-0.2997717533362866D0;   0000999P   2654
126,1,1,1,0,1,0,0.0D0,0.0D0,25.39999999999999D0,                 0001001P   2655
25.39999999999999D0,1.0D0,1.0D0,40.48425308271277D0,             0001001P   2656
-58.53798352951663D0,75.36772504148016D0,22.54693788309206D0,    0001001P   2657
-50.17539139007361D0,59.44667683042379D0,0.0D0,                  0001001P   2658
25.39999999999999D0,0.6638225574901397D0,0.0D0,                  0001001P   2659
-0.7478901070125541D0;                                           0001001P   2660
126,1,1,1,0,1,0,0.0D0,0.0D0,25.39999999999999D0,                 0001003P   2661
25.39999999999999D0,1.0D0,1.0D0,-43.79350138777008D0,            0001003P   2662
-51.89479617594438D0,131.0484372386524D0,-31.6059233651021D0,    0001003P   2663
-64.88201066974705D0,149.1579706846951D0,0.0D0,                  0001003P   2664
25.39999999999999D0,0.0D0,0.8126319112216531D0,                  0001003P   2665
0.5827772961125399D0;                                            0001003P   2666
S0000001G0000012D0001004P0002666                                        T      1
